document_id,filename,tahun_terbit,rentang_tahun,layer_1_primary,layer_2_primary,layer_1_all,layer_2_all,jumlah_label,indikator_outlier,content_snippet
23,akn_id_act_uu_1945_1.json,1945,1945 - 1949,Domain Hak,Barat Lembaran,"Domain Hak, Domain Negara, Domain Barat","Barat Lembaran, Paling Adalah, Uang Peraturan, Pegawai Adalah, Desa Kota, Pengadilan Surat, Tingkat Kecamatan, Daerah Papua, Daerah Perkataan, Hak Ciptaan",13,No,DOKUMEN HUKUM: Undang-Undang Nomor 1 Tahun 1945 tentang Peraturan Mengenai Kedudukan Komite Nasional Daerah  Pasal 1: Komite Nasional Daerah diadakan-...
24,akn_id_act_uu_1946_1.json,1946,1945 - 1949,Domain Hak,Desa Kota,"Domain Hak, Domain Barat","Desa Kota, Pengadilan Surat, Daerah Perkataan, Daerah Papua",6,No,DOKUMEN HUKUM: Undang-Undang Nomor 1 Tahun 1946 tentang Peraturan Hukum Pidana  Pasal 1: Dengan menyimpang seperlunya dari Peraturan Presiden Republik...
25,akn_id_act_uu_1946_10.json,1946,1945 - 1949,Domain Barat,Negara Republik,"Domain Barat, Domain Tambahan, Domain Pajak, Domain Hak, Domain Negara","Negara Republik, Pegawai Adalah, Pengadilan Surat, Laporan Huruf, Paling Adalah, Barat Lembaran, Adalah Dana, Tambahan Ketentuan, Tingkat Kecamatan, Peraturan Berlaku, Pemerintah Government, Daerah Papua, Hak Ciptaan, Desa Kota, Wilayah Agama, Daerah Perkataan, Uang Peraturan, Pajak Pasal",23,No,DOKUMEN HUKUM: Undang-Undang Nomor 10 Tahun 1946 tentang Pembawaan Uang dari Satu ke Lain Daerah  Pasal 1: Barang siapa bepergian dari daerah-daerah y...
26,akn_id_act_uu_1946_11.json,1946,1945 - 1949,Domain Barat,Negara Republik,"Domain Barat, Domain Tambahan, Domain Pajak, Domain Hak, Domain Negara","Negara Republik, Pegawai Adalah, Pengadilan Surat, Paling Adalah, Barat Lembaran, Tambahan Ketentuan, Tingkat Kecamatan, Peraturan Berlaku, Pemerintah Government, Hak Ciptaan, Lampiran Pelabuhan, Desa Kota, Wilayah Agama, Daerah Perkataan, Perhitungan Ketentuan, Uang Peraturan, Pajak Pasal",22,No,DOKUMEN HUKUM: Undang-Undang Nomor 11 Tahun 1946 tentang Peraturan Tentang Mengadakan Perubahan dalam Peraturan Bea Meterai Quotzegelverordeningquot 1...
27,akn_id_act_uu_1946_12.json,1946,1945 - 1949,Domain Hak,Paling Adalah,"Domain Hak, Domain Negara, Domain Barat","Paling Adalah, Pegawai Adalah, Desa Kota, Pengadilan Surat, Tingkat Kecamatan, Daerah Papua, Daerah Perkataan, Hak Ciptaan",11,No,DOKUMEN HUKUM: Undang-Undang Nomor 12 Tahun 1946 tentang Pembaharuan Susunan Komite Nasional Pusat  Pasal 1: 1. Jumlah anggauta Komite Nasional Pusat ...
28,akn_id_act_uu_1946_13.json,1946,1945 - 1949,Domain Pajak,Barat Lembaran,"Domain Pajak, Domain Hak, Domain Negara, Domain Barat","Barat Lembaran, Desa Kota, Tingkat Kecamatan, Peraturan Berlaku, Daerah Perkataan",9,No,"DOKUMEN HUKUM: Undang-Undang Nomor 13 Tahun 1946 tentang Penghapusan Desa-desa Perdikan  Pasal 1: Yang dianggap sebagai desa perdikan, ialah semua des..."
29,akn_id_act_uu_1946_14.json,1946,1945 - 1949,Domain Tambahan,Perhitungan Ketentuan,"Domain Tambahan, Domain Pajak, Domain Hak, Domain Negara, Domain Barat","Perhitungan Ketentuan, Barat Lembaran, Negara Republik, Lampiran Pelabuhan, Pajak Pasal, Uang Peraturan, Tambahan Ketentuan, Desa Kota, Tingkat Kecamatan, Wilayah Agama, Peraturan Berlaku, Daerah Perkataan",17,No,DOKUMEN HUKUM: Undang-Undang Nomor 14 Tahun 1946 tentang Pemilihan Kepala Desa  Pasal 2: Undang-undang ini mulai berlaku pada hari diumumkannya. Perat...
30,akn_id_act_uu_1946_15.json,1946,1945 - 1949,Domain Tambahan,Perhitungan Ketentuan,"Domain Tambahan, Domain Pajak, Domain Hak, Domain Negara","Perhitungan Ketentuan, Uang Peraturan, Tambahan Ketentuan, Laporan Huruf, Pajak Pasal, Peraturan Berlaku, Daerah Perkataan",11,No,DOKUMEN HUKUM: Undang-Undang Nomor 15 Tahun 1946 tentang Tambahan Pokok Pajak Bumi 1946 1947  Pasal 1: Dari ketetapan pajak-bumi Jawa dan Madura (Stbl...
31,akn_id_act_uu_1946_16.json,1946,1945 - 1949,Domain Tambahan,Negara Republik,"Domain Tambahan, Domain Hak, Domain Negara, Domain Barat","Negara Republik, Lampiran Pelabuhan, Uang Peraturan, Pegawai Adalah, Tambahan Ketentuan, Pemerintah Government, Daerah Papua",11,No,DOKUMEN HUKUM: Undang-Undang Nomor 16 Tahun 1946 tentang Pernyataan Keadaan Bahaya di Seluruh Indonesia
32,akn_id_act_uu_1946_17.json,1946,1945 - 1949,Domain Tambahan,Perhitungan Ketentuan,"Domain Tambahan, Domain Pajak, Domain Hak, Domain Negara, Domain Barat","Perhitungan Ketentuan, Negara Republik, Lampiran Pelabuhan, Pajak Pasal, Pegawai Adalah, Uang Peraturan, Adalah Dana, Tambahan Ketentuan, Laporan Huruf, Peraturan Berlaku, Pemerintah Government, Daerah Perkataan, Daerah Papua",18,No,DOKUMEN HUKUM: Undang-Undang Nomor 17 Tahun 1946 tentang Pengeluaran Uang Republik Indonesia  Pasal 1: Pemerintah mengeluarkan Uang Republik Indonesia...
33,akn_id_act_uu_1946_19.json,1946,1945 - 1949,Domain Tambahan,Negara Republik,"Domain Tambahan, Domain Pajak, Domain Hak, Domain Negara, Domain Barat","Negara Republik, Lampiran Pelabuhan, Pajak Pasal, Pegawai Adalah, Uang Peraturan, Adalah Dana, Tambahan Ketentuan, Laporan Huruf, Pemerintah Government, Daerah Papua",15,No,DOKUMEN HUKUM: Undang-Undang Nomor 19 Tahun 1946 tentang Pengeluaran Uang Republik Indonesia  Pasal 1: Dengan tidak mengurangi peraturan yang akan dit...
34,akn_id_act_uu_1946_2.json,1946,1945 - 1949,Domain Tambahan,Perhitungan Ketentuan,"Domain Tambahan, Domain Pajak, Domain Hak, Domain Negara","Perhitungan Ketentuan, Barat Lembaran, Negara Republik, Lampiran Pelabuhan, Uang Peraturan, Tambahan Ketentuan, Wilayah Agama, Pajak Pasal, Peraturan Berlaku, Daerah Perkataan",14,No,DOKUMEN HUKUM: Undang-Undang Nomor 2 Tahun 1946 tentang Hal Peraturan Tentang Batas Waktu Pajak Kohir Dinyatakan Tidak Berlaku Lagi  Pasal 1: Peratura...
35,akn_id_act_uu_1946_20.json,1946,1945 - 1949,Domain Tambahan,Perhitungan Ketentuan,"Domain Tambahan, Domain Pajak, Domain Hak, Domain Negara, Domain Barat","Perhitungan Ketentuan, Negara Republik, Pajak Pasal, Pegawai Adalah, Uang Peraturan, Pengadilan Surat, Wilayah Agama, Peraturan Berlaku, Paling Adalah, Daerah Perkataan",15,No,DOKUMEN HUKUM: Undang-Undang Nomor 20 Tahun 1946 tentang Hukuman Tutupan  Pasal 1: Selain dari pada hukuman pokok tersebut dalam pasal 10 huruf a Kita...
36,akn_id_act_uu_1946_21.json,1946,1945 - 1949,Domain Barat,Negara Republik,"Domain Barat, Domain Tambahan, Domain Pajak, Domain Hak, Domain Negara","Negara Republik, Pegawai Adalah, Pengadilan Surat, Laporan Huruf, Paling Adalah, Adalah Dana, Tambahan Ketentuan, Peraturan Berlaku, Daerah Papua, Hak Ciptaan, Lampiran Pelabuhan, Desa Kota, Wilayah Agama, Daerah Perkataan, Perhitungan Ketentuan, Uang Peraturan, Pajak Pasal",22,No,DOKUMEN HUKUM: Undang-Undang Nomor 21 Tahun 1946 tentang Cukai Tembakau  Pasal 1: Dengan berlakunya Undang-undang ini Osamu Seirei No. 3 tahun 1943 da...
37,akn_id_act_uu_1946_22.json,1946,1945 - 1949,Domain Tambahan,Perhitungan Ketentuan,"Domain Tambahan, Domain Pajak, Domain Hak, Domain Negara, Domain Barat","Perhitungan Ketentuan, Negara Republik, Pajak Pasal, Pegawai Adalah, Uang Peraturan, Tambahan Ketentuan, Pengadilan Surat, Wilayah Agama, Peraturan Berlaku, Pemerintah Government, Daerah Perkataan, Hak Ciptaan",17,No,"DOKUMEN HUKUM: Undang-Undang Nomor 22 Tahun 1946 tentang Pencatatan Nikah, Talak dan Rujuk  Pasal 4: Hal-hal yang boleh dihukum pada pasal 3 dipandang..."
38,akn_id_act_uu_1946_23.json,1946,1945 - 1949,Domain Tambahan,Perhitungan Ketentuan,"Domain Tambahan, Domain Pajak, Domain Hak, Domain Negara, Domain Barat","Perhitungan Ketentuan, Negara Republik, Lampiran Pelabuhan, Pajak Pasal, Uang Peraturan, Tambahan Ketentuan, Wilayah Agama, Peraturan Berlaku, Pemerintah Government, Daerah Perkataan",15,No,DOKUMEN HUKUM: Undang-Undang Nomor 23 Tahun 1946 tentang Pengesahan Peraturan Pemerintah Pengganti Undang Undang No. 9 Tahun 1946  Pasal 1: Peraturan ...
39,akn_id_act_uu_1946_24.json,1946,1945 - 1949,Domain Tambahan,Perhitungan Ketentuan,"Domain Tambahan, Domain Pajak, Domain Hak, Domain Negara, Domain Barat","Perhitungan Ketentuan, Negara Republik, Lampiran Pelabuhan, Pajak Pasal, Pegawai Adalah, Uang Peraturan, Tambahan Ketentuan, Wilayah Agama, Peraturan Berlaku, Pemerintah Government, Daerah Perkataan",16,No,DOKUMEN HUKUM: Undang-Undang Nomor 24 Tahun 1946 tentang Pengesahan Peraturan Pemerintah Pengganti Undang Undang Tahun 1946 No. 10  Pasal 1: Peraturan...
40,akn_id_act_uu_1946_3.json,1946,1945 - 1949,Domain Hak,Barat Lembaran,"Domain Hak, Domain Negara, Domain Barat","Barat Lembaran, Negara Republik, Uang Peraturan, Pegawai Adalah, Pengadilan Surat, Paling Adalah, Daerah Papua",10,No,DOKUMEN HUKUM: Undang-Undang Nomor 3 Tahun 1946 tentang Peraturan Tentang Warga Negara dan Penduduk Negara  Pasal 1: Warga Negara Indonesia ialah : a....
41,akn_id_act_uu_1946_4.json,1946,1945 - 1949,Domain Tambahan,Negara Republik,"Domain Tambahan, Domain Pajak, Domain Hak, Domain Negara, Domain Barat","Negara Republik, Lampiran Pelabuhan, Uang Peraturan, Pegawai Adalah, Adalah Dana, Tambahan Ketentuan, Laporan Huruf, Pemerintah Government, Daerah Papua",14,No,DOKUMEN HUKUM: Undang-Undang Nomor 4 Tahun 1946 tentang Pinjaman Dalam-negeri Atas Tanggungan Negara untuk Usaha Pembangunan Negara  Pasal 2: Rupiah d...
42,akn_id_act_uu_1946_5.json,1946,1945 - 1949,Domain Barat,Negara Republik,"Domain Barat, Domain Tambahan, Domain Pajak, Domain Hak, Domain Negara","Negara Republik, Pegawai Adalah, Pengadilan Surat, Laporan Huruf, Paling Adalah, Barat Lembaran, Adalah Dana, Tambahan Ketentuan, Peraturan Berlaku, Lampiran Pelabuhan, Wilayah Agama, Daerah Perkataan, Perhitungan Ketentuan, Uang Peraturan, Pajak Pasal",20,No,DOKUMEN HUKUM: Undang-Undang Nomor 5 Tahun 1946 tentang Peraturan Tentang Penetapan Tarip Pajak Pendapatan Tahun 1946/1947 dan Tambahan Pajak  Pasal 2...
43,akn_id_act_uu_1946_6.json,1946,1945 - 1949,Domain Hak,Pegawai Adalah,"Domain Hak, Domain Barat","Pegawai Adalah, Desa Kota, Pengadilan Surat, Daerah Papua, Daerah Perkataan, Hak Ciptaan",8,No,DOKUMEN HUKUM: Undang-Undang Nomor 6 Tahun 1946 tentang Keadaan Bahaya  Pasal 6: Selama perhubungan terputus Dewan Pertahanan Daerah termaksud dalam p...
44,akn_id_act_uu_1946_7.json,1946,1945 - 1949,Domain Hak,Pegawai Adalah,"Domain Hak, Domain Negara, Domain Barat","Pegawai Adalah, Desa Kota, Pengadilan Surat, Wilayah Agama, Paling Adalah, Daerah Perkataan, Hak Ciptaan",10,No,DOKUMEN HUKUM: Undang-Undang Nomor 7 Tahun 1946 tentang Pengadilan Tentara  Pasal 1: Pengadilan Tentara terdiri atas : a. Mahkamah - Tentara Agung; b....
45,akn_id_act_uu_1946_8.json,1946,1945 - 1949,Domain Pajak,Paling Adalah,"Domain Pajak, Domain Hak, Domain Negara, Domain Barat","Paling Adalah, Pegawai Adalah, Desa Kota, Pengadilan Surat, Wilayah Agama, Peraturan Berlaku, Pemerintah Government, Daerah Papua, Daerah Perkataan, Hak Ciptaan",14,No,"DOKUMEN HUKUM: Undang-Undang Nomor 8 Tahun 1946 tentang Peraturan Hukum Acara Pidana Guna Pengadilan Tentara  Pasal 1: Guna pengadilan tentara, yang d..."
46,akn_id_act_uu_1946_9.json,1946,1945 - 1949,Domain Tambahan,Perhitungan Ketentuan,"Domain Tambahan, Domain Pajak, Domain Hak, Domain Negara","Perhitungan Ketentuan, Negara Republik, Uang Peraturan, Pajak Pasal, Peraturan Berlaku, Daerah Perkataan",10,No,"DOKUMEN HUKUM: Undang-Undang Nomor 9 Tahun 1946 tentang PINJAMAN NASIONAL  Pasal 1: Perkataan ""bunga"" dalam Undang-undang tentang Pinjaman Nasional 19..."
47,akn_id_act_uu_1947_1.json,1947,1945 - 1949,Domain Barat,Negara Republik,"Domain Barat, Domain Tambahan, Domain Pajak, Domain Hak, Domain Negara","Negara Republik, Pegawai Adalah, Pengadilan Surat, Paling Adalah, Barat Lembaran, Tambahan Ketentuan, Peraturan Berlaku, Pemerintah Government, Hak Ciptaan, Lampiran Pelabuhan, Wilayah Agama, Daerah Perkataan, Perhitungan Ketentuan, Uang Peraturan, Pajak Pasal",20,No,"DOKUMEN HUKUM: Undang-Undang Nomor 1 Tahun 1947 tentang Dewan Pertahanan Negara, Peraturan. Memperpanjang Waktu Berlakunya Peraturan Dewan Pertahanan ..."
48,akn_id_act_uu_1947_10.json,1947,1945 - 1949,Domain Barat,Negara Republik,"Domain Barat, Domain Tambahan, Domain Pajak, Domain Hak, Domain Negara","Negara Republik, Pegawai Adalah, Pengadilan Surat, Paling Adalah, Barat Lembaran, Tambahan Ketentuan, Peraturan Berlaku, Pemerintah Government, Hak Ciptaan, Lampiran Pelabuhan, Wilayah Agama, Daerah Perkataan, Perhitungan Ketentuan, Uang Peraturan, Pajak Pasal",20,No,DOKUMEN HUKUM: Undang-Undang Nomor 10 Tahun 1947 tentang Pencabutan Pasal 31 ke Ii No.8 dari Aturan Bea Meterai 1921 (stbl. 1921 No. 498)  Pasal 1: Pa...
49,akn_id_act_uu_1947_11.json,1947,1945 - 1949,Domain Barat,Negara Republik,"Domain Barat, Domain Tambahan, Domain Pajak, Domain Hak, Domain Negara","Negara Republik, Pegawai Adalah, Pengadilan Surat, Laporan Huruf, Paling Adalah, Barat Lembaran, Adalah Dana, Tambahan Ketentuan, Peraturan Berlaku, Hak Ciptaan, Lampiran Pelabuhan, Wilayah Agama, Daerah Perkataan, Perhitungan Ketentuan, Uang Peraturan, Pajak Pasal",21,No,"DOKUMEN HUKUM: Undang-Undang Nomor 11 Tahun 1947 tentang Mengubah Ordonansi Pajak Potong  1936, Stbl. 1936, No. 671  Pasal 1: Ordonansi pajak potong 1..."
50,akn_id_act_uu_1947_12.json,1947,1945 - 1949,Belum Diklasifikasi,Hak Ciptaan,,Hak Ciptaan,1,Yes,"DOKUMEN HUKUM: Undang-Undang Nomor 12 Tahun 1947 tentang Menetapkan ""pajak Radio"" Atas Semua Pesawat Penerimaan Radio  Pasal 1: Dari semua pesawat pen..."
51,akn_id_act_uu_1947_13.json,1947,1945 - 1949,Domain Barat,Negara Republik,"Domain Barat, Domain Tambahan, Domain Pajak, Domain Hak, Domain Negara","Negara Republik, Pegawai Adalah, Pengadilan Surat, Laporan Huruf, Paling Adalah, Barat Lembaran, Adalah Dana, Tambahan Ketentuan, Peraturan Berlaku, Lampiran Pelabuhan, Wilayah Agama, Daerah Perkataan, Perhitungan Ketentuan, Uang Peraturan, Pajak Pasal",20,No,"DOKUMEN HUKUM: Undang-Undang Nomor 13 Tahun 1947 tentang Penetapan Tarip Pajak Pendapatan, Pajak Upah dan Tambahan Pokok Pajak Tahun Pajak 1947/1948  ..."
52,akn_id_act_uu_1947_14.json,1947,1945 - 1949,Domain Tambahan,Perhitungan Ketentuan,"Domain Tambahan, Domain Pajak, Domain Hak, Domain Negara, Domain Barat","Perhitungan Ketentuan, Negara Republik, Lampiran Pelabuhan, Pajak Pasal, Uang Peraturan, Adalah Dana, Tambahan Ketentuan, Pengadilan Surat, Peraturan Berlaku, Daerah Perkataan, Hak Ciptaan",16,No,DOKUMEN HUKUM: Undang-Undang Nomor 14 Tahun 1947 tentang Pemungutan Pajak Pembangunan di Rumah Makan dan Rumah Penginapan  Pasal 1: Jika di dalam Unda...
53,akn_id_act_uu_1947_15.json,1947,1945 - 1949,Domain Tambahan,Perhitungan Ketentuan,"Domain Tambahan, Domain Pajak, Domain Hak, Domain Negara, Domain Barat","Perhitungan Ketentuan, Barat Lembaran, Negara Republik, Lampiran Pelabuhan, Pajak Pasal, Pegawai Adalah, Uang Peraturan, Tambahan Ketentuan, Wilayah Agama, Peraturan Berlaku, Pemerintah Government, Paling Adalah, Daerah Perkataan",18,No,DOKUMEN HUKUM: Undang-Undang Nomor 15 Tahun 1947 tentang Memperpanjang Waktu Berlakunya Peraturan Dewan Pertahanan Negara  Pasal 1: Peraturan-peratura...
54,akn_id_act_uu_1947_16.json,1947,1945 - 1949,Domain Hak,Barat Lembaran,"Domain Hak, Domain Negara, Domain Barat","Barat Lembaran, Paling Adalah, Uang Peraturan, Pegawai Adalah, Desa Kota, Pengadilan Surat, Tingkat Kecamatan, Wilayah Agama, Daerah Papua, Daerah Perkataan, Hak Ciptaan",14,No,DOKUMEN HUKUM: Undang-Undang Nomor 16 Tahun 1947 tentang Pembentukan Haminte-kota Surakarta  Pasal 2: Pemerintah Haminte-Kota terdiri dari : 1. Dewan ...
55,akn_id_act_uu_1947_17.json,1947,1945 - 1949,Domain Hak,Barat Lembaran,"Domain Hak, Domain Negara, Domain Barat","Barat Lembaran, Pegawai Adalah, Desa Kota, Pengadilan Surat, Tingkat Kecamatan, Daerah Papua, Daerah Perkataan, Hak Ciptaan",11,No,DOKUMEN HUKUM: Undang-Undang Nomor 17 Tahun 1947 tentang Pembentukan Haminte-kota Yogyakarta  Pasal 2: Pemerintahan Haminte-Kota terdiri dari : 1. Dew...
56,akn_id_act_uu_1947_18.json,1947,1945 - 1949,Domain Tambahan,Perhitungan Ketentuan,"Domain Tambahan, Domain Pajak, Domain Hak, Domain Negara","Perhitungan Ketentuan, Negara Republik, Lampiran Pelabuhan, Uang Peraturan, Tambahan Ketentuan, Pajak Pasal, Peraturan Berlaku, Daerah Perkataan",12,No,DOKUMEN HUKUM: Undang-Undang Nomor 18 Tahun 1947 tentang Peraturan Istimewa Pajak Pendapatan Terhadap Upah  Pasal 2: Undang-undang ini mulai berlaku p...
57,akn_id_act_uu_1947_19.json,1947,1945 - 1949,Domain Barat,Negara Republik,"Domain Barat, Domain Tambahan, Domain Pajak, Domain Hak, Domain Negara","Negara Republik, Pegawai Adalah, Pengadilan Surat, Laporan Huruf, Paling Adalah, Barat Lembaran, Adalah Dana, Tambahan Ketentuan, Tingkat Kecamatan, Peraturan Berlaku, Pemerintah Government, Daerah Papua, Hak Ciptaan, Lampiran Pelabuhan, Desa Kota, Wilayah Agama, Daerah Perkataan, Perhitungan Ketentuan, Uang Peraturan, Pajak Pasal",25,No,DOKUMEN HUKUM: Undang-Undang Nomor 19 Tahun 1947 tentang Pembawaan Uang dan larangan tentang Uang yang Tidak Berlaku Lagi  Pasal 1: Undang-undang No.1...
58,akn_id_act_uu_1947_2.json,1947,1945 - 1949,Domain Pajak,Peraturan Berlaku,"Domain Pajak, Domain Negara","Peraturan Berlaku, Pajak Pasal",4,No,"DOKUMEN HUKUM: Undang-Undang Nomor 2 Tahun 1947 tentang Dewan Pertahanan Negara, Peraturan. Pengesyahan Peraturan Dewan Pertahanan Negara No. 6, 10, 1..."
59,akn_id_act_uu_1947_20.json,1947,1945 - 1949,Domain Pajak,Paling Adalah,"Domain Pajak, Domain Hak, Domain Negara, Domain Barat","Paling Adalah, Uang Peraturan, Pegawai Adalah, Desa Kota, Pengadilan Surat, Wilayah Agama, Peraturan Berlaku, Daerah Papua, Daerah Perkataan, Hak Ciptaan",14,No,DOKUMEN HUKUM: Undang-Undang Nomor 20 Tahun 1947 tentang Peradilan Ulangan di Jawa dan Madura  Pasal 1: Dari segala pengadilan district dan pengadilan...
60,akn_id_act_uu_1947_21.json,1947,1945 - 1949,Domain Pajak,Pegawai Adalah,"Domain Pajak, Domain Hak, Domain Negara, Domain Barat","Pegawai Adalah, Pengadilan Surat, Peraturan Berlaku, Daerah Perkataan, Hak Ciptaan",9,No,DOKUMEN HUKUM: Undang-Undang Nomor 21 Tahun 1947 tentang Pemeriksaan Perkara Pidana Diluar Hadir Terdakwa Pada Pengadilan Negeri  Pasal 3: Apabila Hak...
61,akn_id_act_uu_1947_22.json,1947,1945 - 1949,Domain Tambahan,Perhitungan Ketentuan,"Domain Tambahan, Domain Pajak, Domain Hak, Domain Negara","Perhitungan Ketentuan, Negara Republik, Lampiran Pelabuhan, Wilayah Agama, Pajak Pasal, Peraturan Berlaku, Daerah Perkataan",11,No,DOKUMEN HUKUM: Undang-Undang Nomor 22 Tahun 1947 tentang Pemindahan Tempat Kedudukan Pengadilan dan Kejaksaan  Pasal 2: Undang-undang ini mulai berlak...
62,akn_id_act_uu_1947_23.json,1947,1945 - 1949,Domain Barat,Negara Republik,"Domain Barat, Domain Tambahan, Domain Pajak, Domain Hak, Domain Negara","Negara Republik, Pegawai Adalah, Pengadilan Surat, Paling Adalah, Barat Lembaran, Tambahan Ketentuan, Peraturan Berlaku, Pemerintah Government, Hak Ciptaan, Lampiran Pelabuhan, Wilayah Agama, Daerah Perkataan, Perhitungan Ketentuan, Uang Peraturan, Pajak Pasal",20,No,DOKUMEN HUKUM: Undang-Undang Nomor 23 Tahun 1947 tentang Penghapusan Pengadilan-raja (zelfbest Uursrecht Spraak) di Jawa dan Sumatera  Pasal 2: Pindah...
63,akn_id_act_uu_1947_24.json,1947,1945 - 1949,Domain Tambahan,Negara Republik,"Domain Tambahan, Domain Barat, Domain Negara","Negara Republik, Lampiran Pelabuhan, Uang Peraturan, Pegawai Adalah, Peraturan Berlaku, Pemerintah Government, Daerah Papua",10,No,"DOKUMEN HUKUM: Undang-Undang Nomor 24 Tahun 1947 tentang Naturalisasi Wilhelm Karl Gottfried Mewes  Pasal 1: Permohonan Wilhelm Karl Gottfried Mewes, ..."
64,akn_id_act_uu_1947_25.json,1947,1945 - 1949,Domain Tambahan,Negara Republik,"Domain Tambahan, Domain Negara, Domain Barat","Negara Republik, Lampiran Pelabuhan, Uang Peraturan, Pegawai Adalah, Pemerintah Government",8,No,DOKUMEN HUKUM: Undang-Undang Nomor 25 Tahun 1947 tentang Naturalisasi George Wilhelm August Friedrichs  Pasal 1: Permohonan George Wilhelm August Frie...
65,akn_id_act_uu_1947_26.json,1947,1945 - 1949,Domain Tambahan,Perhitungan Ketentuan,"Domain Tambahan, Domain Pajak, Domain Negara","Perhitungan Ketentuan, Negara Republik, Lampiran Pelabuhan, Pajak Pasal, Peraturan Berlaku, Daerah Perkataan",9,No,DOKUMEN HUKUM: Undang-Undang Nomor 26 Tahun 1947 tentang Naturalisasi Herman Oscar Gustav Fischer  Pasal 2: Undang-undang ini mulai berlaku pada hari ...
66,akn_id_act_uu_1947_27.json,1947,1945 - 1949,Domain Tambahan,Barat Lembaran,"Domain Tambahan, Domain Pajak, Domain Hak, Domain Negara, Domain Barat","Barat Lembaran, Negara Republik, Lampiran Pelabuhan, Uang Peraturan, Pegawai Adalah, Tambahan Ketentuan, Wilayah Agama, Peraturan Berlaku, Pemerintah Government, Daerah Perkataan, Daerah Papua",16,No,"DOKUMEN HUKUM: Undang-Undang Nomor 27 Tahun 1947 tentang Naturalisasi Curt Ulrich Gross  Pasal 1: Permohonan Curt Ulrich Gross, lahir pada tanggal 3 A..."
67,akn_id_act_uu_1947_28.json,1947,1945 - 1949,Domain Pajak,Paling Adalah,"Domain Pajak, Domain Hak, Domain Barat, Domain Negara","Paling Adalah, Pegawai Adalah, Uang Peraturan, Desa Kota, Pengadilan Surat, Pajak Pasal, Peraturan Berlaku, Daerah Papua, Daerah Perkataan, Hak Ciptaan",14,No,"DOKUMEN HUKUM: Undang-Undang Nomor 28 Tahun 1947 tentang Cukai Tembakau Ii  Pasal 1: Yang dimaksud dalam undang-undang ini dengan: a. ""tembakau"" terma..."
68,akn_id_act_uu_1947_29.json,1947,1945 - 1949,Domain Hak,Pegawai Adalah,"Domain Hak, Domain Barat","Pegawai Adalah, Pengadilan Surat, Paling Adalah, Daerah Perkataan, Hak Ciptaan",7,No,DOKUMEN HUKUM: Undang-Undang Nomor 29 Tahun 1947 tentang Cukai Minuman Keras  Pasal 1: Jikalau dalam peraturan tentang cukai minuman keras ditulis per...
69,akn_id_act_uu_1947_3.json,1947,1945 - 1949,Domain Barat,Negara Republik,"Domain Barat, Domain Tambahan, Domain Pajak, Domain Hak, Domain Negara","Negara Republik, Pegawai Adalah, Pengadilan Surat, Barat Lembaran, Tambahan Ketentuan, Peraturan Berlaku, Pemerintah Government, Daerah Papua, Lampiran Pelabuhan, Wilayah Agama, Daerah Perkataan, Perhitungan Ketentuan, Uang Peraturan, Pajak Pasal",19,No,"DOKUMEN HUKUM: Undang-Undang Nomor 3 Tahun 1947 tentang Pengesyahan Peraturan Pemerintah No. 1 Tahun 1947  Pasal 1: Peraturan Pemerintah No. 1, tahun ..."
70,akn_id_act_uu_1947_30.json,1947,1945 - 1949,Domain Tambahan,Perhitungan Ketentuan,"Domain Tambahan, Domain Pajak, Domain Hak, Domain Negara, Domain Barat","Perhitungan Ketentuan, Barat Lembaran, Negara Republik, Lampiran Pelabuhan, Pajak Pasal, Pegawai Adalah, Uang Peraturan, Tambahan Ketentuan, Wilayah Agama, Peraturan Berlaku, Pemerintah Government, Daerah Perkataan, Daerah Papua",18,No,"DOKUMEN HUKUM: Undang-Undang Nomor 30 Tahun 1947 tentang Mengesahkan Peraturan Pemerintah No. 20, Tahun 1947 Menjadi Undang-undang  Pasal 1: Peraturan..."
71,akn_id_act_uu_1947_31.json,1947,1945 - 1949,Domain Barat,Negara Republik,"Domain Barat, Domain Tambahan, Domain Pajak, Domain Hak, Domain Negara","Negara Republik, Pegawai Adalah, Pengadilan Surat, Paling Adalah, Barat Lembaran, Tambahan Ketentuan, Peraturan Berlaku, Pemerintah Government, Hak Ciptaan, Lampiran Pelabuhan, Wilayah Agama, Daerah Perkataan, Perhitungan Ketentuan, Uang Peraturan, Pajak Pasal",20,No,"DOKUMEN HUKUM: Undang-Undang Nomor 31 Tahun 1947 tentang Memperpanjang Waktu Berlakunya Peraturan-peraturan Dewan Pertahanan Negara No. 5, 7 Jo 31, 8,..."
72,akn_id_act_uu_1947_32.json,1947,1945 - 1949,Domain Hak,Desa Kota,"Domain Hak, Domain Barat","Desa Kota, Tingkat Kecamatan, Daerah Papua",5,No,DOKUMEN HUKUM: Undang-Undang Nomor 32 Tahun 1947 tentang Memusatkan Segala Urusan Sekolah-sekolah Lanjutan Negeri Pada Kementerian Pengajaran Pendidik...
73,akn_id_act_uu_1947_33.json,1947,1945 - 1949,Domain Pajak,Paling Adalah,"Domain Pajak, Domain Hak, Domain Barat, Domain Negara","Paling Adalah, Pegawai Adalah, Uang Peraturan, Desa Kota, Pengadilan Surat, Pajak Pasal, Peraturan Berlaku, Daerah Papua, Daerah Perkataan, Hak Ciptaan",14,No,DOKUMEN HUKUM: Undang-Undang Nomor 33 Tahun 1947 tentang Kecelakaan 1947  Pasal 3: Yang dimaksudkan dengan pengertian perusahaan dalam Undang-undang i...
74,akn_id_act_uu_1947_34.json,1947,1945 - 1949,Domain Tambahan,Perhitungan Ketentuan,"Domain Tambahan, Domain Pajak, Domain Negara","Perhitungan Ketentuan, Negara Republik, Pajak Pasal, Peraturan Berlaku, Daerah Perkataan",8,No,"DOKUMEN HUKUM: Undang-Undang Nomor 34 Tahun 1947 tentang Kecelakaan Perang  Pasal 1: Peraturan-peraturan yang ditetapkan dalam ""Undang-undang Kecelaka..."
75,akn_id_act_uu_1947_35.json,1947,1945 - 1949,Domain Barat,Negara Republik,"Domain Barat, Domain Tambahan, Domain Pajak, Domain Hak, Domain Negara","Negara Republik, Pegawai Adalah, Pengadilan Surat, Barat Lembaran, Tambahan Ketentuan, Tingkat Kecamatan, Peraturan Berlaku, Pemerintah Government, Daerah Papua, Hak Ciptaan, Lampiran Pelabuhan, Wilayah Agama, Daerah Perkataan, Perhitungan Ketentuan, Uang Peraturan, Pajak Pasal",21,No,"DOKUMEN HUKUM: Undang-Undang Nomor 35 Tahun 1947 tentang Pengesahan Peraturan Pemerintah No. 21, Tahun 1947  Pasal 1: Peraturan Pemerintah No. 21 tahu..."
76,akn_id_act_uu_1947_36.json,1947,1945 - 1949,Domain Tambahan,Negara Republik,"Domain Tambahan, Domain Pajak, Domain Hak, Domain Negara, Domain Barat","Negara Republik, Lampiran Pelabuhan, Uang Peraturan, Pegawai Adalah, Tambahan Ketentuan, Pengadilan Surat, Wilayah Agama, Peraturan Berlaku, Pemerintah Government, Daerah Papua, Daerah Perkataan, Hak Ciptaan",17,No,DOKUMEN HUKUM: Undang-Undang Nomor 36 Tahun 1947 tentang Susunan dan Acara Pengadilan Tentara  Pasal 1: Guna acara pidana dari Pengadilan Tentara dapa...
77,akn_id_act_uu_1947_37.json,1947,1945 - 1949,Domain Barat,Negara Republik,"Domain Barat, Domain Tambahan, Domain Pajak, Domain Hak, Domain Negara","Negara Republik, Pegawai Adalah, Pengadilan Surat, Paling Adalah, Barat Lembaran, Tambahan Ketentuan, Peraturan Berlaku, Pemerintah Government, Hak Ciptaan, Lampiran Pelabuhan, Wilayah Agama, Daerah Perkataan, Perhitungan Ketentuan, Uang Peraturan, Pajak Pasal",20,No,"DOKUMEN HUKUM: Undang-Undang Nomor 37 Tahun 1947 tentang Memperpanjang Waktu Berlakunya Peraturan-peraturan Dewan Pertahanan Negara No. 5, 7 Jo. 31, 8..."
78,akn_id_act_uu_1947_38.json,1947,1945 - 1949,Domain Tambahan,Perhitungan Ketentuan,"Domain Tambahan, Domain Pajak, Domain Hak, Domain Negara, Domain Barat","Perhitungan Ketentuan, Negara Republik, Lampiran Pelabuhan, Pajak Pasal, Pegawai Adalah, Uang Peraturan, Tambahan Ketentuan, Pengadilan Surat, Laporan Huruf, Wilayah Agama, Peraturan Berlaku, Pemerintah Government, Daerah Perkataan",18,No,DOKUMEN HUKUM: Undang-Undang Nomor 38 Tahun 1947 tentang Undian-uang Negara  Pasal 4: Peraturan untuk menjalankan undang-undang ini ditetapkan oleh Me...
79,akn_id_act_uu_1947_39.json,1947,1945 - 1949,Domain Hak,Daerah Perkataan,Domain Hak,Daerah Perkataan,2,No,DOKUMEN HUKUM: Undang-Undang Nomor 39 Tahun 1947 tentang Perubahan Kitab Undang-undang Hukum Pidana Tentara  Pasal 1: 1. Nama Wetboek van Militair Str...
80,akn_id_act_uu_1947_4.json,1947,1945 - 1949,Domain Tambahan,Negara Republik,"Domain Tambahan, Domain Negara, Domain Barat","Negara Republik, Lampiran Pelabuhan, Pegawai Adalah, Pemerintah Government",7,No,"DOKUMEN HUKUM: Undang-Undang Nomor 4 Tahun 1947 tentang NATURALISASI JOHANN JORDAN  Pasal 1: Permohonan Johann Jordan, lahir pada tanggal 24 Maret 188..."
81,akn_id_act_uu_1947_40.json,1947,1945 - 1949,Domain Hak,Pegawai Adalah,"Domain Hak, Domain Barat, Domain Negara","Pegawai Adalah, Desa Kota, Pengadilan Surat, Peraturan Berlaku, Paling Adalah, Daerah Perkataan",9,No,"DOKUMEN HUKUM: Undang-Undang Nomor 40 Tahun 1947 tentang Perubahan Kitab Undang-undang Hukum Disiplin Tentara  Pasal 1: 1. Nama ""Wetboek van Krijgstuc..."
82,akn_id_act_uu_1947_41.json,1947,1945 - 1949,Belum Diklasifikasi,Daerah Perkataan,,Daerah Perkataan,1,Yes,"DOKUMEN HUKUM: Undang-Undang Nomor 41 Tahun 1947 tentang Kepenjaraan Tentara  Pasal 1: Undang-undang ""Reglement voor de Militaire strafgestichten"" (St..."
83,akn_id_act_uu_1947_5.json,1947,1945 - 1949,Domain Tambahan,Barat Lembaran,"Domain Tambahan, Domain Pajak, Domain Hak, Domain Negara, Domain Barat","Barat Lembaran, Negara Republik, Lampiran Pelabuhan, Uang Peraturan, Pegawai Adalah, Tambahan Ketentuan, Tingkat Kecamatan, Peraturan Berlaku, Pemerintah Government, Daerah Perkataan, Daerah Papua",16,No,"DOKUMEN HUKUM: Undang-Undang Nomor 5 Tahun 1947 tentang Naturalisasi Salim Basjir  Pasal 1: Permohonan Salim Basjir, lahir pada bulan Oktober 1900 di ..."
84,akn_id_act_uu_1947_6.json,1947,1945 - 1949,Domain Tambahan,Perhitungan Ketentuan,"Domain Tambahan, Domain Pajak, Domain Barat, Domain Negara","Perhitungan Ketentuan, Barat Lembaran, Negara Republik, Lampiran Pelabuhan, Uang Peraturan, Pegawai Adalah, Tambahan Ketentuan, Wilayah Agama, Pajak Pasal, Peraturan Berlaku, Pemerintah Government, Daerah Perkataan, Daerah Papua",17,No,DOKUMEN HUKUM: Undang-Undang Nomor 6 Tahun 1947 tentang Perubahan Undang Undang No. 3 Tahun 1946 Tentang Warga Negara dan Penduduk Negara Republik Ind...
85,akn_id_act_uu_1947_7.json,1947,1945 - 1949,Domain Tambahan,Perhitungan Ketentuan,"Domain Tambahan, Domain Pajak, Domain Hak, Domain Negara, Domain Barat","Perhitungan Ketentuan, Negara Republik, Pajak Pasal, Pegawai Adalah, Uang Peraturan, Desa Kota, Pengadilan Surat, Wilayah Agama, Peraturan Berlaku, Pemerintah Government, Paling Adalah, Daerah Perkataan, Hak Ciptaan",18,No,DOKUMEN HUKUM: Undang-Undang Nomor 7 Tahun 1947 tentang Susunan dan Kekuasaan Mahkamah Agung dan Kejaksaan Agung  Pasal 3: Pengawasan yang serupa deng...
86,akn_id_act_uu_1947_8.json,1947,1945 - 1949,Domain Tambahan,Barat Lembaran,"Domain Tambahan, Domain Pajak, Domain Barat, Domain Negara","Barat Lembaran, Negara Republik, Lampiran Pelabuhan, Uang Peraturan, Pegawai Adalah, Tambahan Ketentuan, Pajak Pasal, Peraturan Berlaku, Pemerintah Government",13,No,DOKUMEN HUKUM: Undang-Undang Nomor 8 Tahun 1947 tentang Memperpanjang Waktu untuk Mengajukan Pernyataan Berhubung dengan Kewargaan Negara Indonesia  P...
87,akn_id_act_uu_1947_9.json,1947,1945 - 1949,Domain Tambahan,Negara Republik,"Domain Tambahan, Domain Pajak, Domain Negara, Domain Barat","Negara Republik, Lampiran Pelabuhan, Uang Peraturan, Pegawai Adalah, Peraturan Berlaku, Pemerintah Government",10,No,"DOKUMEN HUKUM: Undang-Undang Nomor 9 Tahun 1947 tentang Naturalisasi Frans Matheas Hesse  Pasal 1: Permohonan Frans Matheas Hesse, lahir pada tanggal ..."
88,akn_id_act_uu_1948_1.json,1948,1945 - 1949,Domain Tambahan,Negara Republik,"Domain Tambahan, Domain Pajak, Domain Hak, Domain Negara, Domain Barat","Negara Republik, Pajak Pasal, Peraturan Berlaku, Pemerintah Government, Daerah Perkataan",10,No,"DOKUMEN HUKUM: Undang-Undang Nomor 1 Tahun 1948 tentang Penambahan Undang Undang Keadaan Bahaya  Pasal 1: Diantara pasal 1 dan pasal 2 dari ""Undang-un..."
89,akn_id_act_uu_1948_10.json,1948,1945 - 1949,Domain Hak,Barat Lembaran,"Domain Hak, Domain Negara, Domain Barat","Barat Lembaran, Pegawai Adalah, Desa Kota, Pengadilan Surat, Tingkat Kecamatan, Daerah Papua",9,No,DOKUMEN HUKUM: Undang-Undang Nomor 10 Tahun 1948 tentang Pembagian Sumatra dalam Tiga Propinsi  Pasal 1: Sumatra dibagi menjadi tiga propinsi yang men...
90,akn_id_act_uu_1948_11.json,1948,1945 - 1949,Domain Tambahan,Perhitungan Ketentuan,"Domain Tambahan, Domain Pajak, Domain Hak, Domain Negara, Domain Barat","Perhitungan Ketentuan, Barat Lembaran, Negara Republik, Lampiran Pelabuhan, Pajak Pasal, Pegawai Adalah, Uang Peraturan, Tambahan Ketentuan, Wilayah Agama, Peraturan Berlaku, Pemerintah Government, Daerah Perkataan, Daerah Papua",18,No,DOKUMEN HUKUM: Undang-Undang Nomor 11 Tahun 1948 tentang Memperpanjang Lagi Waktu untuk Mengajukan Pernyataan Kewargaan Negara Indonesia  Pasal 1: Seg...
91,akn_id_act_uu_1948_12.json,1948,1945 - 1949,Domain Hak,Paling Adalah,"Domain Hak, Domain Negara, Domain Barat","Paling Adalah, Pegawai Adalah, Desa Kota, Pengadilan Surat, Peraturan Berlaku, Daerah Papua, Daerah Perkataan, Hak Ciptaan",11,No,DOKUMEN HUKUM: Undang-Undang Nomor 12 Tahun 1948 tentang Undang-Undang Kerja Tahun 1948  Pasal 2: Anak-anak tidak moleh menjalankan pekerjaan.  Pasal ...
92,akn_id_act_uu_1948_13.json,1948,1945 - 1949,Domain Tambahan,Perhitungan Ketentuan,"Domain Tambahan, Domain Pajak, Domain Hak, Domain Negara, Domain Barat","Perhitungan Ketentuan, Barat Lembaran, Negara Republik, Lampiran Pelabuhan, Pajak Pasal, Uang Peraturan, Tambahan Ketentuan, Wilayah Agama, Peraturan Berlaku, Daerah Perkataan",15,No,DOKUMEN HUKUM: Undang-Undang Nomor 13 Tahun 1948 tentang Mengadakan Perubahan Dalam Vorstenlands Grondhuurreglement  Pasal 1: Mulai tanggal 1 April 19...
93,akn_id_act_uu_1948_14.json,1948,1945 - 1949,Domain Pajak,Peraturan Berlaku,Domain Pajak,"Peraturan Berlaku, Pajak Pasal",3,No,DOKUMEN HUKUM: Undang-Undang Nomor 14 Tahun 1948 tentang Menetapkan Bea Tambahan Atas Bea Masuk  Pasal 1: Atas Bea masuk dipungut lima puluh per serat...
94,akn_id_act_uu_1948_15.json,1948,1945 - 1949,Domain Tambahan,Perhitungan Ketentuan,"Domain Tambahan, Domain Pajak, Domain Hak, Domain Negara","Perhitungan Ketentuan, Negara Republik, Lampiran Pelabuhan, Uang Peraturan, Tambahan Ketentuan, Pajak Pasal, Peraturan Berlaku, Daerah Perkataan",12,No,DOKUMEN HUKUM: Undang-Undang Nomor 15 Tahun 1948 tentang Penetapan Barang-barang yang Dikenakan Bea Keluar  Pasal 1: Pasal 2 ayat a dari Peraturan Pem...
95,akn_id_act_uu_1948_16.json,1948,1945 - 1949,Belum Diklasifikasi,Paling Adalah,,Paling Adalah,1,Yes,DOKUMEN HUKUM: Undang-Undang Nomor 16 Tahun 1948 tentang Mengadakan Perubahan dalam Peraturan Bea Meterai 1921  Pasal 1: Dalam Aturan Bea meterai 1921...
96,akn_id_act_uu_1948_17.json,1948,1945 - 1949,Domain Tambahan,Perhitungan Ketentuan,"Domain Tambahan, Domain Pajak, Domain Negara","Perhitungan Ketentuan, Negara Republik, Lampiran Pelabuhan, Uang Peraturan, Tambahan Ketentuan, Pajak Pasal, Peraturan Berlaku, Daerah Perkataan",11,No,DOKUMEN HUKUM: Undang-Undang Nomor 17 Tahun 1948 tentang Mengadakan Perubahan dalam Undang-undang Pajak Pendapatan 1932 (stbl. 1932)  Pasal 2: Undang-...
97,akn_id_act_uu_1948_18.json,1948,1945 - 1949,Domain Barat,Negara Republik,"Domain Barat, Domain Tambahan, Domain Pajak, Domain Hak, Domain Negara","Negara Republik, Pegawai Adalah, Pengadilan Surat, Paling Adalah, Barat Lembaran, Tambahan Ketentuan, Peraturan Berlaku, Pemerintah Government, Hak Ciptaan, Lampiran Pelabuhan, Wilayah Agama, Daerah Perkataan, Perhitungan Ketentuan, Uang Peraturan, Pajak Pasal",20,No,"DOKUMEN HUKUM: Undang-Undang Nomor 18 Tahun 1948 tentang Memperpanjang Waktu Berlakunya Peraturan-peraturan Dewan Pertahanan Negara No. 5, 7 Jo. 31, 8..."
98,akn_id_act_uu_1948_19.json,1948,1945 - 1949,Domain Pajak,Paling Adalah,"Domain Pajak, Domain Hak, Domain Negara, Domain Barat","Paling Adalah, Uang Peraturan, Pegawai Adalah, Desa Kota, Pengadilan Surat, Tingkat Kecamatan, Wilayah Agama, Peraturan Berlaku, Daerah Papua, Daerah Perkataan, Hak Ciptaan",15,No,DOKUMEN HUKUM: Undang-Undang Nomor 19 Tahun 1948 tentang Susunan dan Kekuasaan Badan-badan Kehakiman  Pasal 1: Dalam seluruh daerah Negara dilaksanaka...
99,akn_id_act_uu_1948_2.json,1948,1945 - 1949,Domain Tambahan,Barat Lembaran,"Domain Tambahan, Domain Hak, Domain Negara, Domain Barat","Barat Lembaran, Negara Republik, Lampiran Pelabuhan, Uang Peraturan, Pegawai Adalah, Desa Kota, Pengadilan Surat, Peraturan Berlaku, Pemerintah Government, Paling Adalah, Daerah Perkataan, Daerah Papua",16,No,DOKUMEN HUKUM: Undang-Undang Nomor 2 Tahun 1948 tentang Pengesahan Perjanjian Persabatan Antara  Republik  Indonesia  dan Negara Kerajaan Mesir  Pasal...
100,akn_id_act_uu_1948_20.json,1948,1945 - 1949,Domain Tambahan,Perhitungan Ketentuan,"Domain Tambahan, Domain Pajak, Domain Hak, Domain Negara, Domain Barat","Perhitungan Ketentuan, Negara Republik, Lampiran Pelabuhan, Pajak Pasal, Uang Peraturan, Tambahan Ketentuan, Peraturan Berlaku, Daerah Perkataan",13,No,DOKUMEN HUKUM: Undang-Undang Nomor 20 Tahun 1948 tentang Mengadakan Perubahan dan Tambahan dalam Undang-undang Nomor 14 Tahun 1947 dari Hal Pajak Pemb...
101,akn_id_act_uu_1948_21.json,1948,1945 - 1949,Domain Tambahan,Perhitungan Ketentuan,"Domain Tambahan, Domain Pajak, Domain Hak, Domain Negara","Perhitungan Ketentuan, Negara Republik, Lampiran Pelabuhan, Uang Peraturan, Tambahan Ketentuan, Wilayah Agama, Pajak Pasal, Peraturan Berlaku, Daerah Perkataan",13,No,DOKUMEN HUKUM: Undang-Undang Nomor 21 Tahun 1948 tentang Menambah dan Mengubah Undang-undang Nomor 12 Tahun 1947 Tentang Pajak Radio  Pasal 2: Undang-...
102,akn_id_act_uu_1948_22.json,1948,1945 - 1949,Domain Hak,Barat Lembaran,"Domain Hak, Domain Negara, Domain Barat","Barat Lembaran, Paling Adalah, Pegawai Adalah, Desa Kota, Pengadilan Surat, Tingkat Kecamatan, Wilayah Agama, Daerah Papua, Daerah Perkataan, Hak Ciptaan",13,No,DOKUMEN HUKUM: Undang-Undang Nomor 22 Tahun 1948 tentang Penetapan Aturan-aturan Pokok Mengenai Pemerintahan Sendiri di Daerah-daerah yang Berhak Meng...
103,akn_id_act_uu_1948_23.json,1948,1945 - 1949,Domain Barat,Negara Republik,"Domain Barat, Domain Tambahan, Domain Pajak, Domain Hak, Domain Negara","Negara Republik, Pegawai Adalah, Pengadilan Surat, Paling Adalah, Barat Lembaran, Peraturan Berlaku, Pemerintah Government, Daerah Papua, Hak Ciptaan, Desa Kota, Wilayah Agama, Daerah Perkataan, Perhitungan Ketentuan, Uang Peraturan, Pajak Pasal",20,No,DOKUMEN HUKUM: Undang-Undang Nomor 23 Tahun 1948 tentang Pengawasan Perburuhan  Pasal 4: Atas permintaan pegawai-pegawai tersebut dalam pasal 2 ayat (...
104,akn_id_act_uu_1948_24.json,1948,1945 - 1949,Domain Barat,Negara Republik,"Domain Barat, Domain Tambahan, Domain Pajak, Domain Hak, Domain Negara","Negara Republik, Pegawai Adalah, Pengadilan Surat, Paling Adalah, Barat Lembaran, Tambahan Ketentuan, Peraturan Berlaku, Pemerintah Government, Hak Ciptaan, Lampiran Pelabuhan, Wilayah Agama, Daerah Perkataan, Perhitungan Ketentuan, Uang Peraturan, Pajak Pasal",20,No,"DOKUMEN HUKUM: Undang-Undang Nomor 24 Tahun 1948 tentang Memperpanjang Waktu Peraturan Dpn No. 5, 7, Jo. 31, 8 Jo. 34, 9 Jo. 34, 11 dan 16  Pasal 1: P..."
105,akn_id_act_uu_1948_25.json,1948,1945 - 1949,Domain Tambahan,Perhitungan Ketentuan,"Domain Tambahan, Domain Pajak, Domain Hak, Domain Negara, Domain Barat","Perhitungan Ketentuan, Barat Lembaran, Lampiran Pelabuhan, Pajak Pasal, Pegawai Adalah, Uang Peraturan, Adalah Dana, Tambahan Ketentuan, Laporan Huruf, Peraturan Berlaku, Paling Adalah, Daerah Perkataan",17,No,DOKUMEN HUKUM: Undang-Undang Nomor 25 Tahun 1948 tentang Penetapan Tarip Pajak Pendapatan Tahun 1948/1949 dan Pemungutan Pajak Tambahan Atas Pajak Per...
106,akn_id_act_uu_1948_26.json,1948,1945 - 1949,Belum Diklasifikasi,Paling Adalah,,Paling Adalah,1,Yes,DOKUMEN HUKUM: Undang-Undang Nomor 26 Tahun 1948 tentang Mengadakan Perubahan dalam Undang-undang Pajak Pendapatan 1932. (ordonnantie Op De Inkomstenb...
107,akn_id_act_uu_1948_27.json,1948,1945 - 1949,Domain Hak,Barat Lembaran,"Domain Hak, Domain Negara, Domain Barat","Barat Lembaran, Paling Adalah, Uang Peraturan, Pegawai Adalah, Desa Kota, Pengadilan Surat, Tingkat Kecamatan, Daerah Papua, Daerah Perkataan, Hak Ciptaan",13,No,DOKUMEN HUKUM: Undang-Undang Nomor 27 Tahun 1948 tentang Dewan Perwakilan Rakyat dan Pemilihan Anggauta-anggautanya  Pasal 5: Dewan Perwakilan Rakyat ...
108,akn_id_act_uu_1948_28.json,1948,1945 - 1949,Domain Tambahan,Paling Adalah,"Domain Tambahan, Domain Pajak, Domain Hak, Domain Negara, Domain Barat","Paling Adalah, Negara Republik, Uang Peraturan, Pegawai Adalah, Adalah Dana, Desa Kota, Pengadilan Surat, Tingkat Kecamatan, Peraturan Berlaku, Pemerintah Government, Daerah Papua, Daerah Perkataan, Hak Ciptaan",18,No,DOKUMEN HUKUM: Undang-Undang Nomor 28 Tahun 1948 tentang Pasal Alat Pembayaran Luar Negeri  Pasal 1: 1. Untuk menjalankan segala pekerjaan yang perlu ...
109,akn_id_act_uu_1948_29.json,1948,1945 - 1949,Domain Hak,Belum Diklasifikasi,Domain Hak,,1,No,DOKUMEN HUKUM: Undang-Undang Nomor 29 Tahun 1948 tentang Pemberantasan Penimbunan Barang Penting  Pasal 5: Barang siapa dengan sengaja melanggar pasal...
110,akn_id_act_uu_1948_3.json,1948,1945 - 1949,Belum Diklasifikasi,Desa Kota,,Desa Kota,1,Yes,DOKUMEN HUKUM: Undang-Undang Nomor 3 Tahun 1948 tentang Susunan Kementerian Pertahanan dan Angkatan Perang  Pasal 1: 1. Kementerian Pertahanan berkewa...
111,akn_id_act_uu_1948_30.json,1948,1945 - 1949,Domain Tambahan,Perhitungan Ketentuan,"Domain Tambahan, Domain Pajak, Domain Hak, Domain Negara","Perhitungan Ketentuan, Negara Republik, Pajak Pasal, Peraturan Berlaku, Daerah Perkataan",9,No,DOKUMEN HUKUM: Undang-Undang Nomor 30 Tahun 1948 tentang Pemberian Kekuasaan Penuh Kepada Presiden dalam Keadaan Bahaya
112,akn_id_act_uu_1948_31.json,1948,1945 - 1949,Domain Tambahan,Barat Lembaran,"Domain Tambahan, Domain Negara, Domain Barat","Barat Lembaran, Negara Republik, Lampiran Pelabuhan, Uang Peraturan, Pegawai Adalah, Tambahan Ketentuan, Pemerintah Government, Daerah Papua",11,No,DOKUMEN HUKUM: Undang-Undang Nomor 31 Tahun 1948 tentang Joseph Cornelis De Groot Menjadi Warga Negara Indonesia  Pasal 1: Permohonan Joesph Cornelis ...
113,akn_id_act_uu_1948_33.json,1948,1945 - 1949,Domain Tambahan,Perhitungan Ketentuan,"Domain Tambahan, Domain Pajak, Domain Hak, Domain Negara","Perhitungan Ketentuan, Negara Republik, Lampiran Pelabuhan, Uang Peraturan, Tambahan Ketentuan, Pajak Pasal, Peraturan Berlaku, Daerah Perkataan, Hak Ciptaan",13,No,"DOKUMEN HUKUM: Undang-Undang Nomor 33 Tahun 1948 tentang Penetapan Uang Berat Barang, Sebagai Bea Pemakaian Perlengkapan Pelabuhan  Pasal 1: Sebagai b..."
114,akn_id_act_uu_1948_34.json,1948,1945 - 1949,Domain Tambahan,Perhitungan Ketentuan,"Domain Tambahan, Domain Pajak, Domain Hak, Domain Negara, Domain Barat","Perhitungan Ketentuan, Barat Lembaran, Negara Republik, Lampiran Pelabuhan, Pajak Pasal, Tingkat Kecamatan, Wilayah Agama, Peraturan Berlaku, Daerah Perkataan",14,No,DOKUMEN HUKUM: Undang-Undang Nomor 34 Tahun 1948 tentang Daerah Pendudukan Buat Sementara Waktu Tidak Masuk dalam Daerah Pabean  Pasal 1: Daerah pendu...
115,akn_id_act_uu_1948_35.json,1948,1945 - 1949,Belum Diklasifikasi,Paling Adalah,,Paling Adalah,1,Yes,DOKUMEN HUKUM: Undang-Undang Nomor 35 Tahun 1948 tentang Menurunkan Tarip Bea Masuk  Pasal 1: Bea masuk atas barang-barang tersebut pada pos-pos dari ...
116,akn_id_act_uu_1948_4.json,1948,1945 - 1949,Domain Tambahan,Negara Republik,"Domain Tambahan, Domain Pajak, Domain Hak, Domain Negara, Domain Barat","Negara Republik, Lampiran Pelabuhan, Uang Peraturan, Pegawai Adalah, Tambahan Ketentuan, Peraturan Berlaku, Pemerintah Government, Daerah Papua",13,No,"DOKUMEN HUKUM: Undang-Undang Nomor 4 Tahun 1948 tentang Naturalisasi Jean Henry Joseph De Quinze  Pasal 1: Permohonan Jean Henry Joseph de Quinze, lah..."
117,akn_id_act_uu_1948_5.json,1948,1945 - 1949,Domain Pajak,Paling Adalah,"Domain Pajak, Domain Hak, Domain Negara, Domain Barat","Paling Adalah, Uang Peraturan, Pegawai Adalah, Desa Kota, Pengadilan Surat, Wilayah Agama, Peraturan Berlaku, Daerah Papua, Daerah Perkataan, Hak Ciptaan",14,No,DOKUMEN HUKUM: Undang-Undang Nomor 5 Tahun 1948 tentang Beberapa Peraturan-peraturan Istimewa Mengenai Pencatatan Jiwa  Pasal 1: Jika keputusan hakim ...
118,akn_id_act_uu_1948_6.json,1948,1945 - 1949,Domain Tambahan,Perhitungan Ketentuan,"Domain Tambahan, Domain Pajak, Domain Hak, Domain Negara","Perhitungan Ketentuan, Negara Republik, Lampiran Pelabuhan, Tambahan Ketentuan, Pajak Pasal, Peraturan Berlaku, Daerah Perkataan",11,No,"DOKUMEN HUKUM: Undang-Undang Nomor 6 Tahun 1948 tentang Memperpanjang Waktu Berlakunya Peraturan Peraturan Dewan Pertahanan Negara No. 5, 7 Jo. 31, 8 ..."
119,akn_id_act_uu_1948_7.json,1948,1945 - 1949,Domain Tambahan,Perhitungan Ketentuan,"Domain Tambahan, Domain Pajak, Domain Hak, Domain Negara, Domain Barat","Perhitungan Ketentuan, Negara Republik, Lampiran Pelabuhan, Pajak Pasal, Pegawai Adalah, Uang Peraturan, Tambahan Ketentuan, Wilayah Agama, Peraturan Berlaku, Pemerintah Government, Daerah Perkataan",16,No,DOKUMEN HUKUM: Undang-Undang Nomor 7 Tahun 1948 tentang Pencabutan Peraturan Pemerintah Tahun 1947 Nomor 22 Tentang Susunan dan Acara  Pengadilan  Ten...
120,akn_id_act_uu_1948_8.json,1948,1945 - 1949,Domain Hak,Paling Adalah,"Domain Hak, Domain Negara, Domain Barat","Paling Adalah, Pegawai Adalah, Desa Kota, Pengadilan Surat, Daerah Papua, Daerah Perkataan, Hak Ciptaan",10,No,DOKUMEN HUKUM: Undang-Undang Nomor 8 Tahun 1948 tentang Pendaftaran dan Pemberian Idzin Pemakaian Senjata Api  Pasal 1: Yang dimaksud dengan senjata a...
121,akn_id_act_uu_1948_9.json,1948,1945 - 1949,Domain Hak,Pegawai Adalah,"Domain Hak, Domain Barat","Pegawai Adalah, Desa Kota, Pengadilan Surat, Daerah Perkataan, Daerah Papua",7,No,"DOKUMEN HUKUM: Undang-Undang Nomor 9 Tahun 1948 tentang Anggauta B.P.K.N.I.P dan K.N.I.P Tidak Diperkenankan Merangkap Jabatan Negeri yang Tertentu, S..."
122,akn_id_act_uu_1949_1.json,1949,1945 - 1949,Domain Tambahan,Perhitungan Ketentuan,"Domain Tambahan, Domain Pajak, Domain Hak, Domain Negara","Perhitungan Ketentuan, Negara Republik, Lampiran Pelabuhan, Uang Peraturan, Tambahan Ketentuan, Laporan Huruf, Pajak Pasal, Peraturan Berlaku, Daerah Perkataan",13,No,DOKUMEN HUKUM: Undang-Undang Nomor 1 Tahun 1949 tentang Penggantian Pajak Bumi dengan Pajak Pendapatan  Pasal 1: I. Huruf a dalam pasal 11 Undang-unda...
123,akn_id_act_uu_1949_10.json,1949,1945 - 1949,Domain Tambahan,Negara Republik,"Domain Tambahan, Domain Pajak, Domain Hak, Domain Negara, Domain Barat","Negara Republik, Lampiran Pelabuhan, Pajak Pasal, Pegawai Adalah, Uang Peraturan, Tambahan Ketentuan, Peraturan Berlaku, Pemerintah Government, Daerah Perkataan, Daerah Papua",15,No,DOKUMEN HUKUM: Undang-Undang Nomor 10 Tahun 1949 tentang Hal Penerimaan Baik Hasil Hasil Konperensi Meja Bundar  Pasal 1: Mengesahkan : Induk Persetuj...
124,akn_id_act_uu_1949_11.json,1949,1945 - 1949,Domain Tambahan,Perhitungan Ketentuan,"Domain Tambahan, Domain Pajak, Domain Hak, Domain Negara, Domain Barat","Perhitungan Ketentuan, Barat Lembaran, Negara Republik, Lampiran Pelabuhan, Pajak Pasal, Pegawai Adalah, Uang Peraturan, Tambahan Ketentuan, Wilayah Agama, Peraturan Berlaku, Pemerintah Government, Daerah Perkataan, Daerah Papua",18,No,DOKUMEN HUKUM: Undang-Undang Nomor 11 Tahun 1949 tentang Pengesahan Konstitusi Republik Indonesia Serikat  Pasal 1: Mengesahkan dan menerima baik Kons...
125,akn_id_act_uu_1949_12.json,1949,1945 - 1949,Domain Barat,Negara Republik,"Domain Barat, Domain Tambahan, Domain Pajak, Domain Hak, Domain Negara","Negara Republik, Pegawai Adalah, Pengadilan Surat, Barat Lembaran, Tambahan Ketentuan, Peraturan Berlaku, Pemerintah Government, Lampiran Pelabuhan, Desa Kota, Wilayah Agama, Daerah Perkataan, Perhitungan Ketentuan, Uang Peraturan, Pajak Pasal",19,No,DOKUMEN HUKUM: Undang-Undang Nomor 12 Tahun 1949 tentang Mengadakan Perubahan dalam Undang Undang No.27 Tahun 1948 Mengenai Susunan Dewan Perwakilan R...
126,akn_id_act_uu_1949_2.json,1949,1945 - 1949,Domain Tambahan,Negara Republik,"Domain Tambahan, Domain Hak, Domain Negara, Domain Barat","Negara Republik, Uang Peraturan, Pegawai Adalah, Desa Kota, Pengadilan Surat, Tingkat Kecamatan, Pemerintah Government, Daerah Papua, Daerah Perkataan, Hak Ciptaan",14,No,DOKUMEN HUKUM: Undang-Undang Nomor 2 Tahun 1949 tentang Kedudukan dan Kekuasaan Wakil Perdana Menteri di Sumatra  Pasal 1: Didaerah Sumatra dapat dite...
127,akn_id_act_uu_1949_3.json,1949,1945 - 1949,Domain Tambahan,Perhitungan Ketentuan,"Domain Tambahan, Domain Pajak, Domain Negara","Perhitungan Ketentuan, Lampiran Pelabuhan, Pajak Pasal, Peraturan Berlaku",7,No,DOKUMEN HUKUM: Undang-Undang Nomor 3 Tahun 1949 tentang Tarip Pajak Potong 1949  Pasal 2: Undang-undang ini mulai berlaku pada tanggal 1 Oktober 1949.
128,akn_id_act_uu_1949_4.json,1949,1945 - 1949,Domain Tambahan,Perhitungan Ketentuan,"Domain Tambahan, Domain Pajak, Domain Hak, Domain Negara","Perhitungan Ketentuan, Negara Republik, Lampiran Pelabuhan, Uang Peraturan, Tambahan Ketentuan, Pajak Pasal, Peraturan Berlaku, Daerah Perkataan",12,No,DOKUMEN HUKUM: Undang-Undang Nomor 4 Tahun 1949 tentang Penambahan Bea Meterai  Pasal 1: Semua angka-angka dan perkataan-perkataan yang menunjukkan ju...
129,akn_id_act_uu_1949_5.json,1949,1945 - 1949,Domain Tambahan,Perhitungan Ketentuan,"Domain Tambahan, Domain Pajak, Domain Negara","Perhitungan Ketentuan, Lampiran Pelabuhan, Uang Peraturan, Adalah Dana, Tambahan Ketentuan, Laporan Huruf, Pajak Pasal, Peraturan Berlaku, Daerah Perkataan",12,No,DOKUMEN HUKUM: Undang-Undang Nomor 5 Tahun 1949 tentang Penetapan Tarip Pajak Pendapatan dan Pajak Upah  Pasal 2: Dari ketetapan pajak kekayaan untuk ...
130,akn_id_act_uu_1949_6.json,1949,1945 - 1949,Domain Tambahan,Perhitungan Ketentuan,"Domain Tambahan, Domain Pajak, Domain Negara","Perhitungan Ketentuan, Negara Republik, Lampiran Pelabuhan, Tambahan Ketentuan, Pajak Pasal, Peraturan Berlaku, Daerah Perkataan",10,No,DOKUMEN HUKUM: Undang-Undang Nomor 6 Tahun 1949 tentang Penambahan Jumlah Anggauta Komite Nasional Pusat  Pasal 2: Undang-Undang ini mulai berlaku pad...
131,akn_id_act_uu_1949_7.json,1949,1945 - 1949,Domain Tambahan,Negara Republik,"Domain Tambahan, Domain Pajak, Domain Hak, Domain Negara, Domain Barat","Negara Republik, Lampiran Pelabuhan, Pajak Pasal, Pegawai Adalah, Uang Peraturan, Tambahan Ketentuan, Pengadilan Surat, Wilayah Agama, Peraturan Berlaku, Pemerintah Government, Daerah Perkataan, Daerah Papua",17,No,DOKUMEN HUKUM: Undang-Undang Nomor 7 Tahun 1949 tentang Penunjukkan Pemangku Sementara Jabatan Presiden Republik Indonesia
132,akn_id_act_uu_1949_8.json,1949,1945 - 1949,Domain Tambahan,Perhitungan Ketentuan,"Domain Tambahan, Domain Pajak, Domain Hak, Domain Negara, Domain Barat","Perhitungan Ketentuan, Negara Republik, Lampiran Pelabuhan, Pajak Pasal, Uang Peraturan, Wilayah Agama, Peraturan Berlaku, Daerah Perkataan",13,No,DOKUMEN HUKUM: Undang-Undang Nomor 8 Tahun 1949 tentang Perubahan Undang Undang 1948 No.9 dari Hal Kedudukan Hukum Anggauta K.n.i.p
133,akn_id_act_uu_1949_9.json,1949,1945 - 1949,Domain Tambahan,Perhitungan Ketentuan,"Domain Tambahan, Domain Pajak, Domain Hak, Domain Negara, Domain Barat","Perhitungan Ketentuan, Negara Republik, Lampiran Pelabuhan, Pajak Pasal, Uang Peraturan, Tambahan Ketentuan, Pengadilan Surat, Wilayah Agama, Peraturan Berlaku, Pemerintah Government, Daerah Perkataan",16,No,DOKUMEN HUKUM: Undang-Undang Nomor 9 Tahun 1949 tentang Sidang Komite Nasional Pusat Mengenai Persetujuan Konperensi Meja Bundar
134,akn_id_act_uu_1950_1.json,1950,1950 - 1954,Domain Pajak,Paling Adalah,"Domain Pajak, Domain Hak, Domain Negara, Domain Barat","Paling Adalah, Uang Peraturan, Pegawai Adalah, Desa Kota, Pengadilan Surat, Wilayah Agama, Peraturan Berlaku, Daerah Papua, Daerah Perkataan, Hak Ciptaan",14,No,"DOKUMEN HUKUM: Undang-Undang Nomor 1 Tahun 1950 tentang Susunan, Kekuasaan dan Jalan-pengadilan Mahkamah Agung Indonesia  Pasal 1: 1. Mahkamah Agung I..."
135,akn_id_act_uu_1950_10.json,1950,1950 - 1954,Domain Barat,Negara Republik,"Domain Barat, Domain Tambahan, Domain Pajak, Domain Hak, Domain Negara","Negara Republik, Pegawai Adalah, Pengadilan Surat, Barat Lembaran, Tambahan Ketentuan, Tingkat Kecamatan, Peraturan Berlaku, Pemerintah Government, Daerah Papua, Hak Ciptaan, Lampiran Pelabuhan, Desa Kota, Wilayah Agama, Daerah Perkataan, Perhitungan Ketentuan, Uang Peraturan, Pajak Pasal",22,No,"DOKUMEN HUKUM: Undang-Undang Nomor 10 Tahun 1950 tentang Pembentukan Propinsi Djawa Tengah  Pasal 6: Peraturan – peraturan Daerah Karesidenan, sebelum..."
136,akn_id_act_uu_1950_11.json,1950,1950 - 1954,Domain Barat,Negara Republik,"Domain Barat, Domain Tambahan, Domain Pajak, Domain Hak, Domain Negara","Negara Republik, Pegawai Adalah, Barat Lembaran, Tambahan Ketentuan, Tingkat Kecamatan, Peraturan Berlaku, Pemerintah Government, Hak Ciptaan, Lampiran Pelabuhan, Desa Kota, Wilayah Agama, Daerah Perkataan, Perhitungan Ketentuan, Uang Peraturan, Pajak Pasal",20,No,"DOKUMEN HUKUM: Undang-Undang Nomor 11 Tahun 1950 tentang Pembentukan Propinsi Djawa Barat  Pasal 6: Peraturan - peraturan Daerah Karesidenan, sebelum ..."
137,akn_id_act_uu_1950_12.json,1950,1950 - 1954,Domain Tambahan,Perhitungan Ketentuan,"Domain Tambahan, Domain Pajak, Domain Hak, Domain Negara, Domain Barat","Perhitungan Ketentuan, Barat Lembaran, Pajak Pasal, Pegawai Adalah, Uang Peraturan, Desa Kota, Pengadilan Surat, Tingkat Kecamatan, Wilayah Agama, Peraturan Berlaku, Daerah Perkataan, Hak Ciptaan",17,No,DOKUMEN HUKUM: Undang-Undang Nomor 12 Tahun 1950 tentang Pemerintahan Daerah Kabupaten di Djawa Timur  Pasal 1: Daerah-daerah jang meliputi daerah kab...
138,akn_id_act_uu_1950_13.json,1950,1950 - 1954,Domain Tambahan,Perhitungan Ketentuan,"Domain Tambahan, Domain Pajak, Domain Hak, Domain Negara, Domain Barat","Perhitungan Ketentuan, Barat Lembaran, Negara Republik, Pajak Pasal, Desa Kota, Tingkat Kecamatan, Wilayah Agama, Peraturan Berlaku, Daerah Perkataan",14,No,DOKUMEN HUKUM: Undang-Undang Nomor 13 Tahun 1950 tentang Pembentukan Daerah-Daerah Kabupaten Dalam Lingkungan Propinsi Djawa Tengah  Pasal 1: Daerah-d...
139,akn_id_act_uu_1950_14.json,1950,1950 - 1954,Domain Tambahan,Perhitungan Ketentuan,"Domain Tambahan, Domain Pajak, Domain Hak, Domain Negara, Domain Barat","Perhitungan Ketentuan, Barat Lembaran, Negara Republik, Pajak Pasal, Desa Kota, Tingkat Kecamatan, Wilayah Agama, Peraturan Berlaku, Daerah Perkataan",14,No,DOKUMEN HUKUM: Undang-Undang Nomor 14 Tahun 1950 tentang Pemerintahan Daerah Kabupaten dalam Lingkungan Propinsi Djawa Barat  Pasal 1: Daerah - daerah...
140,akn_id_act_uu_1950_16.json,1950,1950 - 1954,Domain Tambahan,Barat Lembaran,"Domain Tambahan, Domain Pajak, Domain Hak, Domain Negara, Domain Barat","Barat Lembaran, Negara Republik, Lampiran Pelabuhan, Pajak Pasal, Pegawai Adalah, Desa Kota, Tingkat Kecamatan, Wilayah Agama, Peraturan Berlaku, Daerah Perkataan",15,No,"DOKUMEN HUKUM: Undang-Undang Nomor 16 Tahun 1950 tentang Pembentukan Daerah-Daerah Kota Besar Dalam Lingkungan Propinsi Jawa Timur, Jawa Tengah, Jawa ..."
141,akn_id_act_uu_1950_2.json,1950,1950 - 1954,Domain Tambahan,Negara Republik,"Domain Tambahan, Domain Hak, Domain Negara, Domain Barat","Negara Republik, Pegawai Adalah, Pengetahuan Ilmu, Pengadilan Surat, Paling Adalah, Barat Lembaran, Tambahan Ketentuan, Tingkat Kecamatan, Pemerintah Government, Daerah Papua, Hak Ciptaan, Lampiran Pelabuhan, Desa Kota, Daerah Perkataan, Uang Peraturan",19,No,"DOKUMEN HUKUM: Undang-Undang Nomor 2 Tahun 1950 tentang Menetapkan ""uu Drt Tentang Penerbitan Lembaran Negara Republik Indonesia Serikat dan Berita Ne..."
142,akn_id_act_uu_1950_3.json,1950,1950 - 1954,Domain Tambahan,Negara Republik,"Domain Tambahan, Domain Pajak, Domain Hak, Domain Negara, Domain Barat","Negara Republik, Pegawai Adalah, Pengadilan Surat, Paling Adalah, Barat Lembaran, Tingkat Kecamatan, Peraturan Berlaku, Pemerintah Government, Daerah Papua, Hak Ciptaan, Desa Kota, Wilayah Agama, Daerah Perkataan, Uang Peraturan",19,No,"DOKUMEN HUKUM: Undang-Undang Nomor 3 Tahun 1950 tentang Permohonan Grasi  Pasal 1: Atas hukuman-hukuman yang dijatuhkan oleh keputusan kehakiman, baik..."
143,akn_id_act_uu_1950_4.json,1950,1950 - 1954,Domain Hak,Paling Adalah,"Domain Hak, Domain Negara, Domain Barat","Paling Adalah, Uang Peraturan, Pegawai Adalah, Adalah Dana, Desa Kota, Pengadilan Surat, Laporan Huruf, Daerah Papua, Daerah Perkataan, Hak Ciptaan",13,No,"DOKUMEN HUKUM: Undang-Undang Nomor 4 Tahun 1950 tentang Penggantian Kerugian Anggota-anggota ""dewan Perwakilan Rakyat Republik Indonesia Serikat""  Pas..."
144,akn_id_act_uu_1950_5.json,1950,1950 - 1954,Domain Pajak,Barat Lembaran,"Domain Pajak, Domain Hak, Domain Negara, Domain Barat","Barat Lembaran, Paling Adalah, Uang Peraturan, Pegawai Adalah, Desa Kota, Pengadilan Surat, Tingkat Kecamatan, Wilayah Agama, Daerah Papua, Daerah Perkataan, Hak Ciptaan",15,No,"DOKUMEN HUKUM: Undang-Undang Nomor 5 Tahun 1950 tentang Menetapkan ""uu Drt Tentang Susunan dan Kekuasaan Pengadilan Kejaksaan dalam Lingkungan Peradil..."
145,akn_id_act_uu_1950_6.json,1950,1950 - 1954,Domain Tambahan,Negara Republik,"Domain Tambahan, Domain Pajak, Domain Hak, Domain Negara, Domain Barat","Negara Republik, Pegawai Adalah, Pengadilan Surat, Paling Adalah, Barat Lembaran, Tingkat Kecamatan, Peraturan Berlaku, Pemerintah Government, Daerah Papua, Hak Ciptaan, Desa Kota, Wilayah Agama, Daerah Perkataan, Uang Peraturan",19,No,"DOKUMEN HUKUM: Undang-Undang Nomor 6 Tahun 1950 tentang Menetapkan ""uu Drt Tentang Hukum Acara Pidana Pada Pengadilan Tentara"" Sebagai Uu Federal  Pas..."
146,akn_id_act_uu_1950_7.json,1950,1950 - 1954,Domain Tambahan,Barat Lembaran,"Domain Tambahan, Domain Hak, Domain Negara, Domain Barat","Barat Lembaran, Paling Adalah, Negara Republik, Uang Peraturan, Pegawai Adalah, Desa Kota, Pengetahuan Ilmu, Pengadilan Surat, Tingkat Kecamatan, Wilayah Agama, Pemerintah Government, Daerah Papua, Daerah Perkataan, Hak Ciptaan",18,No,DOKUMEN HUKUM: Undang-Undang Nomor 7 Tahun 1950 tentang Perubahan Konstitusi Sementara Republik Indonesia Serikat Menjadi Undang-undang Dasar Sementar...
147,akn_id_act_uu_1950_8.json,1950,1950 - 1954,Domain Tambahan,Perhitungan Ketentuan,"Domain Tambahan, Domain Pajak, Domain Hak, Domain Negara, Domain Barat","Perhitungan Ketentuan, Negara Republik, Lampiran Pelabuhan, Pajak Pasal, Pegawai Adalah, Uang Peraturan, Adalah Dana, Tambahan Ketentuan, Laporan Huruf, Pemerintah Government, Paling Adalah, Daerah Perkataan, Daerah Papua",18,No,DOKUMEN HUKUM: Undang-Undang Nomor 8 Tahun 1950 tentang Pinjaman Republik Indonesia Pada Bank Import Bank of Washington  Pasal 1: Menteri Keuangan dib...
148,akn_id_act_uu_1950_9.json,1950,1950 - 1954,Domain Tambahan,Perhitungan Ketentuan,"Domain Tambahan, Domain Pajak, Domain Hak, Domain Negara, Domain Barat","Perhitungan Ketentuan, Barat Lembaran, Negara Republik, Lampiran Pelabuhan, Pajak Pasal, Pegawai Adalah, Uang Peraturan, Tambahan Ketentuan, Pengadilan Surat, Laporan Huruf, Peraturan Berlaku, Paling Adalah, Daerah Perkataan",18,No,DOKUMEN HUKUM: Undang-Undang Nomor 9 Tahun 1950 tentang Penetapan Tarip Padjak Pendapatan untuk Tahun 1950  Pasal 1: 1. Buat menentukan besarnja padja...
149,akn_id_act_uu_1951_1.json,1951,1950 - 1954,Domain Tambahan,Negara Republik,"Domain Tambahan, Domain Pajak, Domain Hak, Domain Negara, Domain Barat","Negara Republik, Pegawai Adalah, Pengetahuan Ilmu, Pengadilan Surat, Paling Adalah, Barat Lembaran, Tambahan Ketentuan, Tingkat Kecamatan, Peraturan Berlaku, Pemerintah Government, Daerah Papua, Hak Ciptaan, Lampiran Pelabuhan, Desa Kota, Daerah Perkataan, Uang Peraturan",21,No,DOKUMEN HUKUM: Undang-Undang Nomor 1 Tahun 1951 tentang Pernyataan Berlakunya Undang-undang Kerja Tahun 1948 Nr. 12 dari Republik Indonesia untuk Selu...
150,akn_id_act_uu_1951_10.json,1951,1950 - 1954,Domain Pajak,Pegawai Adalah,"Domain Pajak, Domain Hak, Domain Negara, Domain Barat","Pegawai Adalah, Desa Kota, Pengadilan Surat, Peraturan Berlaku, Daerah Perkataan",9,No,DOKUMEN HUKUM: Undang-Undang Nomor 10 Tahun 1951 tentang Mengatur Tenaga Dokter Partikulir dalam Keadaan Genting  Pasal 1: Yang dimaksud dalam Undang ...
151,akn_id_act_uu_1951_11.json,1951,1950 - 1954,Domain Hak,Adalah Dana,"Domain Hak, Domain Negara","Adalah Dana, Uang Peraturan, Pengadilan Surat",5,No,DOKUMEN HUKUM: Undang-Undang Nomor 11 Tahun 1951 tentang Pengesahan Perjanjian Pinjaman Pertama Republik Indonesia dengan Export-Import Bank of Washin...
152,akn_id_act_uu_1951_12.json,1951,1950 - 1954,Domain Tambahan,Negara Republik,"Domain Tambahan, Domain Pajak, Domain Hak, Domain Negara, Domain Barat","Negara Republik, Pegawai Adalah, Pengadilan Surat, Paling Adalah, Barat Lembaran, Tambahan Ketentuan, Peraturan Berlaku, Pemerintah Government, Daerah Papua, Hak Ciptaan, Lampiran Pelabuhan, Wilayah Agama, Daerah Perkataan, Uang Peraturan",19,No,"DOKUMEN HUKUM: Undang-Undang Nomor 12 Tahun 1951 tentang Penghapusan Badan Hukum \""algemeene Volkscredietbank\""  Pasal 1: Dengan mencabut ordonansi te..."
153,akn_id_act_uu_1951_13.json,1951,1950 - 1954,Domain Hak,Laporan Huruf,Domain Hak,"Laporan Huruf, Paling Adalah",3,No,"DOKUMEN HUKUM: Undang-Undang Nomor 13 Tahun 1951 tentang Menetapkan \""undang-undang Darurat Tentang Menaikkan Jumlah Maksimum Porto dan Bea\"" Sebagai ..."
154,akn_id_act_uu_1951_14.json,1951,1950 - 1954,Domain Pajak,Belum Diklasifikasi,Domain Pajak,,1,No,DOKUMEN HUKUM: Undang-Undang Nomor 14 Tahun 1951 tentang Penggantian Pajak Bumi dengan Pajak Peralihan 1944  Pasal 1: Undang - undang No. 1 tahun 1949...
155,akn_id_act_uu_1951_15.json,1951,1950 - 1954,Domain Pajak,Uang Peraturan,"Domain Pajak, Domain Hak, Domain Negara","Uang Peraturan, Laporan Huruf, Paling Adalah, Daerah Perkataan",7,No,"DOKUMEN HUKUM: Undang-Undang Nomor 15 Tahun 1951 tentang Penetapan Undang-undang Darurat Tentang Perubahan Ordonansi Pajak Peralihan 1944, Ordonansi P..."
156,akn_id_act_uu_1951_16.json,1951,1950 - 1954,Domain Tambahan,Perhitungan Ketentuan,"Domain Tambahan, Domain Pajak, Domain Hak, Domain Negara, Domain Barat","Perhitungan Ketentuan, Negara Republik, Lampiran Pelabuhan, Pajak Pasal, Uang Peraturan, Tambahan Ketentuan, Wilayah Agama, Peraturan Berlaku, Daerah Perkataan",14,No,DOKUMEN HUKUM: Undang-Undang Nomor 16 Tahun 1951 tentang Penetapan Undang-undang Darurat Nr 22 Tahun 1950 Tentang Enurunan Cukai Tembakau Sebagai Unda...
157,akn_id_act_uu_1951_17.json,1951,1950 - 1954,Domain Barat,Negara Republik,"Domain Barat, Domain Tambahan, Domain Pajak, Domain Hak, Domain Negara","Negara Republik, Pegawai Adalah, Pengadilan Surat, Laporan Huruf, Paling Adalah, Adalah Dana, Tambahan Ketentuan, Peraturan Berlaku, Pemerintah Government, Daerah Papua, Hak Ciptaan, Lampiran Pelabuhan, Wilayah Agama, Daerah Perkataan, Perhitungan Ketentuan, Uang Peraturan, Pajak Pasal",22,No,"DOKUMEN HUKUM: Undang-Undang Nomor 17 Tahun 1951 tentang Menetapkan \""undang-undang Darurat Tentang Pengeluaran Uang Kertas Atas Tanggungan Republik I..."
158,akn_id_act_uu_1951_18.json,1951,1950 - 1954,Domain Barat,Negara Republik,"Domain Barat, Domain Tambahan, Domain Pajak, Domain Hak, Domain Negara","Negara Republik, Pegawai Adalah, Barat Lembaran, Tambahan Ketentuan, Tingkat Kecamatan, Peraturan Berlaku, Pemerintah Government, Daerah Papua, Lampiran Pelabuhan, Desa Kota, Wilayah Agama, Daerah Perkataan, Uang Peraturan, Pajak Pasal",19,No,DOKUMEN HUKUM: Undang-Undang Nomor 18 Tahun 1951 tentang Perubahan UU No. 15 Tahun 1950 RI untuk Penggabungan Daerah-Daerah Kabupaten Kulon-Progo dan ...
159,akn_id_act_uu_1951_19.json,1951,1950 - 1954,Domain Tambahan,Barat Lembaran,"Domain Tambahan, Domain Pajak, Domain Hak, Domain Negara, Domain Barat","Barat Lembaran, Negara Republik, Lampiran Pelabuhan, Pajak Pasal, Pegawai Adalah, Uang Peraturan, Tambahan Ketentuan, Tingkat Kecamatan, Wilayah Agama, Peraturan Berlaku, Pemerintah Government, Daerah Perkataan, Daerah Papua",18,No,"DOKUMEN HUKUM: Undang-Undang Nomor 19 Tahun 1951 tentang Penetapan ""undang-undang Darurat Nr 32 Tahun 1950 Tentang Penggabungan Pulau Weh ke dalam Dae..."
160,akn_id_act_uu_1951_2.json,1951,1950 - 1954,Domain Pajak,Paling Adalah,"Domain Pajak, Domain Hak, Domain Barat, Domain Negara","Paling Adalah, Pegawai Adalah, Uang Peraturan, Desa Kota, Pengadilan Surat, Pajak Pasal, Peraturan Berlaku, Daerah Papua, Daerah Perkataan, Hak Ciptaan",14,No,"DOKUMEN HUKUM: Undang-Undang Nomor 2 Tahun 1951 tentang Pernyataan Berlakunya Undang-undang Kecelakaan Tahun 1947 Nr. 33, dari Republik Indonesia untu..."
161,akn_id_act_uu_1951_20.json,1951,1950 - 1954,Domain Barat,Negara Republik,"Domain Barat, Domain Tambahan, Domain Pajak, Domain Hak, Domain Negara","Negara Republik, Pegawai Adalah, Pengadilan Surat, Paling Adalah, Adalah Dana, Tambahan Ketentuan, Peraturan Berlaku, Pemerintah Government, Daerah Papua, Hak Ciptaan, Lampiran Pelabuhan, Desa Kota, Wilayah Agama, Daerah Perkataan, Uang Peraturan, Pajak Pasal",21,No,DOKUMEN HUKUM: Undang-Undang Nomor 20 Tahun 1951 tentang Pembebasan Cukai Guna Pegawai-pegawai Diplomatik Atau Konsuler dari Negeri-negeri Asing yang ...
162,akn_id_act_uu_1951_21.json,1951,1950 - 1954,Domain Barat,Negara Republik,"Domain Barat, Domain Tambahan, Domain Pajak, Domain Hak, Domain Negara","Negara Republik, Pegawai Adalah, Pengetahuan Ilmu, Pengadilan Surat, Paling Adalah, Barat Lembaran, Tambahan Ketentuan, Tingkat Kecamatan, Peraturan Berlaku, Pemerintah Government, Daerah Papua, Hak Ciptaan, Lampiran Pelabuhan, Desa Kota, Wilayah Agama, Daerah Perkataan, Perhitungan Ketentuan, Uang Peraturan, Pajak Pasal",24,No,"DOKUMEN HUKUM: Undang-Undang Nomor 21 Tahun 1951 tentang Penghapusan \""centrale Verkooporganistie Van Ondernemingslandbouwproducten (c.v.o.)\""  Pasal ..."
163,akn_id_act_uu_1951_22.json,1951,1950 - 1954,Domain Barat,Negara Republik,"Domain Barat, Domain Tambahan, Domain Pajak, Domain Hak, Domain Negara","Negara Republik, Pegawai Adalah, Pengadilan Surat, Paling Adalah, Barat Lembaran, Tambahan Ketentuan, Tingkat Kecamatan, Peraturan Berlaku, Pemerintah Government, Daerah Papua, Hak Ciptaan, Lampiran Pelabuhan, Desa Kota, Wilayah Agama, Daerah Perkataan, Uang Peraturan, Pajak Pasal",22,No,"DOKUMEN HUKUM: Undang-Undang Nomor 22 Tahun 1951 tentang Menetapkan \""undang-undang Darurat Tentang Penetapan Kejahatan-kejahatan dan Pelanggaran-pela..."
164,akn_id_act_uu_1951_23.json,1951,1950 - 1954,Domain Barat,Negara Republik,"Domain Barat, Domain Tambahan, Domain Pajak, Domain Hak, Domain Negara","Negara Republik, Pegawai Adalah, Pengadilan Surat, Barat Lembaran, Tambahan Ketentuan, Tingkat Kecamatan, Peraturan Berlaku, Pemerintah Government, Daerah Papua, Hak Ciptaan, Lampiran Pelabuhan, Desa Kota, Wilayah Agama, Daerah Perkataan, Perhitungan Ketentuan, Uang Peraturan, Pajak Pasal",22,No,"DOKUMEN HUKUM: Undang-Undang Nomor 23 Tahun 1951 tentang Penyerahan Urusan Penilikan Pilem Kepada Kementrian Pendidikan, Pengajaran dan Kebudayaan  Pa..."
165,akn_id_act_uu_1951_24.json,1951,1950 - 1954,Domain Tambahan,Paling Adalah,"Domain Tambahan, Domain Pajak, Domain Hak, Domain Negara, Domain Barat","Paling Adalah, Negara Republik, Uang Peraturan, Pegawai Adalah, Adalah Dana, Tambahan Ketentuan, Pengadilan Surat, Daerah Papua, Daerah Perkataan, Hak Ciptaan",15,No,DOKUMEN HUKUM: Undang-Undang Nomor 24 Tahun 1951 tentang Nasionalisasi De Javasche Bank N.V.  Pasal 1: 1. Keperluan umum menghendaki supaya De Javasch...
166,akn_id_act_uu_1951_3.json,1951,1950 - 1954,Domain Tambahan,Negara Republik,"Domain Tambahan, Domain Hak, Domain Negara, Domain Barat","Negara Republik, Lampiran Pelabuhan, Uang Peraturan, Pegawai Adalah, Desa Kota, Pengadilan Surat, Pemerintah Government, Daerah Papua, Daerah Perkataan, Hak Ciptaan",14,No,DOKUMEN HUKUM: Undang-Undang Nomor 3 Tahun 1951 tentang Pernyataan Berlakunya Undang-undang Pengawasan Perburuhan Tahun 1948 Nr. 23 dari Republik Indo...
167,akn_id_act_uu_1951_4.json,1951,1950 - 1954,Domain Tambahan,Perhitungan Ketentuan,"Domain Tambahan, Domain Pajak, Domain Hak, Domain Negara, Domain Barat","Perhitungan Ketentuan, Negara Republik, Lampiran Pelabuhan, Pajak Pasal, Pegawai Adalah, Uang Peraturan, Tambahan Ketentuan, Peraturan Berlaku, Pemerintah Government, Daerah Perkataan, Daerah Papua",16,No,DOKUMEN HUKUM: Undang-Undang Nomor 4 Tahun 1951 tentang Memberikan Persetujuan Kepada Perjanjian Pinjaman Antara Pemerintah Kerajaan Nederland dan Pem...
168,akn_id_act_uu_1951_5.json,1951,1950 - 1954,Domain Tambahan,Perhitungan Ketentuan,"Domain Tambahan, Domain Pajak, Domain Hak, Domain Negara, Domain Barat","Perhitungan Ketentuan, Barat Lembaran, Negara Republik, Lampiran Pelabuhan, Pajak Pasal, Pegawai Adalah, Uang Peraturan, Tambahan Ketentuan, Peraturan Berlaku, Pemerintah Government, Daerah Perkataan",16,No,"DOKUMEN HUKUM: Undang-Undang Nomor 5 Tahun 1951 tentang Menetapkan Undang-undang Darurat Nr. 26 Tahun 1950 (lembaran-negara Nr. 48 Tahun 1950), Mengen..."
169,akn_id_act_uu_1951_6.json,1951,1950 - 1954,Domain Barat,Negara Republik,"Domain Barat, Domain Tambahan, Domain Pajak, Domain Hak, Domain Negara","Negara Republik, Pegawai Adalah, Pengadilan Surat, Paling Adalah, Barat Lembaran, Adalah Dana, Tambahan Ketentuan, Tingkat Kecamatan, Peraturan Berlaku, Pemerintah Government, Daerah Papua, Hak Ciptaan, Lampiran Pelabuhan, Desa Kota, Wilayah Agama, Daerah Perkataan, Perhitungan Ketentuan, Uang Peraturan, Pajak Pasal",24,No,"DOKUMEN HUKUM: Undang-Undang Nomor 6 Tahun 1951 tentang Gaji dan Tunjangan Kepada Ketua, Tunjangan-tunjangan, Biaya Perjalanan dan Penginapan Kepada A..."
170,akn_id_act_uu_1951_7.json,1951,1950 - 1954,Domain Tambahan,Negara Republik,"Domain Tambahan, Domain Pajak, Domain Hak, Domain Negara, Domain Barat","Negara Republik, Pegawai Adalah, Pengadilan Surat, Barat Lembaran, Tambahan Ketentuan, Tingkat Kecamatan, Peraturan Berlaku, Pemerintah Government, Daerah Papua, Hak Ciptaan, Lampiran Pelabuhan, Desa Kota, Wilayah Agama, Daerah Perkataan, Uang Peraturan",20,No,"DOKUMEN HUKUM: Undang-Undang Nomor 7 Tahun 1951 tentang Perubahan dan Tambahan Undang-Undang Lalu-Lintas Jalan (Wegverkeersordonnantie, Staatsblad 193..."
171,akn_id_act_uu_1951_8.json,1951,1950 - 1954,Domain Tambahan,Uang Peraturan,"Domain Tambahan, Domain Pajak, Domain Hak, Domain Negara","Uang Peraturan, Pegawai Adalah, Pengadilan Surat, Pajak Pasal, Peraturan Berlaku, Daerah Perkataan",10,No,DOKUMEN HUKUM: Undang-Undang Nomor 8 Tahun 1951 tentang Penangguhan Pemberian Surat Idzin Kepada Dokter dan Dokter Gigi  Pasal 2: Undang - undang Huku...
172,akn_id_act_uu_1951_9.json,1951,1950 - 1954,Domain Pajak,Negara Republik,"Domain Pajak, Domain Hak, Domain Negara, Domain Barat","Negara Republik, Uang Peraturan, Pegawai Adalah, Desa Kota, Pengadilan Surat, Tingkat Kecamatan, Wilayah Agama, Peraturan Berlaku, Daerah Papua, Daerah Perkataan, Hak Ciptaan",15,No,"DOKUMEN HUKUM: Undang-Undang Nomor 9 Tahun 1951 tentang Pembagian Tenaga Dokter, Dokter Gigi dan Bidan Secara Rasionil  Pasal 2: Larangan yang dimaksu..."
173,akn_id_act_uu_1952_1.json,1952,1950 - 1954,Domain Pajak,Barat Lembaran,"Domain Pajak, Domain Hak, Domain Negara, Domain Barat","Barat Lembaran, Paling Adalah, Uang Peraturan, Pegawai Adalah, Adalah Dana, Desa Kota, Pengetahuan Ilmu, Pengadilan Surat, Tingkat Kecamatan, Wilayah Agama, Peraturan Berlaku, Daerah Papua, Daerah Perkataan, Hak Ciptaan",18,No,DOKUMEN HUKUM: Undang-Undang Nomor 1 Tahun 1952 tentang Penetapan Undangundang Darurat Nr 2 Tahun 1951 Tentang Perubahan Quotrechtnordonnantiequot Sta...
174,akn_id_act_uu_1952_10.json,1952,1950 - 1954,Domain Hak,Paling Adalah,Domain Hak,"Paling Adalah, Daerah Perkataan",3,No,DOKUMEN HUKUM: Undang-Undang Nomor 10 Tahun 1952 tentang Penetapan Undang-undang Darurat Tentang Tambahan Pokok Bea (opsenten) Atas Bea-bea Masuk Sela...
175,akn_id_act_uu_1952_11.json,1952,1950 - 1954,Domain Tambahan,Perhitungan Ketentuan,"Domain Tambahan, Domain Pajak, Domain Hak, Domain Negara, Domain Barat","Perhitungan Ketentuan, Barat Lembaran, Negara Republik, Lampiran Pelabuhan, Pajak Pasal, Pegawai Adalah, Uang Peraturan, Tambahan Ketentuan, Peraturan Berlaku, Daerah Perkataan",15,No,DOKUMEN HUKUM: Undang-Undang Nomor 11 Tahun 1952 tentang Penetapan Undang-undang Darurat Tentang Tambahan Pokok Bea (opsenten) Atas Bea-bea Masuk Sela...
176,akn_id_act_uu_1952_12.json,1952,1950 - 1954,Domain Hak,Paling Adalah,Domain Hak,"Paling Adalah, Daerah Perkataan",3,No,DOKUMEN HUKUM: Undang-Undang Nomor 12 Tahun 1952 tentang Pembaharuan Bea-bea Spesifik dan Penggantiannya dengan Bea-bea Ad Valorem  Pasal 1: Tarip bea...
177,akn_id_act_uu_1952_13.json,1952,1950 - 1954,Domain Tambahan,Perhitungan Ketentuan,"Domain Tambahan, Domain Pajak, Domain Hak, Domain Negara, Domain Barat","Perhitungan Ketentuan, Barat Lembaran, Negara Republik, Lampiran Pelabuhan, Pajak Pasal, Pegawai Adalah, Uang Peraturan, Tambahan Ketentuan, Wilayah Agama, Peraturan Berlaku, Daerah Perkataan",16,No,DOKUMEN HUKUM: Undang-Undang Nomor 13 Tahun 1952 tentang Perubahan Berselang dari Jumlah Opsenten Atas Beberapa Pos dari Tarip Bea-bea Masuk  Pasal 1:...
178,akn_id_act_uu_1952_14.json,1952,1950 - 1954,Domain Tambahan,Pajak Pasal,"Domain Tambahan, Domain Pajak, Domain Hak, Domain Negara, Domain Barat","Pajak Pasal, Uang Peraturan, Adalah Dana, Peraturan Berlaku, Paling Adalah, Daerah Perkataan, Hak Ciptaan",12,No,"DOKUMEN HUKUM: Undang-Undang Nomor 14 Tahun 1952 tentang Penunjukan Jawatan Regi Garam Sebgai Perusahaan I.b.w. dengan Nama Baru \""perusahaan Garam da..."
179,akn_id_act_uu_1952_15.json,1952,1950 - 1954,Domain Hak,Paling Adalah,"Domain Hak, Domain Negara, Domain Barat","Paling Adalah, Adalah Dana, Pegawai Adalah, Desa Kota, Pengetahuan Ilmu, Pengadilan Surat, Daerah Papua, Daerah Perkataan, Hak Ciptaan",12,No,"DOKUMEN HUKUM: Undang-Undang Nomor 15 Tahun 1952 tentang Penetapan Undang-undang Darurat Tentang \""bursa\"" (lembaran Negara Nr 79 Tahun 1951) Sebagai ..."
180,akn_id_act_uu_1952_16.json,1952,1950 - 1954,Domain Tambahan,Negara Republik,"Domain Tambahan, Domain Pajak, Domain Negara, Domain Barat","Negara Republik, Lampiran Pelabuhan, Uang Peraturan, Pegawai Adalah, Tambahan Ketentuan, Peraturan Berlaku, Pemerintah Government",11,No,DOKUMEN HUKUM: Undang-Undang Nomor 16 Tahun 1952 tentang Persetujuan Perjanjian Persahabatan Antara Negara Republik Indonesia dan Negara India  Pasal ...
181,akn_id_act_uu_1952_17.json,1952,1950 - 1954,Domain Tambahan,Negara Republik,"Domain Tambahan, Domain Pajak, Domain Negara, Domain Barat","Negara Republik, Lampiran Pelabuhan, Uang Peraturan, Pegawai Adalah, Tambahan Ketentuan, Peraturan Berlaku, Pemerintah Government",11,No,DOKUMEN HUKUM: Undang-Undang Nomor 17 Tahun 1952 tentang Persetujuan Perjanjian Persahabatan Antara Negara Republik Indonesia dan Negara Pakistan  Pas...
182,akn_id_act_uu_1952_18.json,1952,1950 - 1954,Domain Tambahan,Negara Republik,"Domain Tambahan, Domain Pajak, Domain Negara, Domain Barat","Negara Republik, Lampiran Pelabuhan, Uang Peraturan, Pegawai Adalah, Tambahan Ketentuan, Peraturan Berlaku, Pemerintah Government",11,No,DOKUMEN HUKUM: Undang-Undang Nomor 18 Tahun 1952 tentang Persetujuan Perjanjian Persahabatan Antara Negara Republik Indonesia dan Negara Uni Birma  Pa...
183,akn_id_act_uu_1952_19.json,1952,1950 - 1954,Domain Tambahan,Negara Republik,"Domain Tambahan, Domain Pajak, Domain Negara, Domain Barat","Negara Republik, Lampiran Pelabuhan, Uang Peraturan, Pegawai Adalah, Tambahan Ketentuan, Peraturan Berlaku, Pemerintah Government, Daerah Papua",12,No,DOKUMEN HUKUM: Undang-Undang Nomor 19 Tahun 1952 tentang Persetujuan Perjanjian Persahabatan Antara Negara Republik Indonesia dan Negara Republik Phil...
184,akn_id_act_uu_1952_2.json,1952,1950 - 1954,Domain Barat,Negara Republik,"Domain Barat, Domain Tambahan, Domain Pajak, Domain Hak, Domain Negara","Negara Republik, Pegawai Adalah, Pengetahuan Ilmu, Pengadilan Surat, Paling Adalah, Barat Lembaran, Adalah Dana, Tambahan Ketentuan, Tingkat Kecamatan, Peraturan Berlaku, Pemerintah Government, Daerah Papua, Hak Ciptaan, Lampiran Pelabuhan, Desa Kota, Wilayah Agama, Daerah Perkataan, Perhitungan Ketentuan, Uang Peraturan, Pajak Pasal",25,No,"DOKUMEN HUKUM: Undang-Undang Nomor 2 Tahun 1952 tentang Penetapan ""undang-undang Darurat Tentang Pinjaman Darurat"" Sebagai Undang-undang  Pasal 1: Men..."
185,akn_id_act_uu_1952_20.json,1952,1950 - 1954,Domain Pajak,Uang Peraturan,"Domain Pajak, Domain Hak, Domain Negara, Domain Barat","Uang Peraturan, Pegawai Adalah, Pengadilan Surat, Daerah Perkataan",8,No,"DOKUMEN HUKUM: Undang-Undang Nomor 20 Tahun 1952 tentang Pensiun Pegawai Negeri Sipil  Pasal 1: Arti pegawai Negeri Dalam Undang - undang ini, yang di..."
186,akn_id_act_uu_1952_21.json,1952,1950 - 1954,Domain Hak,Paling Adalah,"Domain Hak, Domain Negara, Domain Barat","Paling Adalah, Uang Peraturan, Pegawai Adalah, Desa Kota, Pengetahuan Ilmu, Pengadilan Surat, Tingkat Kecamatan, Pemerintah Government, Daerah Papua, Daerah Perkataan, Hak Ciptaan",14,No,"DOKUMEN HUKUM: Undang-Undang Nomor 21 Tahun 1952 tentang Menetapkan ""undang-undang Darurat Tentang Hak Pengangkatan dan Pemberhentian Pegawai-pegawai ..."
187,akn_id_act_uu_1952_22.json,1952,1950 - 1954,Domain Hak,Pegawai Adalah,"Domain Hak, Domain Negara, Domain Barat","Pegawai Adalah, Pengadilan Surat, Wilayah Agama, Paling Adalah, Daerah Perkataan, Hak Ciptaan",9,No,DOKUMEN HUKUM: Undang-Undang Nomor 22 Tahun 1952 tentang Kemungkinan Hilangnya Surat Keputusan dan Surat-surat Pemeriksaan Pengadilan  Pasal 1: 1. Jik...
188,akn_id_act_uu_1952_23.json,1952,1950 - 1954,Domain Tambahan,Perhitungan Ketentuan,"Domain Tambahan, Domain Pajak, Domain Negara","Perhitungan Ketentuan, Negara Republik, Lampiran Pelabuhan, Uang Peraturan, Tambahan Ketentuan, Laporan Huruf, Pajak Pasal, Peraturan Berlaku, Daerah Perkataan",12,No,DOKUMEN HUKUM: Undang-Undang Nomor 23 Tahun 1952 tentang Penetapan Undang-undang Darurat Nr 3 Tahun 1950 (lembaran-negara Nr 4 Tahun 1950) Tentang Pun...
189,akn_id_act_uu_1952_24.json,1952,1950 - 1954,Domain Tambahan,Perhitungan Ketentuan,"Domain Tambahan, Domain Pajak, Domain Hak, Domain Negara","Perhitungan Ketentuan, Negara Republik, Lampiran Pelabuhan, Uang Peraturan, Tambahan Ketentuan, Laporan Huruf, Pajak Pasal, Peraturan Berlaku, Daerah Perkataan",13,No,DOKUMEN HUKUM: Undang-Undang Nomor 24 Tahun 1952 tentang Penetapan Undang-undang Darurat Tentang Pungutan Tambahan Pokok Pajak Mengenai Pajak Kekayaan...
190,akn_id_act_uu_1952_3.json,1952,1950 - 1954,Domain Tambahan,Perhitungan Ketentuan,"Domain Tambahan, Domain Pajak, Domain Hak, Domain Negara","Perhitungan Ketentuan, Negara Republik, Lampiran Pelabuhan, Uang Peraturan, Tambahan Ketentuan, Pajak Pasal, Peraturan Berlaku, Daerah Perkataan",12,No,"DOKUMEN HUKUM: Undang-Undang Nomor 3 Tahun 1952 tentang Penetapan ""undang-undang Darurat Tentang Memperpanjang Waktu Masih Terbukanya Dinas Tahun-angg..."
191,akn_id_act_uu_1952_4.json,1952,1950 - 1954,Domain Barat,Negara Republik,"Domain Barat, Domain Tambahan, Domain Pajak, Domain Hak, Domain Negara","Negara Republik, Pegawai Adalah, Pengadilan Surat, Paling Adalah, Barat Lembaran, Tambahan Ketentuan, Tingkat Kecamatan, Peraturan Berlaku, Pemerintah Government, Daerah Papua, Hak Ciptaan, Lampiran Pelabuhan, Desa Kota, Wilayah Agama, Daerah Perkataan, Perhitungan Ketentuan, Uang Peraturan, Pajak Pasal",23,No,"DOKUMEN HUKUM: Undang-Undang Nomor 4 Tahun 1952 tentang Penetapan Undang-undang Darurat Tentang Penetapan Berlakunya Undang-undang, Undang-undang Daru..."
192,akn_id_act_uu_1952_5.json,1952,1950 - 1954,Domain Tambahan,Perhitungan Ketentuan,"Domain Tambahan, Domain Pajak, Domain Hak, Domain Negara","Perhitungan Ketentuan, Negara Republik, Lampiran Pelabuhan, Uang Peraturan, Pajak Pasal, Peraturan Berlaku, Daerah Perkataan",11,No,DOKUMEN HUKUM: Undang-Undang Nomor 5 Tahun 1952 tentang Pembebasan Bea-masuk untuk Barang-barang Berupa Kiriman-kiriman Hadiah yang Bertujuan Kesejaht...
193,akn_id_act_uu_1952_6.json,1952,1950 - 1954,Domain Tambahan,Perhitungan Ketentuan,"Domain Tambahan, Domain Pajak, Domain Hak, Domain Negara, Domain Barat","Perhitungan Ketentuan, Barat Lembaran, Negara Republik, Lampiran Pelabuhan, Pajak Pasal, Pegawai Adalah, Uang Peraturan, Tambahan Ketentuan, Wilayah Agama, Peraturan Berlaku, Pemerintah Government, Daerah Perkataan",17,No,"DOKUMEN HUKUM: Undang-Undang Nomor 6 Tahun 1952 tentang Penetapan ""undang-undang Nr 6 Tahun 1951 untuk Mengubah ""grondhuur Ordonantie"" (stbl 1918 Nr 8..."
194,akn_id_act_uu_1952_7.json,1952,1950 - 1954,Domain Tambahan,Perhitungan Ketentuan,"Domain Tambahan, Domain Pajak, Domain Hak, Domain Negara, Domain Barat","Perhitungan Ketentuan, Barat Lembaran, Negara Republik, Lampiran Pelabuhan, Pajak Pasal, Pegawai Adalah, Uang Peraturan, Tambahan Ketentuan, Pengadilan Surat, Wilayah Agama, Peraturan Berlaku, Daerah Perkataan, Hak Ciptaan",18,No,DOKUMEN HUKUM: Undang-Undang Nomor 7 Tahun 1952 tentang Menetapkan Undang-undang Darurat Nr 14 Tahun 1951 Tentang Pemungutan Pajak Verponding Atas Tah...
195,akn_id_act_uu_1952_8.json,1952,1950 - 1954,Domain Tambahan,Perhitungan Ketentuan,"Domain Tambahan, Domain Pajak, Domain Hak, Domain Negara, Domain Barat","Perhitungan Ketentuan, Negara Republik, Lampiran Pelabuhan, Pajak Pasal, Uang Peraturan, Tambahan Ketentuan, Wilayah Agama, Peraturan Berlaku, Daerah Perkataan",14,No,DOKUMEN HUKUM: Undang-Undang Nomor 8 Tahun 1952 tentang Pemungutan Pajak Verponding Tahun 1952
196,akn_id_act_uu_1952_9.json,1952,1950 - 1954,Domain Tambahan,Perhitungan Ketentuan,"Domain Tambahan, Domain Pajak, Domain Hak, Domain Negara, Domain Barat","Perhitungan Ketentuan, Barat Lembaran, Negara Republik, Lampiran Pelabuhan, Pajak Pasal, Uang Peraturan, Tambahan Ketentuan, Wilayah Agama, Peraturan Berlaku, Daerah Perkataan",15,No,DOKUMEN HUKUM: Undang-Undang Nomor 9 Tahun 1952 tentang Perubahan Atas Ordonansi Pajak Perseroan Tahun 1925
197,akn_id_act_uu_1953_1.json,1953,1950 - 1954,Domain Pajak,Paling Adalah,"Domain Pajak, Domain Hak, Domain Negara, Domain Barat","Paling Adalah, Uang Peraturan, Pegawai Adalah, Adalah Dana, Desa Kota, Pengadilan Surat, Wilayah Agama, Daerah Papua, Daerah Perkataan, Hak Ciptaan",14,No,DOKUMEN HUKUM: Undang-Undang Nomor 1 Tahun 1953 tentang PENETAPAN UNDANG-UNDANG DARURAT TENTANG PENIMBUNAN BARANG-BARANG (UNDANG-UNDANG DARURAT NOMOR ...
198,akn_id_act_uu_1953_10.json,1953,1950 - 1954,Domain Barat,Negara Republik,"Domain Barat, Domain Tambahan, Domain Pajak, Domain Hak, Domain Negara","Negara Republik, Pegawai Adalah, Pengadilan Surat, Paling Adalah, Barat Lembaran, Adalah Dana, Tambahan Ketentuan, Tingkat Kecamatan, Peraturan Berlaku, Pemerintah Government, Daerah Papua, Hak Ciptaan, Lampiran Pelabuhan, Desa Kota, Wilayah Agama, Daerah Perkataan, Perhitungan Ketentuan, Uang Peraturan, Pajak Pasal",24,No,DOKUMEN HUKUM: Undang-Undang Nomor 10 Tahun 1953 tentang Kedudukan Keuangan Ketua dan Anggauta Dewan Perwakilan Rakyat Republik Indonesia  Pasal 6: Te...
199,akn_id_act_uu_1953_11.json,1953,1950 - 1954,Domain Hak,Uang Peraturan,"Domain Hak, Domain Negara","Uang Peraturan, Adalah Dana, Pengadilan Surat, Paling Adalah, Daerah Perkataan, Hak Ciptaan",8,No,DOKUMEN HUKUM: Undang-Undang Nomor 11 Tahun 1953 tentang Penetapan Undang-undang Pokok Bank Indonesia Penetapan Peraturan dalam Undang-undang Darurat ...
200,akn_id_act_uu_1953_12.json,1953,1950 - 1954,Domain Barat,Negara Republik,"Domain Barat, Domain Tambahan, Domain Pajak, Domain Hak, Domain Negara","Negara Republik, Pegawai Adalah, Pengadilan Surat, Paling Adalah, Barat Lembaran, Tambahan Ketentuan, Tingkat Kecamatan, Peraturan Berlaku, Pemerintah Government, Daerah Papua, Hak Ciptaan, Lampiran Pelabuhan, Desa Kota, Wilayah Agama, Daerah Perkataan, Uang Peraturan, Pajak Pasal",22,No,DOKUMEN HUKUM: Undang-Undang Nomor 12 Tahun 1953 tentang Penetapan Peraturan Dalam Undang-Undang Darurat Nomor 4 Tahun 1950 tentang Penerimaan Anggota...
201,akn_id_act_uu_1953_13.json,1953,1950 - 1954,Domain Barat,Negara Republik,"Domain Barat, Domain Tambahan, Domain Pajak, Domain Hak, Domain Negara","Negara Republik, Pegawai Adalah, Pengadilan Surat, Paling Adalah, Barat Lembaran, Tambahan Ketentuan, Tingkat Kecamatan, Peraturan Berlaku, Pemerintah Government, Daerah Papua, Hak Ciptaan, Lampiran Pelabuhan, Desa Kota, Wilayah Agama, Daerah Perkataan, Perhitungan Ketentuan, Uang Peraturan, Pajak Pasal",23,No,DOKUMEN HUKUM: Undang-Undang Nomor 13 Tahun 1953 tentang Penetapan Peraturan dalam Undang-undang Darurat Nomor 12 Tahun 1952 (lembaran-negara Nomor 84...
202,akn_id_act_uu_1953_14.json,1953,1950 - 1954,Domain Barat,Negara Republik,"Domain Barat, Domain Tambahan, Domain Pajak, Domain Hak, Domain Negara","Negara Republik, Pegawai Adalah, Pengadilan Surat, Paling Adalah, Barat Lembaran, Tambahan Ketentuan, Tingkat Kecamatan, Peraturan Berlaku, Pemerintah Government, Daerah Papua, Hak Ciptaan, Lampiran Pelabuhan, Desa Kota, Wilayah Agama, Daerah Perkataan, Perhitungan Ketentuan, Uang Peraturan, Pajak Pasal",23,No,DOKUMEN HUKUM: Undang-Undang Nomor 14 Tahun 1953 tentang Perlakuan Terhadap Anggota Angkatan Perang yang Diperhentikan dari Dinas Ketentaraan Karena T...
203,akn_id_act_uu_1953_15.json,1953,1950 - 1954,Domain Tambahan,Negara Republik,"Domain Tambahan, Domain Pajak, Domain Hak, Domain Negara, Domain Barat","Negara Republik, Uang Peraturan, Pegawai Adalah, Pengadilan Surat, Peraturan Berlaku, Pemerintah Government, Daerah Perkataan",12,No,DOKUMEN HUKUM: Undang-Undang Nomor 15 Tahun 1953 tentang Penerimaan Anggota Angkatan Perang Sukarela  Pasal 1: Penerimaan anggota Angkatan Perang sela...
204,akn_id_act_uu_1953_17.json,1953,1950 - 1954,Domain Tambahan,Perhitungan Ketentuan,"Domain Tambahan, Domain Pajak, Domain Hak, Domain Negara, Domain Barat","Perhitungan Ketentuan, Negara Republik, Lampiran Pelabuhan, Pajak Pasal, Pegawai Adalah, Uang Peraturan, Pengadilan Surat, Peraturan Berlaku, Pemerintah Government, Daerah Perkataan",15,No,DOKUMEN HUKUM: Undang-Undang Nomor 17 Tahun 1953 tentang Akibat-akibat dari Pada Undang-undang Tentang Kewajiban Anggota Angkatan Perang untuk Tetap d...
205,akn_id_act_uu_1953_18.json,1953,1950 - 1954,Domain Barat,Pegawai Adalah,"Domain Barat, Domain Tambahan, Domain Pajak, Domain Hak, Domain Negara","Pegawai Adalah, Pengadilan Surat, Laporan Huruf, Paling Adalah, Adalah Dana, Tambahan Ketentuan, Peraturan Berlaku, Hak Ciptaan, Lampiran Pelabuhan, Desa Kota, Daerah Perkataan, Perhitungan Ketentuan, Uang Peraturan, Pajak Pasal",19,No,DOKUMEN HUKUM: Undang-Undang Nomor 18 Tahun 1953 tentang Merawat Orang-orang Miskin dan Orang-orang yang Kurang Mampu  Pasal 3: Penetapan dan pertangg...
206,akn_id_act_uu_1953_19.json,1953,1950 - 1954,Belum Diklasifikasi,Paling Adalah,,Paling Adalah,1,Yes,DOKUMEN HUKUM: Undang-Undang Nomor 19 Tahun 1953 tentang Pengubahan Bea Pembubaran yang Ditetapkan dalam Pasal 5 Ayat 2 ï¿½jachtordonnantie Java En Ma...
207,akn_id_act_uu_1953_2.json,1953,1950 - 1954,Belum Diklasifikasi,Daerah Perkataan,,Daerah Perkataan,1,Yes,DOKUMEN HUKUM: Undang-Undang Nomor 2 Tahun 1953 tentang Mengubah dan Menambah Ordonansi Pajak Rumah Tangga 1908  Pasal 1: Ordonansi Pajak Rumah tangga...
208,akn_id_act_uu_1953_20.json,1953,1950 - 1954,Domain Barat,Negara Republik,"Domain Barat, Domain Tambahan, Domain Pajak, Domain Hak, Domain Negara","Negara Republik, Pegawai Adalah, Barat Lembaran, Adalah Dana, Tambahan Ketentuan, Peraturan Berlaku, Pemerintah Government, Daerah Papua, Hak Ciptaan, Lampiran Pelabuhan, Wilayah Agama, Daerah Perkataan, Perhitungan Ketentuan, Uang Peraturan, Pajak Pasal",20,No,DOKUMEN HUKUM: Undang-Undang Nomor 20 Tahun 1953 tentang Pengesahan Perjanjian Pinjaman Tambahan Republik Indonesia dengan Export-import Bank of Washi...
209,akn_id_act_uu_1953_21.json,1953,1950 - 1954,Domain Tambahan,Negara Republik,"Domain Tambahan, Domain Pajak, Domain Negara, Domain Barat","Negara Republik, Lampiran Pelabuhan, Uang Peraturan, Pegawai Adalah, Tambahan Ketentuan, Peraturan Berlaku, Pemerintah Government, Daerah Papua",12,No,DOKUMEN HUKUM: Undang-Undang Nomor 21 Tahun 1953 tentang Persetujuan Perjanjian Persahabatan Antara Republik Indonesia dan Republik Suria  Pasal 1: Pe...
210,akn_id_act_uu_1953_22.json,1953,1950 - 1954,Domain Tambahan,Perhitungan Ketentuan,"Domain Tambahan, Domain Pajak, Domain Hak, Domain Negara, Domain Barat","Perhitungan Ketentuan, Barat Lembaran, Negara Republik, Lampiran Pelabuhan, Pajak Pasal, Pegawai Adalah, Uang Peraturan, Tambahan Ketentuan, Pengadilan Surat, Wilayah Agama, Peraturan Berlaku, Pemerintah Government, Daerah Perkataan",18,No,DOKUMEN HUKUM: Undang-Undang Nomor 22 Tahun 1953 tentang Pembubaran Komisi Urusan Perburuhan  Pasal 1: Komisi Urusan Perburuhan sebagai dimaksudkan da...
211,akn_id_act_uu_1953_23.json,1953,1950 - 1954,Domain Hak,Paling Adalah,"Domain Hak, Domain Negara, Domain Barat","Paling Adalah, Uang Peraturan, Pegawai Adalah, Desa Kota, Pengetahuan Ilmu, Pengadilan Surat, Pemerintah Government, Daerah Papua, Daerah Perkataan, Hak Ciptaan",13,No,DOKUMEN HUKUM: Undang-Undang Nomor 23 Tahun 1953 tentang Kewajiban Melaporkan Perusahaan  Pasal 1: Dalam Undang - undang ini j ang dimaksudkan dengan:...
212,akn_id_act_uu_1953_24.json,1953,1950 - 1954,Domain Barat,Negara Republik,"Domain Barat, Domain Tambahan, Domain Pajak, Domain Hak, Domain Negara","Negara Republik, Pegawai Adalah, Pengadilan Surat, Barat Lembaran, Tambahan Ketentuan, Peraturan Berlaku, Pemerintah Government, Hak Ciptaan, Lampiran Pelabuhan, Wilayah Agama, Daerah Perkataan, Perhitungan Ketentuan, Uang Peraturan, Pajak Pasal",19,No,DOKUMEN HUKUM: Undang-Undang Nomor 24 Tahun 1953 tentang Penetapan ï¿½undang-undang Darurat Nomor 18 Tahun 1951 untuk Membatasi Masa Berlakunya Undang...
213,akn_id_act_uu_1953_25.json,1953,1950 - 1954,Domain Pajak,Paling Adalah,"Domain Pajak, Domain Hak, Domain Barat, Domain Negara","Paling Adalah, Pegawai Adalah, Uang Peraturan, Adalah Dana, Desa Kota, Pengadilan Surat, Pajak Pasal, Daerah Papua, Daerah Perkataan, Hak Ciptaan",14,No,"DOKUMEN HUKUM: Undang-Undang Nomor 25 Tahun 1953 tentang Penetapan ""undang-undang Darurat Nomor 12 Tahun 1950, Tentang Mengadakan Pajak Peredaran 1950..."
214,akn_id_act_uu_1953_26.json,1953,1950 - 1954,Domain Barat,Negara Republik,"Domain Barat, Domain Tambahan, Domain Pajak, Domain Hak, Domain Negara","Negara Republik, Pegawai Adalah, Pengadilan Surat, Laporan Huruf, Paling Adalah, Barat Lembaran, Adalah Dana, Tambahan Ketentuan, Peraturan Berlaku, Pemerintah Government, Hak Ciptaan, Lampiran Pelabuhan, Wilayah Agama, Daerah Perkataan, Perhitungan Ketentuan, Uang Peraturan, Pajak Pasal",22,No,"DOKUMEN HUKUM: Undang-Undang Nomor 26 Tahun 1953 tentang Penetapan ""undang-undang Darurat Tentang Larangan untuk Mempergunakan dan Memasukkan dalam Pe..."
215,akn_id_act_uu_1953_27.json,1953,1950 - 1954,Domain Tambahan,Paling Adalah,"Domain Tambahan, Domain Hak, Domain Negara, Domain Barat","Paling Adalah, Uang Peraturan, Pegawai Adalah, Adalah Dana, Tambahan Ketentuan, Pengadilan Surat, Daerah Papua, Daerah Perkataan, Hak Ciptaan",13,No,"DOKUMEN HUKUM: Undang-Undang Nomor 27 Tahun 1953 tentang Penetapan ""undang-undang Darurat Tentang Penghentian Berlakunya ""indische Muntwet 1912"" dan P..."
216,akn_id_act_uu_1953_28.json,1953,1950 - 1954,Domain Tambahan,Perhitungan Ketentuan,"Domain Tambahan, Domain Pajak, Domain Hak, Domain Negara, Domain Barat","Perhitungan Ketentuan, Barat Lembaran, Negara Republik, Lampiran Pelabuhan, Pajak Pasal, Pegawai Adalah, Uang Peraturan, Peraturan Berlaku, Daerah Perkataan",14,No,"DOKUMEN HUKUM: Undang-Undang Nomor 28 Tahun 1953 tentang Penetapan ""undang-undang Darurat Nomor 9 Tahun 1951,tentang Memperpanjang Waktu Berlakunya Op..."
217,akn_id_act_uu_1953_29.json,1953,1950 - 1954,Domain Tambahan,Perhitungan Ketentuan,"Domain Tambahan, Domain Pajak, Domain Hak, Domain Negara, Domain Barat","Perhitungan Ketentuan, Barat Lembaran, Pajak Pasal, Uang Peraturan, Adalah Dana, Tambahan Ketentuan, Laporan Huruf, Peraturan Berlaku, Paling Adalah, Daerah Perkataan",15,No,"DOKUMEN HUKUM: Undang-Undang Nomor 29 Tahun 1953 tentang Penetapan ï¿½undang-undang Darurat Nomor 4 Tahun 1953, Tentang Pengenaan Tambahan Opsenten At..."
218,akn_id_act_uu_1953_3.json,1953,1950 - 1954,Domain Tambahan,Negara Republik,"Domain Tambahan, Domain Pajak, Domain Hak, Domain Negara","Negara Republik, Pajak Pasal, Peraturan Berlaku, Daerah Perkataan",8,No,"DOKUMEN HUKUM: Undang-Undang Nomor 3 Tahun 1953 tentang Pembukaan Apotik  Pasal 2: Dalam tiap - tiap surat - izin, sebagaimana dimaksud dalam Pasal 1,..."
219,akn_id_act_uu_1953_30.json,1953,1950 - 1954,Domain Tambahan,Perhitungan Ketentuan,"Domain Tambahan, Domain Pajak, Domain Hak, Domain Negara","Perhitungan Ketentuan, Negara Republik, Lampiran Pelabuhan, Uang Peraturan, Tambahan Ketentuan, Pajak Pasal, Peraturan Berlaku, Pemerintah Government, Daerah Perkataan",13,No,"DOKUMEN HUKUM: Undang-Undang Nomor 30 Tahun 1953 tentang Penetapan ""uu Drt 4-1953 Tentang Pengenaan Tambahan Opsenten Atas Bensin dan Sebagainya""  Pas..."
220,akn_id_act_uu_1953_31.json,1953,1950 - 1954,Domain Barat,Negara Republik,"Domain Barat, Domain Tambahan, Domain Pajak, Domain Hak, Domain Negara","Negara Republik, Pegawai Adalah, Pengadilan Surat, Laporan Huruf, Paling Adalah, Barat Lembaran, Adalah Dana, Tambahan Ketentuan, Peraturan Berlaku, Pemerintah Government, Daerah Papua, Lampiran Pelabuhan, Wilayah Agama, Daerah Perkataan, Perhitungan Ketentuan, Uang Peraturan, Pajak Pasal",22,No,"DOKUMEN HUKUM: Undang-Undang Nomor 31 Tahun 1953 tentang Penetapan Undang-undang Darurat Nomor 15 Tahun 1952, untuk Pemungutan Pajak Verponding untuk ..."
221,akn_id_act_uu_1953_32.json,1953,1950 - 1954,Domain Tambahan,Perhitungan Ketentuan,"Domain Tambahan, Domain Pajak, Domain Hak, Domain Negara, Domain Barat","Perhitungan Ketentuan, Barat Lembaran, Negara Republik, Lampiran Pelabuhan, Pajak Pasal, Pegawai Adalah, Uang Peraturan, Tambahan Ketentuan, Pengadilan Surat, Wilayah Agama, Peraturan Berlaku, Pemerintah Government, Daerah Perkataan",18,No,"DOKUMEN HUKUM: Undang-Undang Nomor 32 Tahun 1953 tentang penetapan ""undang-undang Darurat Nomor 23 Tahun 1951, Tentang Pengubahan dan Penambahan Ordon..."
222,akn_id_act_uu_1953_33.json,1953,1950 - 1954,Domain Barat,Negara Republik,"Domain Barat, Domain Tambahan, Domain Pajak, Domain Hak, Domain Negara","Negara Republik, Pegawai Adalah, Pengadilan Surat, Paling Adalah, Barat Lembaran, Tambahan Ketentuan, Peraturan Berlaku, Pemerintah Government, Hak Ciptaan, Lampiran Pelabuhan, Wilayah Agama, Daerah Perkataan, Perhitungan Ketentuan, Uang Peraturan, Pajak Pasal",20,No,"DOKUMEN HUKUM: Undang-Undang Nomor 33 Tahun 1953 tentang Penetapan ï¿½undang-undang Darurat Nomor 19 Tahun 1951, Tentang Pemungutan Pajak Penjualanï¿½..."
223,akn_id_act_uu_1953_34.json,1953,1950 - 1954,Domain Tambahan,Perhitungan Ketentuan,"Domain Tambahan, Domain Pajak, Domain Hak, Domain Negara, Domain Barat","Perhitungan Ketentuan, Barat Lembaran, Negara Republik, Lampiran Pelabuhan, Pajak Pasal, Pegawai Adalah, Uang Peraturan, Tambahan Ketentuan, Laporan Huruf, Wilayah Agama, Peraturan Berlaku, Pemerintah Government, Daerah Perkataan",18,No,"DOKUMEN HUKUM: Undang-Undang Nomor 34 Tahun 1953 tentang Penetapan ""undang-undang Darurat Nomor 15 Tahun 1951, Penilaian dari Bagian-bagian Pendapatan..."
224,akn_id_act_uu_1953_35.json,1953,1950 - 1954,Domain Tambahan,Paling Adalah,"Domain Tambahan, Domain Pajak, Domain Hak, Domain Negara, Domain Barat","Paling Adalah, Pajak Pasal, Pegawai Adalah, Uang Peraturan, Adalah Dana, Desa Kota, Pengadilan Surat, Peraturan Berlaku, Daerah Papua, Daerah Perkataan, Hak Ciptaan",16,No,"DOKUMEN HUKUM: Undang-Undang Nomor 35 Tahun 1953 tentang Penetapan ï¿½undang-undang Darurat Nomor 19 Tahun 1951, Tentang Pemungutan Pajak Penjualanï¿½..."
225,akn_id_act_uu_1953_36.json,1953,1950 - 1954,Domain Hak,Belum Diklasifikasi,Domain Hak,,1,No,DOKUMEN HUKUM: Undang-Undang Nomor 36 Tahun 1953 tentang BANK TABUNGAN POS  Pasal 4: Tentang mengatur cara menabung. Cara menabung dan mengambil uang ...
226,akn_id_act_uu_1953_37.json,1953,1950 - 1954,Domain Tambahan,Perhitungan Ketentuan,"Domain Tambahan, Domain Pajak, Domain Hak, Domain Negara, Domain Barat","Perhitungan Ketentuan, Negara Republik, Lampiran Pelabuhan, Pajak Pasal, Pegawai Adalah, Uang Peraturan, Tambahan Ketentuan, Pengadilan Surat, Wilayah Agama, Peraturan Berlaku, Pemerintah Government, Daerah Perkataan",17,No,DOKUMEN HUKUM: Undang-Undang Nomor 37 Tahun 1953 tentang Penggantian Anggota Dewan Perwakilan Rakyat  Pasal 3: Apabila seorang yang diangkat sebagai p...
227,akn_id_act_uu_1953_4.json,1953,1950 - 1954,Domain Hak,Pegawai Adalah,"Domain Hak, Domain Barat","Pegawai Adalah, Desa Kota, Pengadilan Surat, Daerah Papua, Daerah Perkataan, Hak Ciptaan",8,No,DOKUMEN HUKUM: Undang-Undang Nomor 4 Tahun 1953 tentang Apotik Darurat  Pasal 2: Izin ini hanja berlaku untuk apotek jang tersebut di dalam surat - iz...
228,akn_id_act_uu_1953_5.json,1953,1950 - 1954,Domain Tambahan,Perhitungan Ketentuan,"Domain Tambahan, Domain Pajak, Domain Hak, Domain Negara, Domain Barat","Perhitungan Ketentuan, Barat Lembaran, Negara Republik, Lampiran Pelabuhan, Pajak Pasal, Uang Peraturan, Tambahan Ketentuan, Wilayah Agama, Peraturan Berlaku, Daerah Perkataan",15,No,DOKUMEN HUKUM: Undang-Undang Nomor 5 Tahun 1953 tentang Menetapkan Undang-undang Darurat Nomor 2 Tahun 1952 Tentang Kenaikan Tarip Pengenaan Pajak Per...
229,akn_id_act_uu_1953_6.json,1953,1950 - 1954,Domain Tambahan,Perhitungan Ketentuan,"Domain Tambahan, Domain Pajak, Domain Hak, Domain Negara, Domain Barat","Perhitungan Ketentuan, Barat Lembaran, Negara Republik, Pajak Pasal, Uang Peraturan, Wilayah Agama, Peraturan Berlaku, Daerah Perkataan",13,No,DOKUMEN HUKUM: Undang-Undang Nomor 6 Tahun 1953 tentang Pernyataan Perlunya Beberapa Tanah Partikelir Dikembalikan Menjadi Tanah Negeri
230,akn_id_act_uu_1953_7.json,1953,1950 - 1954,Domain Tambahan,Negara Republik,"Domain Tambahan, Domain Pajak, Domain Hak, Domain Negara, Domain Barat","Negara Republik, Pegawai Adalah, Pengadilan Surat, Paling Adalah, Barat Lembaran, Adalah Dana, Tambahan Ketentuan, Tingkat Kecamatan, Peraturan Berlaku, Daerah Papua, Hak Ciptaan, Desa Kota, Daerah Perkataan, Uang Peraturan",19,No,DOKUMEN HUKUM: Undang-Undang Nomor 7 Tahun 1953 tentang Pemilihan Anggota Konstituante dan Anggota Dewan Perwakilan Rakyat  Pasal 4: Menteri Kehakiman...
231,akn_id_act_uu_1953_8.json,1953,1950 - 1954,Domain Pajak,Uang Peraturan,"Domain Pajak, Domain Negara",Uang Peraturan,3,No,DOKUMEN HUKUM: Undang-Undang Nomor 8 Tahun 1953 tentang Penilaian Persediaan Uang Emas dan Bahan Uang Emas Pada De Javasche Bank  Pasal 1: Dengan memb...
232,akn_id_act_uu_1953_9.json,1953,1950 - 1954,Domain Tambahan,Negara Republik,"Domain Tambahan, Domain Pajak, Domain Hak, Domain Negara, Domain Barat","Negara Republik, Lampiran Pelabuhan, Uang Peraturan, Pegawai Adalah, Adalah Dana, Tambahan Ketentuan, Pengadilan Surat, Pemerintah Government, Daerah Perkataan, Daerah Papua",15,No,DOKUMEN HUKUM: Undang-Undang Nomor 9 Tahun 1953 tentang Pemberian Tunjangan yang Bersifat Pensiun Kepada Bekas Ketua dan Bekas Anggota Dewan Perwakila...
233,akn_id_act_uu_1954_1.json,1954,1950 - 1954,Domain Tambahan,Perhitungan Ketentuan,"Domain Tambahan, Domain Pajak, Domain Hak, Domain Negara, Domain Barat","Perhitungan Ketentuan, Barat Lembaran, Negara Republik, Lampiran Pelabuhan, Pajak Pasal, Pegawai Adalah, Uang Peraturan, Tambahan Ketentuan, Wilayah Agama, Peraturan Berlaku, Daerah Perkataan",16,No,DOKUMEN HUKUM: Undang-Undang Nomor 1 Tahun 1954 tentang Penetapan Undangundang Darurat No 11 Tahun 1952 Tentang Pengubahan dan Penambahan dari Quotord...
234,akn_id_act_uu_1954_10.json,1954,1950 - 1954,Domain Barat,Negara Republik,"Domain Barat, Domain Tambahan, Domain Pajak, Domain Hak, Domain Negara","Negara Republik, Pegawai Adalah, Pengadilan Surat, Laporan Huruf, Paling Adalah, Adalah Dana, Tambahan Ketentuan, Peraturan Berlaku, Pemerintah Government, Daerah Papua, Hak Ciptaan, Lampiran Pelabuhan, Desa Kota, Daerah Perkataan, Perhitungan Ketentuan, Uang Peraturan, Pajak Pasal",22,No,DOKUMEN HUKUM: Undang-Undang Nomor 10 Tahun 1954 tentang Penetapan Undang-undang Darurat No. 3 Tahun 1952 Sebagai Undang-undang  Pasal 1: Peraturan-pe...
235,akn_id_act_uu_1954_11.json,1954,1950 - 1954,Domain Tambahan,Barat Lembaran,"Domain Tambahan, Domain Hak, Domain Negara, Domain Barat","Barat Lembaran, Paling Adalah, Negara Republik, Lampiran Pelabuhan, Uang Peraturan, Pegawai Adalah, Tambahan Ketentuan, Desa Kota, Pengadilan Surat, Tingkat Kecamatan, Pemerintah Government, Daerah Papua, Daerah Perkataan, Hak Ciptaan",18,No,DOKUMEN HUKUM: Undang-Undang Nomor 11 Tahun 1954 tentang Penetapan Undang-undang Darurat No. 24 Tahun 1950 Tentang Peraturan Tambahan Perjalanan ke Lu...
236,akn_id_act_uu_1954_12.json,1954,1950 - 1954,Domain Tambahan,Barat Lembaran,"Domain Tambahan, Domain Pajak, Domain Hak, Domain Negara, Domain Barat","Barat Lembaran, Negara Republik, Lampiran Pelabuhan, Pajak Pasal, Pegawai Adalah, Uang Peraturan, Tambahan Ketentuan, Wilayah Agama, Peraturan Berlaku, Pemerintah Government, Daerah Perkataan, Daerah Papua",17,No,DOKUMEN HUKUM: Undang-Undang Nomor 12 Tahun 1954 tentang Pernyataan Berlakunya Undang-undang No 4 Tahun 1950 dari Republik Indonesia Dahulu Tentang Da...
237,akn_id_act_uu_1954_13.json,1954,1950 - 1954,Domain Hak,Barat Lembaran,"Domain Hak, Domain Barat","Barat Lembaran, Desa Kota, Tingkat Kecamatan, Daerah Perkataan",6,No,DOKUMEN HUKUM: Undang-Undang Nomor 13 Tahun 1954 tentang Pengubahan Undang-undang Nr 16 dan 17 Tahun 1950 (republik Indonesia Dahulu) Tentang Pembentu...
238,akn_id_act_uu_1954_14.json,1954,1950 - 1954,Domain Tambahan,Perhitungan Ketentuan,"Domain Tambahan, Domain Pajak, Domain Hak, Domain Negara, Domain Barat","Perhitungan Ketentuan, Barat Lembaran, Negara Republik, Lampiran Pelabuhan, Pajak Pasal, Pegawai Adalah, Uang Peraturan, Tambahan Ketentuan, Wilayah Agama, Peraturan Berlaku, Pemerintah Government, Daerah Perkataan, Hak Ciptaan",18,No,DOKUMEN HUKUM: Undang-Undang Nomor 14 Tahun 1954 tentang Pencabutan Ordonansi ï¿½uitvoerverbod Plantenmateriaal Negara Sumatera Timur 1949ï¿½ (staatsb...
239,akn_id_act_uu_1954_15.json,1954,1950 - 1954,Domain Barat,Negara Republik,"Domain Barat, Domain Tambahan, Domain Pajak, Domain Hak, Domain Negara","Negara Republik, Pegawai Adalah, Pengadilan Surat, Paling Adalah, Barat Lembaran, Tambahan Ketentuan, Peraturan Berlaku, Pemerintah Government, Daerah Papua, Hak Ciptaan, Lampiran Pelabuhan, Wilayah Agama, Daerah Perkataan, Perhitungan Ketentuan, Uang Peraturan, Pajak Pasal",21,No,DOKUMEN HUKUM: Undang-Undang Nomor 15 Tahun 1954 tentang Penetapan ï¿½undang-undang Darurat No. 7 Tahun 1951 (lembaran Negara No 26 Tahun 1951) untuk ...
240,akn_id_act_uu_1954_16.json,1954,1950 - 1954,Domain Barat,Negara Republik,"Domain Barat, Domain Tambahan, Domain Pajak, Domain Hak, Domain Negara","Negara Republik, Pegawai Adalah, Pengadilan Surat, Paling Adalah, Barat Lembaran, Tambahan Ketentuan, Peraturan Berlaku, Pemerintah Government, Daerah Papua, Lampiran Pelabuhan, Wilayah Agama, Daerah Perkataan, Perhitungan Ketentuan, Uang Peraturan, Pajak Pasal",20,No,DOKUMEN HUKUM: Undang-Undang Nomor 16 Tahun 1954 tentang Penetapan ï¿½undang-undang Darurat No. 25 Tahun 1951 (lembaran-negara No. 122 Tahun 1951) unt...
241,akn_id_act_uu_1954_17.json,1954,1950 - 1954,Domain Barat,Negara Republik,"Domain Barat, Domain Tambahan, Domain Pajak, Domain Hak, Domain Negara","Negara Republik, Pegawai Adalah, Pengadilan Surat, Paling Adalah, Barat Lembaran, Tambahan Ketentuan, Peraturan Berlaku, Pemerintah Government, Daerah Papua, Lampiran Pelabuhan, Wilayah Agama, Daerah Perkataan, Perhitungan Ketentuan, Uang Peraturan, Pajak Pasal",20,No,DOKUMEN HUKUM: Undang-Undang Nomor 17 Tahun 1954 tentang Penetapan ï¿½undang-undang Darurat No. 6 Tahun 1953 (lembaran-negara No. 25 Tahun 1953) untuk...
242,akn_id_act_uu_1954_18.json,1954,1950 - 1954,Domain Barat,Negara Republik,"Domain Barat, Domain Tambahan, Domain Pajak, Domain Hak, Domain Negara","Negara Republik, Pegawai Adalah, Pengadilan Surat, Paling Adalah, Barat Lembaran, Tambahan Ketentuan, Peraturan Berlaku, Pemerintah Government, Daerah Papua, Lampiran Pelabuhan, Wilayah Agama, Daerah Perkataan, Perhitungan Ketentuan, Uang Peraturan, Pajak Pasal",20,No,"DOKUMEN HUKUM: Undang-Undang Nomor 18 Tahun 1954 tentang Penetapan ""undang-undang Darurat No. 4 Tahun 1954 (lembaran-negara No. 12 Tahun 1954) Guna Me..."
243,akn_id_act_uu_1954_19.json,1954,1950 - 1954,Domain Tambahan,Perhitungan Ketentuan,"Domain Tambahan, Domain Pajak, Domain Hak, Domain Negara, Domain Barat","Perhitungan Ketentuan, Pajak Pasal, Pegawai Adalah, Uang Peraturan, Adalah Dana, Tambahan Ketentuan, Pengadilan Surat, Laporan Huruf, Peraturan Berlaku, Paling Adalah, Daerah Perkataan, Hak Ciptaan",17,No,DOKUMEN HUKUM: Undang-Undang Nomor 19 Tahun 1954 tentang Peraturan Penagihan Penghasilan Lebih Kepada Negara  Pasal 1: Umum. Yang dimaksud dalam Undan...
244,akn_id_act_uu_1954_2.json,1954,1950 - 1954,Domain Tambahan,Negara Republik,"Domain Tambahan, Domain Pajak, Domain Hak, Domain Negara, Domain Barat","Negara Republik, Pegawai Adalah, Pengadilan Surat, Paling Adalah, Barat Lembaran, Adalah Dana, Tambahan Ketentuan, Tingkat Kecamatan, Pemerintah Government, Daerah Papua, Hak Ciptaan, Lampiran Pelabuhan, Desa Kota, Daerah Perkataan, Uang Peraturan",20,No,"DOKUMEN HUKUM: Undang-Undang Nomor 2 Tahun 1954 tentang Kedudukan Keuangan Ketua, Wakil Ketua dan Anggota Dewan Perwakilan Rakyat  Pasal 6: Tentang pe..."
245,akn_id_act_uu_1954_20.json,1954,1950 - 1954,Domain Tambahan,Perhitungan Ketentuan,"Domain Tambahan, Domain Pajak, Domain Hak, Domain Negara, Domain Barat","Perhitungan Ketentuan, Barat Lembaran, Negara Republik, Lampiran Pelabuhan, Pajak Pasal, Pegawai Adalah, Uang Peraturan, Tambahan Ketentuan, Pengadilan Surat, Wilayah Agama, Peraturan Berlaku, Pemerintah Government, Daerah Perkataan",18,No,DOKUMEN HUKUM: Undang-Undang Nomor 20 Tahun 1954 tentang Penetapan Undang-undang Darurat No. 8 Tahun 1953 (lembaran-negara No. 54 Tahun 1953) Tentang ...
246,akn_id_act_uu_1954_21.json,1954,1950 - 1954,Domain Hak,Paling Adalah,"Domain Hak, Domain Negara, Domain Barat","Paling Adalah, Pegawai Adalah, Desa Kota, Pengadilan Surat, Daerah Papua, Daerah Perkataan, Hak Ciptaan",10,No,DOKUMEN HUKUM: Undang-Undang Nomor 21 Tahun 1954 tentang Perjanjian Perburuhan Antara Serikat Buruh dan Majikan  Pasal 5: Majikan dan buruh yang terik...
247,akn_id_act_uu_1954_22.json,1954,1950 - 1954,Domain Tambahan,Perhitungan Ketentuan,"Domain Tambahan, Domain Pajak, Domain Hak, Domain Negara, Domain Barat","Perhitungan Ketentuan, Negara Republik, Pajak Pasal, Pegawai Adalah, Uang Peraturan, Desa Kota, Pengadilan Surat, Tingkat Kecamatan, Wilayah Agama, Peraturan Berlaku, Paling Adalah, Daerah Perkataan, Hak Ciptaan",18,No,DOKUMEN HUKUM: Undang-Undang Nomor 22 Tahun 1954 tentang Undian  Pasal 2: Undang-undang ini tidak berlaku untuk undian yang diadakan: a. oleh Negara. ...
248,akn_id_act_uu_1954_23.json,1954,1950 - 1954,Domain Tambahan,Perhitungan Ketentuan,"Domain Tambahan, Domain Pajak, Domain Hak, Domain Negara, Domain Barat","Perhitungan Ketentuan, Negara Republik, Lampiran Pelabuhan, Pajak Pasal, Pegawai Adalah, Uang Peraturan, Tambahan Ketentuan, Pengadilan Surat, Wilayah Agama, Peraturan Berlaku, Daerah Perkataan",16,No,DOKUMEN HUKUM: Undang-Undang Nomor 23 Tahun 1954 tentang Pencabutan ï¿½persbreidel Ordonnantieï¿½  Pasal 1: Ordonnantie 7 September 1931 (Staatsblad 1...
249,akn_id_act_uu_1954_24.json,1954,1950 - 1954,Domain Tambahan,Perhitungan Ketentuan,"Domain Tambahan, Domain Pajak, Domain Hak, Domain Negara, Domain Barat","Perhitungan Ketentuan, Negara Republik, Lampiran Pelabuhan, Pajak Pasal, Pegawai Adalah, Uang Peraturan, Tambahan Ketentuan, Wilayah Agama, Peraturan Berlaku, Pemerintah Government, Daerah Perkataan",16,No,DOKUMEN HUKUM: Undang-Undang Nomor 24 Tahun 1954 tentang Penetapan Undang-undang Darurat Tentang Pemindahan Hak Tanah-tanah dan Barang-barang Tetap ya...
250,akn_id_act_uu_1954_25.json,1954,1950 - 1954,Domain Tambahan,Barat Lembaran,"Domain Tambahan, Domain Pajak, Domain Hak, Domain Negara, Domain Barat","Barat Lembaran, Negara Republik, Lampiran Pelabuhan, Uang Peraturan, Pegawai Adalah, Peraturan Berlaku, Daerah Perkataan",12,No,DOKUMEN HUKUM: Undang-Undang Nomor 25 Tahun 1954 tentang Perjanjian-perjanjian Pos Sedunia  Pasal 1: Dengan ini disetujui perjanjian-perjanjian yang b...
251,akn_id_act_uu_1954_26.json,1954,1950 - 1954,Domain Tambahan,Perhitungan Ketentuan,"Domain Tambahan, Domain Pajak, Domain Hak, Domain Negara, Domain Barat","Perhitungan Ketentuan, Negara Republik, Lampiran Pelabuhan, Pajak Pasal, Pegawai Adalah, Uang Peraturan, Adalah Dana, Tambahan Ketentuan, Pengadilan Surat, Laporan Huruf, Peraturan Berlaku, Paling Adalah, Daerah Perkataan",18,No,DOKUMEN HUKUM: Undang-Undang Nomor 26 Tahun 1954 tentang Pembayaran Kembali Pinjaman Nasional 1946  Pasal 1: Dengan meninggalkan ketentuan sebagai dim...
252,akn_id_act_uu_1954_27.json,1954,1950 - 1954,Domain Barat,Negara Republik,"Domain Barat, Domain Tambahan, Domain Pajak, Domain Hak, Domain Negara","Negara Republik, Pegawai Adalah, Pengadilan Surat, Paling Adalah, Barat Lembaran, Tambahan Ketentuan, Peraturan Berlaku, Hak Ciptaan, Lampiran Pelabuhan, Wilayah Agama, Daerah Perkataan, Perhitungan Ketentuan, Uang Peraturan, Pajak Pasal",19,No,"DOKUMEN HUKUM: Undang-Undang Nomor 27 Tahun 1954 tentang Penetapan Undang-undang Darurat No.1 Tahun 1954, Tentang Mempersatukan Opsenten yang Berlaku ..."
253,akn_id_act_uu_1954_28.json,1954,1950 - 1954,Domain Tambahan,Perhitungan Ketentuan,"Domain Tambahan, Domain Pajak, Domain Hak, Domain Negara, Domain Barat","Perhitungan Ketentuan, Negara Republik, Lampiran Pelabuhan, Pajak Pasal, Pegawai Adalah, Uang Peraturan, Tambahan Ketentuan, Pengadilan Surat, Wilayah Agama, Peraturan Berlaku, Pemerintah Government, Paling Adalah, Daerah Perkataan",18,No,DOKUMEN HUKUM: Undang-Undang Nomor 28 Tahun 1954 tentang Biaya Legalisasi Tanda Tangan  Pasal 1: Untuk setiap legalisasi tandatangan yang dilakukan ol...
254,akn_id_act_uu_1954_29.json,1954,1950 - 1954,Domain Hak,Pegawai Adalah,"Domain Hak, Domain Barat","Pegawai Adalah, Desa Kota, Pengadilan Surat, Daerah Papua, Daerah Perkataan, Hak Ciptaan",8,No,DOKUMEN HUKUM: Undang-Undang Nomor 29 Tahun 1954 tentang Pertahanan Negara Republik Indonesia  Pasal 1: Turut serta dalam pertahanan Negara yang berar...
255,akn_id_act_uu_1954_3.json,1954,1950 - 1954,Domain Tambahan,Perhitungan Ketentuan,"Domain Tambahan, Domain Pajak, Domain Hak, Domain Negara","Perhitungan Ketentuan, Negara Republik, Lampiran Pelabuhan, Uang Peraturan, Pajak Pasal, Peraturan Berlaku, Daerah Perkataan",11,No,DOKUMEN HUKUM: Undang-Undang Nomor 3 Tahun 1954 tentang Penetapan Undang-undang Darurat No. 1 Tahun 1953 Tentang Memungut Opsenten Atas Bea-masuk (lem...
256,akn_id_act_uu_1954_30.json,1954,1950 - 1954,Domain Tambahan,Negara Republik,"Domain Tambahan, Domain Hak, Domain Negara, Domain Barat","Negara Republik, Lampiran Pelabuhan, Uang Peraturan, Pegawai Adalah, Pengadilan Surat, Pemerintah Government, Daerah Perkataan, Daerah Papua",12,No,DOKUMEN HUKUM: Undang-Undang Nomor 30 Tahun 1954 tentang Tanda Kehormatan Sewindu Angkatan Perang Republik Indonesia  Pasal 1: Yang dimaksudkan dalam ...
257,akn_id_act_uu_1954_31.json,1954,1950 - 1954,Domain Tambahan,Perhitungan Ketentuan,"Domain Tambahan, Domain Pajak, Domain Negara","Perhitungan Ketentuan, Negara Republik, Lampiran Pelabuhan, Uang Peraturan, Adalah Dana, Tambahan Ketentuan, Laporan Huruf, Pajak Pasal, Peraturan Berlaku",12,No,DOKUMEN HUKUM: Undang-Undang Nomor 31 Tahun 1954 tentang Penetapan Undang-undang Darurat No. 5 Tahun 1954 Tentang Pemungutan Tambahan Pembayaran Atas ...
258,akn_id_act_uu_1954_32.json,1954,1950 - 1954,Domain Barat,Negara Republik,"Domain Barat, Domain Tambahan, Domain Pajak, Domain Hak, Domain Negara","Negara Republik, Pegawai Adalah, Pengadilan Surat, Paling Adalah, Barat Lembaran, Tambahan Ketentuan, Tingkat Kecamatan, Peraturan Berlaku, Pemerintah Government, Daerah Papua, Hak Ciptaan, Lampiran Pelabuhan, Desa Kota, Wilayah Agama, Daerah Perkataan, Uang Peraturan, Pajak Pasal",22,No,DOKUMEN HUKUM: Undang-Undang Nomor 32 Tahun 1954 tentang Penetapan Berlakunya Undang-undang Republik Indonesia Tanggal 21 Nopember 1946 No.22 Tahun 19...
259,akn_id_act_uu_1954_33.json,1954,1950 - 1954,Belum Diklasifikasi,Pengadilan Surat,,Pengadilan Surat,1,Yes,DOKUMEN HUKUM: Undang-Undang Nomor 33 Tahun 1954 tentang Wakil Notaris dan Wakil Notaris Sementara  Pasal 1: Dalam Undang-undang ini yang dimaksud den...
260,akn_id_act_uu_1954_34.json,1954,1950 - 1954,Domain Hak,Paling Adalah,"Domain Hak, Domain Negara, Domain Barat","Paling Adalah, Uang Peraturan, Pegawai Adalah, Desa Kota, Pengadilan Surat, Daerah Papua, Daerah Perkataan, Hak Ciptaan",11,No,"DOKUMEN HUKUM: Undang-Undang Nomor 34 Tahun 1954 tentang Pemakaian Gelar ""akuntan"" (""accontant"")  Pasal 1: Dengan tidak mengurangi ketentuan dalam per..."
261,akn_id_act_uu_1954_35.json,1954,1950 - 1954,Domain Tambahan,Negara Republik,"Domain Tambahan, Domain Pajak, Domain Negara","Negara Republik, Lampiran Pelabuhan, Uang Peraturan, Pegawai Adalah, Tambahan Ketentuan, Pajak Pasal, Peraturan Berlaku, Pemerintah Government",11,No,DOKUMEN HUKUM: Undang-Undang Nomor 35 Tahun 1954 tentang Pengesahan Persetujuan Tambahan Antara Republik Indonesia dengan Export Import Bank of Washin...
262,akn_id_act_uu_1954_36.json,1954,1950 - 1954,Domain Tambahan,Perhitungan Ketentuan,"Domain Tambahan, Domain Pajak, Domain Hak, Domain Negara, Domain Barat","Perhitungan Ketentuan, Barat Lembaran, Negara Republik, Lampiran Pelabuhan, Pajak Pasal, Uang Peraturan, Tambahan Ketentuan, Wilayah Agama, Peraturan Berlaku, Daerah Perkataan",15,No,DOKUMEN HUKUM: Undang-Undang Nomor 36 Tahun 1954 tentang Penetapan Tarip Pajak Perseroan  Pasal 1: Ordonansi pajak perseroan 1925 (Staatsblad 1925 No....
263,akn_id_act_uu_1954_37.json,1954,1950 - 1954,Domain Tambahan,Negara Republik,"Domain Tambahan, Domain Pajak, Domain Negara, Domain Barat","Negara Republik, Lampiran Pelabuhan, Uang Peraturan, Pegawai Adalah, Tambahan Ketentuan, Peraturan Berlaku, Pemerintah Government, Daerah Papua",12,No,DOKUMEN HUKUM: Undang-Undang Nomor 37 Tahun 1954 tentang Persetujuan Perjanjian Persahabatan Antara Negara Republik Indonesia dan Kerajaan Thailand  P...
264,akn_id_act_uu_1954_38.json,1954,1950 - 1954,Domain Barat,Negara Republik,"Domain Barat, Domain Tambahan, Domain Pajak, Domain Hak, Domain Negara","Negara Republik, Pegawai Adalah, Laporan Huruf, Barat Lembaran, Adalah Dana, Tambahan Ketentuan, Peraturan Berlaku, Pemerintah Government, Daerah Papua, Lampiran Pelabuhan, Daerah Perkataan, Perhitungan Ketentuan, Uang Peraturan, Pajak Pasal",19,No,DOKUMEN HUKUM: Undang-Undang Nomor 38 Tahun 1954 tentang Penetapan Bagian I (pemerintah Agung dan Badan-badan Pemerintah Tertinggi) dari Anggaran Repu...
265,akn_id_act_uu_1954_39.json,1954,1950 - 1954,Domain Tambahan,Perhitungan Ketentuan,"Domain Tambahan, Domain Pajak, Domain Hak, Domain Negara, Domain Barat","Perhitungan Ketentuan, Barat Lembaran, Negara Republik, Lampiran Pelabuhan, Pajak Pasal, Pegawai Adalah, Uang Peraturan, Tambahan Ketentuan, Peraturan Berlaku, Pemerintah Government, Daerah Perkataan, Daerah Papua",17,No,DOKUMEN HUKUM: Undang-Undang Nomor 39 Tahun 1954 tentang Penetapan Bagian Ii (kementrian Luar Negeri) dari Anggaran Republik Indonesia untuk Tahun-tah...
266,akn_id_act_uu_1954_4.json,1954,1950 - 1954,Domain Barat,Pegawai Adalah,"Domain Barat, Domain Tambahan, Domain Pajak, Domain Hak, Domain Negara","Pegawai Adalah, Pengadilan Surat, Laporan Huruf, Paling Adalah, Barat Lembaran, Adalah Dana, Tambahan Ketentuan, Peraturan Berlaku, Daerah Papua, Hak Ciptaan, Desa Kota, Daerah Perkataan, Perhitungan Ketentuan, Uang Peraturan, Pajak Pasal",20,No,DOKUMEN HUKUM: Undang-Undang Nomor 4 Tahun 1954 tentang Penetapan Undang-undang Darurat No. 8 Tahun 1951 Tentang Pengubahan Reglemene A yang Dilampirk...
267,akn_id_act_uu_1954_40.json,1954,1950 - 1954,Domain Tambahan,Perhitungan Ketentuan,"Domain Tambahan, Domain Pajak, Domain Hak, Domain Negara, Domain Barat","Perhitungan Ketentuan, Barat Lembaran, Negara Republik, Lampiran Pelabuhan, Pajak Pasal, Pegawai Adalah, Uang Peraturan, Tambahan Ketentuan, Laporan Huruf, Peraturan Berlaku, Pemerintah Government, Daerah Perkataan, Daerah Papua",18,No,DOKUMEN HUKUM: Undang-Undang Nomor 40 Tahun 1954 tentang Penetapan Bagian Iii (kementrian dalam Negeri) dari Anggaran Republik Indonesia untuk Tahun-t...
268,akn_id_act_uu_1954_41.json,1954,1950 - 1954,Domain Barat,Negara Republik,"Domain Barat, Domain Tambahan, Domain Pajak, Domain Hak, Domain Negara","Negara Republik, Pegawai Adalah, Laporan Huruf, Barat Lembaran, Adalah Dana, Tambahan Ketentuan, Peraturan Berlaku, Pemerintah Government, Daerah Papua, Lampiran Pelabuhan, Daerah Perkataan, Perhitungan Ketentuan, Uang Peraturan, Pajak Pasal",19,No,DOKUMEN HUKUM: Undang-Undang Nomor 41 Tahun 1954 tentang Penetapan Bagian Iv (kementrian Keuangan) dari Anggaran Republik Indonesia untuk Tahun-tahun ...
269,akn_id_act_uu_1954_42.json,1954,1950 - 1954,Domain Negara,Laporan Huruf,Domain Negara,"Laporan Huruf, Uang Peraturan, Adalah Dana",4,No,DOKUMEN HUKUM: Undang-Undang Nomor 42 Tahun 1954 tentang Penetapan Bagian Iva (urusan Penyelenggaraan Keuangan dan Perhitungan-perhitungannya Mengenai...
270,akn_id_act_uu_1954_43.json,1954,1950 - 1954,Belum Diklasifikasi,Adalah Dana,,Adalah Dana,1,Yes,DOKUMEN HUKUM: Undang-Undang Nomor 43 Tahun 1954 tentang Penetapan Bagian Va (kementrian Pertanian) dari Anggaran Republik Indonesia untuk Tahun-tahun...
271,akn_id_act_uu_1954_44.json,1954,1950 - 1954,Domain Tambahan,Uang Peraturan,"Domain Tambahan, Domain Negara","Uang Peraturan, Adalah Dana, Tambahan Ketentuan, Laporan Huruf",6,No,DOKUMEN HUKUM: Undang-Undang Nomor 44 Tahun 1954 tentang Penetapan Bagian Vb (kementrian Perkonomian) dari Anggaran Republik Indonesia untuk Tahun-tah...
272,akn_id_act_uu_1954_45.json,1954,1950 - 1954,Domain Tambahan,Perhitungan Ketentuan,"Domain Tambahan, Domain Pajak, Domain Hak, Domain Negara, Domain Barat","Perhitungan Ketentuan, Barat Lembaran, Negara Republik, Lampiran Pelabuhan, Pajak Pasal, Pegawai Adalah, Uang Peraturan, Tambahan Ketentuan, Peraturan Berlaku, Pemerintah Government, Daerah Perkataan, Daerah Papua",17,No,DOKUMEN HUKUM: Undang-Undang Nomor 45 Tahun 1954 tentang Penetapan Bagian Vi (kementrian Pertahanan) dari Anggaran Republik Indonesia untuk Tahun-tahu...
273,akn_id_act_uu_1954_46.json,1954,1950 - 1954,Domain Tambahan,Perhitungan Ketentuan,"Domain Tambahan, Domain Pajak, Domain Hak, Domain Negara, Domain Barat","Perhitungan Ketentuan, Barat Lembaran, Negara Republik, Lampiran Pelabuhan, Pajak Pasal, Pegawai Adalah, Uang Peraturan, Tambahan Ketentuan, Laporan Huruf, Peraturan Berlaku, Pemerintah Government, Daerah Perkataan, Daerah Papua",18,No,DOKUMEN HUKUM: Undang-Undang Nomor 46 Tahun 1954 tentang Penetapan Bagian Vii (kementrian Kehakiman) dari Anggaran Republik Indonesia untuk Tahun-tahu...
274,akn_id_act_uu_1954_47.json,1954,1950 - 1954,Domain Pajak,Uang Peraturan,"Domain Pajak, Domain Hak, Domain Negara","Uang Peraturan, Adalah Dana, Laporan Huruf",6,No,DOKUMEN HUKUM: Undang-Undang Nomor 47 Tahun 1954 tentang Penetapan Bagian Viiia (kementrian Perhubungan) dari Anggaran Republik Indonesia untuk Tahun-...
275,akn_id_act_uu_1954_48.json,1954,1950 - 1954,Belum Diklasifikasi,Adalah Dana,,Adalah Dana,1,Yes,DOKUMEN HUKUM: Undang-Undang Nomor 48 Tahun 1954 tentang Penetapan Bagian Viiib (kementrian Perhubungan-jawatan Pelayaran) dari Anggaran Republik Indo...
276,akn_id_act_uu_1954_49.json,1954,1950 - 1954,Domain Tambahan,Perhitungan Ketentuan,"Domain Tambahan, Domain Pajak, Domain Barat, Domain Negara","Perhitungan Ketentuan, Barat Lembaran, Negara Republik, Lampiran Pelabuhan, Uang Peraturan, Pegawai Adalah, Tambahan Ketentuan, Pajak Pasal, Peraturan Berlaku, Pemerintah Government",14,No,DOKUMEN HUKUM: Undang-Undang Nomor 49 Tahun 1954 tentang Penetapan Bagian Ix (kementrian Penerangan) dari Anggaran Republik Indonesia untuk Tahun-tahu...
277,akn_id_act_uu_1954_5.json,1954,1950 - 1954,Domain Tambahan,Paling Adalah,"Domain Tambahan, Domain Hak, Domain Negara, Domain Barat","Paling Adalah, Negara Republik, Uang Peraturan, Pegawai Adalah, Adalah Dana, Tambahan Ketentuan, Pengadilan Surat, Pemerintah Government, Daerah Papua, Daerah Perkataan, Hak Ciptaan",15,No,DOKUMEN HUKUM: Undang-Undang Nomor 5 Tahun 1954 tentang Keanggotaan Republik Indonesia dari Dana Moneter Internasional (international Monetery Fund) d...
278,akn_id_act_uu_1954_50.json,1954,1950 - 1954,Domain Tambahan,Perhitungan Ketentuan,"Domain Tambahan, Domain Pajak, Domain Hak, Domain Negara, Domain Barat","Perhitungan Ketentuan, Barat Lembaran, Negara Republik, Lampiran Pelabuhan, Pajak Pasal, Pegawai Adalah, Uang Peraturan, Tambahan Ketentuan, Peraturan Berlaku, Pemerintah Government, Daerah Perkataan, Daerah Papua",17,No,"DOKUMEN HUKUM: Undang-Undang Nomor 50 Tahun 1954 tentang Penetapan Bagian X (kementrian Pendidikan, Pengajaran dan Kebudayaan) dari Anggaran Republik ..."
279,akn_id_act_uu_1954_51.json,1954,1950 - 1954,Domain Tambahan,Perhitungan Ketentuan,"Domain Tambahan, Domain Pajak, Domain Hak, Domain Negara, Domain Barat","Perhitungan Ketentuan, Barat Lembaran, Negara Republik, Lampiran Pelabuhan, Pajak Pasal, Pegawai Adalah, Uang Peraturan, Tambahan Ketentuan, Laporan Huruf, Peraturan Berlaku, Pemerintah Government, Daerah Perkataan, Daerah Papua",18,No,DOKUMEN HUKUM: Undang-Undang Nomor 51 Tahun 1954 tentang Penetapan Bagian Xi (kementrian Kesehatan) dari Anggaran Republik Indonesia untuk Tahun-tahun...
280,akn_id_act_uu_1954_52.json,1954,1950 - 1954,Domain Hak,Adalah Dana,"Domain Hak, Domain Negara","Adalah Dana, Uang Peraturan, Paling Adalah",5,No,DOKUMEN HUKUM: Undang-Undang Nomor 52 Tahun 1954 tentang Penetapan Bagian Xii (kementrian Sosial) dari Anggaran Republik Indonesia untuk Tahun-tahun D...
281,akn_id_act_uu_1954_53.json,1954,1950 - 1954,Domain Tambahan,Perhitungan Ketentuan,"Domain Tambahan, Domain Pajak, Domain Hak, Domain Negara, Domain Barat","Perhitungan Ketentuan, Barat Lembaran, Negara Republik, Lampiran Pelabuhan, Pajak Pasal, Pegawai Adalah, Uang Peraturan, Tambahan Ketentuan, Peraturan Berlaku, Pemerintah Government, Daerah Perkataan, Daerah Papua",17,No,DOKUMEN HUKUM: Undang-Undang Nomor 53 Tahun 1954 tentang Penetapan Bagian Xiii (kementrian Perburuhan) dari Anggaran Republik Indonesia untuk Tahun-ta...
282,akn_id_act_uu_1954_54.json,1954,1950 - 1954,Belum Diklasifikasi,Paling Adalah,,Paling Adalah,1,Yes,DOKUMEN HUKUM: Undang-Undang Nomor 54 Tahun 1954 tentang Penetapan Bagian Xiv (kementrian Agama) dari Anggaran Republik Indonesia untuk Tahun-tahun Di...
283,akn_id_act_uu_1954_55.json,1954,1950 - 1954,Domain Tambahan,Perhitungan Ketentuan,"Domain Tambahan, Domain Pajak, Domain Hak, Domain Negara, Domain Barat","Perhitungan Ketentuan, Barat Lembaran, Negara Republik, Lampiran Pelabuhan, Pajak Pasal, Pegawai Adalah, Uang Peraturan, Tambahan Ketentuan, Laporan Huruf, Peraturan Berlaku, Pemerintah Government, Daerah Perkataan, Daerah Papua",18,No,DOKUMEN HUKUM: Undang-Undang Nomor 55 Tahun 1954 tentang Penetapan Bagian Xv (kementrian Urusan Pegawai) dari Anggaran Republik Indonesia untuk Tahun-...
284,akn_id_act_uu_1954_56.json,1954,1950 - 1954,Belum Diklasifikasi,Adalah Dana,,Adalah Dana,1,Yes,DOKUMEN HUKUM: Undang-Undang Nomor 56 Tahun 1954 tentang Penetapan Bagian Xvi (kementrian Pekerjaan Umum dan Tenaga) dari Anggaran Republik Indonesia ...
285,akn_id_act_uu_1954_57.json,1954,1950 - 1954,Domain Barat,Negara Republik,"Domain Barat, Domain Tambahan, Domain Pajak, Domain Hak, Domain Negara","Negara Republik, Pegawai Adalah, Laporan Huruf, Barat Lembaran, Tambahan Ketentuan, Peraturan Berlaku, Pemerintah Government, Daerah Papua, Lampiran Pelabuhan, Wilayah Agama, Daerah Perkataan, Perhitungan Ketentuan, Uang Peraturan, Pajak Pasal",19,No,DOKUMEN HUKUM: Undang-Undang Nomor 57 Tahun 1954 tentang Penetapan Bagian I.b.w. I (jawatan Pegadaian) dari Anggaran Republik Indonesia untuk Tahun-ta...
286,akn_id_act_uu_1954_58.json,1954,1950 - 1954,Domain Tambahan,Perhitungan Ketentuan,"Domain Tambahan, Domain Pajak, Domain Hak, Domain Negara, Domain Barat","Perhitungan Ketentuan, Barat Lembaran, Negara Republik, Lampiran Pelabuhan, Pajak Pasal, Pegawai Adalah, Uang Peraturan, Tambahan Ketentuan, Laporan Huruf, Peraturan Berlaku, Pemerintah Government, Daerah Perkataan, Daerah Papua",18,No,DOKUMEN HUKUM: Undang-Undang Nomor 58 Tahun 1954 tentang Penetapan Bagian I.b.w Ii (perusahaan Garam dan Soda Negeri) dari Anggaran Republik Indonesia...
287,akn_id_act_uu_1954_59.json,1954,1950 - 1954,Domain Barat,Negara Republik,"Domain Barat, Domain Tambahan, Domain Pajak, Domain Hak, Domain Negara","Negara Republik, Pegawai Adalah, Laporan Huruf, Barat Lembaran, Tambahan Ketentuan, Peraturan Berlaku, Pemerintah Government, Daerah Papua, Lampiran Pelabuhan, Wilayah Agama, Daerah Perkataan, Perhitungan Ketentuan, Uang Peraturan, Pajak Pasal",19,No,DOKUMEN HUKUM: Undang-Undang Nomor 59 Tahun 1954 tentang Penetapan Bagiani.b.w. Iii (pusat Perkebunan Negara) dari Anggaran Republik Indonesia untuk T...
288,akn_id_act_uu_1954_6.json,1954,1950 - 1954,Domain Hak,Pegawai Adalah,"Domain Hak, Domain Barat","Pegawai Adalah, Desa Kota, Pengadilan Surat, Paling Adalah, Daerah Perkataan, Hak Ciptaan",8,No,DOKUMEN HUKUM: Undang-Undang Nomor 6 Tahun 1954 tentang Penetapan Hak Angket Dewan Perwakilan Rakyat  Pasal 4: Saksi-saksi dan ahli-ahli datang kepada...
289,akn_id_act_uu_1954_60.json,1954,1950 - 1954,Domain Barat,Negara Republik,"Domain Barat, Domain Tambahan, Domain Pajak, Domain Hak, Domain Negara","Negara Republik, Pegawai Adalah, Laporan Huruf, Barat Lembaran, Tambahan Ketentuan, Peraturan Berlaku, Pemerintah Government, Daerah Papua, Lampiran Pelabuhan, Wilayah Agama, Daerah Perkataan, Perhitungan Ketentuan, Uang Peraturan, Pajak Pasal",19,No,DOKUMEN HUKUM: Undang-Undang Nomor 60 Tahun 1954 tentang Penetapan Bagian I.b.w. Iv (percetakan Negara) dari Anggaran Republik Indonesia untuk Tahun-t...
290,akn_id_act_uu_1954_61.json,1954,1950 - 1954,Domain Barat,Negara Republik,"Domain Barat, Domain Tambahan, Domain Pajak, Domain Hak, Domain Negara","Negara Republik, Pegawai Adalah, Laporan Huruf, Barat Lembaran, Tambahan Ketentuan, Peraturan Berlaku, Pemerintah Government, Daerah Papua, Lampiran Pelabuhan, Wilayah Agama, Daerah Perkataan, Perhitungan Ketentuan, Uang Peraturan, Pajak Pasal",19,No,"DOKUMEN HUKUM: Undang-Undang Nomor 61 Tahun 1954 tentang Penetapan Bagian I.b.w. V (jawatan Pos, Telegrap dan Telepon) dari Anggaran Republik Indonesi..."
291,akn_id_act_uu_1954_62.json,1954,1950 - 1954,Domain Tambahan,Perhitungan Ketentuan,"Domain Tambahan, Domain Pajak, Domain Hak, Domain Negara, Domain Barat","Perhitungan Ketentuan, Barat Lembaran, Negara Republik, Lampiran Pelabuhan, Pajak Pasal, Pegawai Adalah, Uang Peraturan, Tambahan Ketentuan, Peraturan Berlaku, Pemerintah Government, Daerah Perkataan, Daerah Papua",17,No,DOKUMEN HUKUM: Undang-Undang Nomor 62 Tahun 1954 tentang Penetapan Bagian I.b.w. Vi (perusahaan Negeri untuk Pembangkit Tenaga Listrik) dari Anggaran ...
292,akn_id_act_uu_1954_63.json,1954,1950 - 1954,Domain Barat,Negara Republik,"Domain Barat, Domain Tambahan, Domain Pajak, Domain Hak, Domain Negara","Negara Republik, Pegawai Adalah, Laporan Huruf, Barat Lembaran, Tambahan Ketentuan, Peraturan Berlaku, Pemerintah Government, Daerah Papua, Lampiran Pelabuhan, Wilayah Agama, Daerah Perkataan, Perhitungan Ketentuan, Uang Peraturan, Pajak Pasal",19,No,DOKUMEN HUKUM: Undang-Undang Nomor 63 Tahun 1954 tentang Penetapan Bagian I.b.w. Vii (pelabuhan Makasar) dari Anggaran Republik Indonesia untuk Tahun-...
293,akn_id_act_uu_1954_64.json,1954,1950 - 1954,Domain Tambahan,Perhitungan Ketentuan,"Domain Tambahan, Domain Pajak, Domain Hak, Domain Negara, Domain Barat","Perhitungan Ketentuan, Barat Lembaran, Negara Republik, Lampiran Pelabuhan, Pajak Pasal, Pegawai Adalah, Uang Peraturan, Tambahan Ketentuan, Wilayah Agama, Peraturan Berlaku, Pemerintah Government, Daerah Perkataan, Daerah Papua",18,No,DOKUMEN HUKUM: Undang-Undang Nomor 64 Tahun 1954 tentang Penetapan Bagian I.b.w. Viii (pelabuhan Teluk Bayur(padang) dari Anggaran Republik Indonesia ...
294,akn_id_act_uu_1954_65.json,1954,1950 - 1954,Domain Tambahan,Perhitungan Ketentuan,"Domain Tambahan, Domain Pajak, Domain Hak, Domain Negara, Domain Barat","Perhitungan Ketentuan, Barat Lembaran, Negara Republik, Lampiran Pelabuhan, Pajak Pasal, Pegawai Adalah, Uang Peraturan, Tambahan Ketentuan, Laporan Huruf, Peraturan Berlaku, Pemerintah Government, Daerah Perkataan, Daerah Papua",18,No,DOKUMEN HUKUM: Undang-Undang Nomor 65 Tahun 1954 tentang Penetapan Bagian I.b.w. Ix (pelabuhan Belawan) dari Anggaran Republik Indonesia untuk Tahun-t...
295,akn_id_act_uu_1954_66.json,1954,1950 - 1954,Domain Barat,Negara Republik,"Domain Barat, Domain Tambahan, Domain Pajak, Domain Hak, Domain Negara","Negara Republik, Pegawai Adalah, Laporan Huruf, Barat Lembaran, Tambahan Ketentuan, Peraturan Berlaku, Pemerintah Government, Daerah Papua, Lampiran Pelabuhan, Wilayah Agama, Daerah Perkataan, Perhitungan Ketentuan, Uang Peraturan, Pajak Pasal",19,No,DOKUMEN HUKUM: Undang-Undang Nomor 66 Tahun 1954 tentang Penetapan Bagian I.b.w. X (pelabuhan Semarang) dari Anggaran Republik Indonesia untuk Tahun-t...
296,akn_id_act_uu_1954_67.json,1954,1950 - 1954,Domain Barat,Negara Republik,"Domain Barat, Domain Tambahan, Domain Pajak, Domain Hak, Domain Negara","Negara Republik, Pegawai Adalah, Laporan Huruf, Barat Lembaran, Tambahan Ketentuan, Peraturan Berlaku, Pemerintah Government, Daerah Papua, Lampiran Pelabuhan, Wilayah Agama, Daerah Perkataan, Perhitungan Ketentuan, Uang Peraturan, Pajak Pasal",19,No,DOKUMEN HUKUM: Undang-Undang Nomor 67 Tahun 1954 tentang Penetapan Bagian I.b.w. Xi (pelabuhan Tanjung Priuk) dari Anggaran Republik Indonesia untuk T...
297,akn_id_act_uu_1954_68.json,1954,1950 - 1954,Domain Barat,Negara Republik,"Domain Barat, Domain Tambahan, Domain Pajak, Domain Hak, Domain Negara","Negara Republik, Pegawai Adalah, Laporan Huruf, Barat Lembaran, Tambahan Ketentuan, Peraturan Berlaku, Pemerintah Government, Daerah Papua, Lampiran Pelabuhan, Wilayah Agama, Daerah Perkataan, Perhitungan Ketentuan, Uang Peraturan, Pajak Pasal",19,No,DOKUMEN HUKUM: Undang-Undang Nomor 68 Tahun 1954 tentang Penetapan Bagian I.b.w. Xii (pelabuhan Surabaya) dari Anggaran Republik Indonesia untuk Tahun...
298,akn_id_act_uu_1954_69.json,1954,1950 - 1954,Domain Tambahan,Perhitungan Ketentuan,"Domain Tambahan, Domain Pajak, Domain Hak, Domain Negara, Domain Barat","Perhitungan Ketentuan, Barat Lembaran, Negara Republik, Lampiran Pelabuhan, Pajak Pasal, Pegawai Adalah, Uang Peraturan, Tambahan Ketentuan, Wilayah Agama, Peraturan Berlaku, Pemerintah Government, Daerah Perkataan, Daerah Papua",18,No,DOKUMEN HUKUM: Undang-Undang Nomor 69 Tahun 1954 tentang Penetapan Bagian I.b.w. Xiii (perusahaan Tambang Timah di di Bangka) dari Anggaran Republik I...
299,akn_id_act_uu_1954_7.json,1954,1950 - 1954,Domain Tambahan,Perhitungan Ketentuan,"Domain Tambahan, Domain Pajak, Domain Hak, Domain Negara, Domain Barat","Perhitungan Ketentuan, Negara Republik, Lampiran Pelabuhan, Pajak Pasal, Pegawai Adalah, Uang Peraturan, Tambahan Ketentuan, Pengadilan Surat, Peraturan Berlaku, Pemerintah Government, Daerah Perkataan",16,No,DOKUMEN HUKUM: Undang-Undang Nomor 7 Tahun 1954 tentang Pemindahan Kekuasaan Menteri Urusan Pegawai Kepada Perdana Menteri Berhubung dengan Penghapusa...
300,akn_id_act_uu_1954_70.json,1954,1950 - 1954,Domain Tambahan,Negara Republik,"Domain Tambahan, Domain Pajak, Domain Negara, Domain Barat","Negara Republik, Lampiran Pelabuhan, Uang Peraturan, Pegawai Adalah, Tambahan Ketentuan, Pemerintah Government, Daerah Papua",11,No,DOKUMEN HUKUM: Undang-Undang Nomor 70 Tahun 1954 tentang Penetapan Bagian I.b.w. Xiv (perusahaan Batu Bara Umbilin) dari Anggaran Republik Indonesia u...
301,akn_id_act_uu_1954_71.json,1954,1950 - 1954,Domain Barat,Negara Republik,"Domain Barat, Domain Tambahan, Domain Pajak, Domain Hak, Domain Negara","Negara Republik, Pegawai Adalah, Laporan Huruf, Barat Lembaran, Tambahan Ketentuan, Peraturan Berlaku, Pemerintah Government, Daerah Papua, Lampiran Pelabuhan, Wilayah Agama, Daerah Perkataan, Perhitungan Ketentuan, Uang Peraturan, Pajak Pasal",19,No,DOKUMEN HUKUM: Undang-Undang Nomor 71 Tahun 1954 tentang Penetapan Bagian I.b.w. Xv (perusahaan Batu Bara Bukit Asam) dari Anggaran Republik Indonesia...
302,akn_id_act_uu_1954_72.json,1954,1950 - 1954,Domain Tambahan,Perhitungan Ketentuan,"Domain Tambahan, Domain Pajak, Domain Hak, Domain Negara, Domain Barat","Perhitungan Ketentuan, Barat Lembaran, Negara Republik, Lampiran Pelabuhan, Pajak Pasal, Pegawai Adalah, Uang Peraturan, Tambahan Ketentuan, Laporan Huruf, Peraturan Berlaku, Pemerintah Government, Daerah Perkataan, Daerah Papua",18,No,DOKUMEN HUKUM: Undang-Undang Nomor 72 Tahun 1954 tentang Penetapan Bagian I.b.w. Xvi (jawatan Kereta Api) dari Anggaran Republik Indonesia untuk Tahun...
303,akn_id_act_uu_1954_73.json,1954,1950 - 1954,Domain Barat,Negara Republik,"Domain Barat, Domain Tambahan, Domain Pajak, Domain Hak, Domain Negara","Negara Republik, Pegawai Adalah, Laporan Huruf, Barat Lembaran, Tambahan Ketentuan, Peraturan Berlaku, Pemerintah Government, Daerah Papua, Lampiran Pelabuhan, Wilayah Agama, Daerah Perkataan, Perhitungan Ketentuan, Uang Peraturan, Pajak Pasal",19,No,DOKUMEN HUKUM: Undang-Undang Nomor 73 Tahun 1954 tentang Penetapan Bagian I.b.w. Xvii (perusahaan Reproduksi Jawatan Topograpi) dari Anggaran Republik...
304,akn_id_act_uu_1954_74.json,1954,1950 - 1954,Domain Barat,Negara Republik,"Domain Barat, Domain Tambahan, Domain Pajak, Domain Hak, Domain Negara","Negara Republik, Pegawai Adalah, Laporan Huruf, Barat Lembaran, Tambahan Ketentuan, Peraturan Berlaku, Pemerintah Government, Daerah Papua, Lampiran Pelabuhan, Wilayah Agama, Daerah Perkataan, Perhitungan Ketentuan, Uang Peraturan, Pajak Pasal",19,No,DOKUMEN HUKUM: Undang-Undang Nomor 74 Tahun 1954 tentang Penetapan Bagian I.b.w. Xviii (penataran Angkatan Laut) dari Anggaran Republik Indonesia untu...
305,akn_id_act_uu_1954_75.json,1954,1950 - 1954,Domain Hak,Paling Adalah,"Domain Hak, Domain Negara, Domain Barat","Paling Adalah, Pegawai Adalah, Desa Kota, Pengadilan Surat, Daerah Papua, Daerah Perkataan, Hak Ciptaan",10,No,"DOKUMEN HUKUM: Undang-Undang Nomor 75 Tahun 1954 tentang Acara Pidana Khusus untuk Anggota Dewan Perwakilan Rakyat Penetapan ""undang-undang Darurat No..."
306,akn_id_act_uu_1954_76.json,1954,1950 - 1954,Belum Diklasifikasi,Paling Adalah,,Paling Adalah,1,Yes,"DOKUMEN HUKUM: Undang-Undang Nomor 76 Tahun 1954 tentang Acara Pidana Khusus untuk Anggota Dewan Perwakilan Rakyat Penetapan ""undang-undang Darurat No..."
307,akn_id_act_uu_1954_8.json,1954,1950 - 1954,Domain Tambahan,Barat Lembaran,"Domain Tambahan, Domain Pajak, Domain Hak, Domain Negara, Domain Barat","Barat Lembaran, Negara Republik, Lampiran Pelabuhan, Uang Peraturan, Pegawai Adalah, Tambahan Ketentuan, Pengadilan Surat, Peraturan Berlaku, Pemerintah Government, Daerah Perkataan, Daerah Papua",16,No,DOKUMEN HUKUM: Undang-Undang Nomor 8 Tahun 1954 tentang Penetapan Undang-undang Darurat No. 23 Tahun 1950 (lembaran-negara No. 38 Tahun 1950) Tentang ...
308,akn_id_act_uu_1954_9.json,1954,1950 - 1954,Domain Tambahan,Barat Lembaran,"Domain Tambahan, Domain Hak, Domain Negara, Domain Barat","Barat Lembaran, Negara Republik, Lampiran Pelabuhan, Uang Peraturan, Pegawai Adalah, Tambahan Ketentuan, Pemerintah Government, Daerah Perkataan, Daerah Papua",13,No,DOKUMEN HUKUM: Undang-Undang Nomor 9 Tahun 1954 tentang Penetapan Undang-undang Darurat No. 24 Tahun 1951 Tentang Pengubahan Beberapa Pos Tarip Bea Ma...
309,akn_id_act_uu_1955_1.json,1955,1955 - 1959,Domain Barat,Negara Republik,"Domain Barat, Domain Tambahan, Domain Pajak, Domain Hak, Domain Negara","Negara Republik, Pegawai Adalah, Pengadilan Surat, Laporan Huruf, Paling Adalah, Barat Lembaran, Adalah Dana, Tambahan Ketentuan, Peraturan Berlaku, Lampiran Pelabuhan, Daerah Perkataan, Perhitungan Ketentuan, Uang Peraturan, Pajak Pasal",19,No,"DOKUMEN HUKUM: Undang-Undang Nomor 1 Tahun 1955 tentang Penetapan ""undang-undang Darurat No. 2 Tahun 1954 (lembaran-negara No.5 Tahun 1954) Tentang Me..."
310,akn_id_act_uu_1955_10.json,1955,1955 - 1959,Domain Tambahan,Negara Republik,"Domain Tambahan, Domain Hak, Domain Negara, Domain Barat","Negara Republik, Lampiran Pelabuhan, Uang Peraturan, Pegawai Adalah, Wilayah Agama, Pemerintah Government, Daerah Papua",11,No,"DOKUMEN HUKUM: Undang-Undang Nomor 10 Tahun 1955 tentang Pengubahan Nama Universiteit, Universitet, Universitit, Faculteit, Facultet dan Facultit Menj..."
311,akn_id_act_uu_1955_11.json,1955,1955 - 1959,Domain Barat,Negara Republik,"Domain Barat, Domain Tambahan, Domain Pajak, Domain Hak, Domain Negara","Negara Republik, Pegawai Adalah, Pengadilan Surat, Laporan Huruf, Paling Adalah, Barat Lembaran, Adalah Dana, Tambahan Ketentuan, Peraturan Berlaku, Pemerintah Government, Daerah Papua, Lampiran Pelabuhan, Wilayah Agama, Daerah Perkataan, Perhitungan Ketentuan, Uang Peraturan, Pajak Pasal",22,No,DOKUMEN HUKUM: Undang-Undang Nomor 11 Tahun 1955 tentang Pemberian Kuasa Kepada Menteri Keuangan untuk Mengambil Uang-muka Pada Bank Indonesia Lebih d...
312,akn_id_act_uu_1955_12.json,1955,1955 - 1959,Domain Barat,Pegawai Adalah,"Domain Barat, Domain Tambahan, Domain Pajak, Domain Hak, Domain Negara","Pegawai Adalah, Pengadilan Surat, Laporan Huruf, Paling Adalah, Barat Lembaran, Adalah Dana, Tambahan Ketentuan, Peraturan Berlaku, Daerah Papua, Lampiran Pelabuhan, Daerah Perkataan, Perhitungan Ketentuan, Uang Peraturan, Pajak Pasal",19,No,"DOKUMEN HUKUM: Undang-Undang Nomor 12 Tahun 1955 tentang Penetapan Undang-undang Darurat No. 3 Tahun 1954 (tentang Mengubah ""indonesische Comptabiltei..."
313,akn_id_act_uu_1955_2.json,1955,1955 - 1959,Domain Tambahan,Perhitungan Ketentuan,"Domain Tambahan, Domain Pajak, Domain Hak, Domain Negara","Perhitungan Ketentuan, Negara Republik, Lampiran Pelabuhan, Uang Peraturan, Tambahan Ketentuan, Wilayah Agama, Pajak Pasal, Peraturan Berlaku, Daerah Perkataan",13,No,DOKUMEN HUKUM: Undang-Undang Nomor 2 Tahun 1955 tentang Pengubahan dan Tambahan Ordonansi Bea-statistik)
314,akn_id_act_uu_1955_3.json,1955,1955 - 1959,Domain Tambahan,Perhitungan Ketentuan,"Domain Tambahan, Domain Pajak, Domain Hak, Domain Negara","Perhitungan Ketentuan, Negara Republik, Lampiran Pelabuhan, Uang Peraturan, Tambahan Ketentuan, Wilayah Agama, Pajak Pasal, Peraturan Berlaku, Daerah Perkataan",13,No,DOKUMEN HUKUM: Undang-Undang Nomor 3 Tahun 1955 tentang Pengubahan dan Tambahan Ordonansi Bea-keluar-umum 1949)
315,akn_id_act_uu_1955_4.json,1955,1955 - 1959,Domain Hak,Desa Kota,"Domain Hak, Domain Negara, Domain Barat","Desa Kota, Pengadilan Surat, Daerah Perkataan, Hak Ciptaan",7,No,DOKUMEN HUKUM: Undang-Undang Nomor 4 Tahun 1955 tentang Penetapan Undang-undang Darurat No. 9 Tahun 1952 (lembaran-negara No. 59 Tahun 1952) Tentang P...
316,akn_id_act_uu_1955_5.json,1955,1955 - 1959,Domain Tambahan,Negara Republik,"Domain Tambahan, Domain Pajak, Domain Hak, Domain Negara, Domain Barat","Negara Republik, Lampiran Pelabuhan, Uang Peraturan, Pegawai Adalah, Tambahan Ketentuan, Pengadilan Surat, Pemerintah Government, Paling Adalah, Daerah Perkataan, Daerah Papua",15,No,"DOKUMEN HUKUM: Undang-Undang Nomor 5 Tahun 1955 tentang Pengubahan Undang-undang No. 9 Tahun 1953 (lembaran-negara No. 36 Tahun 1953 ), Tentang Pember..."
317,akn_id_act_uu_1955_6.json,1955,1955 - 1959,Domain Tambahan,Perhitungan Ketentuan,"Domain Tambahan, Domain Pajak, Domain Hak, Domain Negara, Domain Barat","Perhitungan Ketentuan, Negara Republik, Lampiran Pelabuhan, Pajak Pasal, Uang Peraturan, Tambahan Ketentuan, Peraturan Berlaku, Daerah Perkataan",13,No,DOKUMEN HUKUM: Undang-Undang Nomor 6 Tahun 1955 tentang Biaya Surat Kenal Lahir dan Surat Kenal Mati)  Pasal 1: Untuk setiap surat kenal lahir atau su...
318,akn_id_act_uu_1955_7.json,1955,1955 - 1959,Domain Barat,Negara Republik,"Domain Barat, Domain Tambahan, Domain Pajak, Domain Hak, Domain Negara","Negara Republik, Pegawai Adalah, Pengadilan Surat, Barat Lembaran, Tambahan Ketentuan, Tingkat Kecamatan, Peraturan Berlaku, Pemerintah Government, Daerah Papua, Hak Ciptaan, Lampiran Pelabuhan, Desa Kota, Wilayah Agama, Daerah Perkataan, Perhitungan Ketentuan, Uang Peraturan, Pajak Pasal",22,No,DOKUMEN HUKUM: Undang-Undang Nomor 7 Tahun 1955 tentang Penetapan Undang-undang Darurat No. 33 Tahun 1950 untuk Mencabut Kembali Undang-undang Darurat...
319,akn_id_act_uu_1955_8.json,1955,1955 - 1959,Domain Tambahan,Negara Republik,"Domain Tambahan, Domain Pajak, Domain Hak, Domain Negara, Domain Barat","Negara Republik, Lampiran Pelabuhan, Uang Peraturan, Pegawai Adalah, Tambahan Ketentuan, Daerah Perkataan, Daerah Papua",12,No,DOKUMEN HUKUM: Undang-Undang Nomor 8 Tahun 1955 tentang Penetapan Undang-undang Darurat No. 10 Tahun 1951 Tentang Pencabutan Peraturan Gaji Militer 19...
320,akn_id_act_uu_1955_9.json,1955,1955 - 1959,Domain Barat,Negara Republik,"Domain Barat, Domain Tambahan, Domain Pajak, Domain Hak, Domain Negara","Negara Republik, Pegawai Adalah, Barat Lembaran, Tambahan Ketentuan, Tingkat Kecamatan, Peraturan Berlaku, Pemerintah Government, Daerah Papua, Lampiran Pelabuhan, Wilayah Agama, Daerah Perkataan, Perhitungan Ketentuan, Uang Peraturan, Pajak Pasal",19,No,DOKUMEN HUKUM: Undang-Undang Nomor 9 Tahun 1955 tentang Pengubahan Undang-undang No. 3 Jo. No. 19 Tahun 1950 Tentang Pembentukan Daerah Istimewa Yogya...
321,akn_id_act_uu_1956_1.json,1956,1955 - 1959,Domain Hak,Barat Lembaran,"Domain Hak, Domain Negara, Domain Barat","Barat Lembaran, Paling Adalah, Negara Republik, Uang Peraturan, Pegawai Adalah, Desa Kota, Pengetahuan Ilmu, Pengadilan Surat, Tingkat Kecamatan, Wilayah Agama, Pemerintah Government, Daerah Papua, Daerah Perkataan, Hak Ciptaan",17,No,"DOKUMEN HUKUM: Undang-Undang Nomor 1 Tahun 1956 tentang Penetapan ""undang-undang Darurat Republik Indonesia Serikat No.20 Tahun 1950 (lembaran-negara ..."
322,akn_id_act_uu_1956_10.json,1956,1955 - 1959,Domain Tambahan,Barat Lembaran,"Domain Tambahan, Domain Pajak, Domain Hak, Domain Negara, Domain Barat","Barat Lembaran, Pajak Pasal, Pegawai Adalah, Uang Peraturan, Adalah Dana, Desa Kota, Pengadilan Surat, Tingkat Kecamatan, Wilayah Agama, Peraturan Berlaku, Daerah Papua, Daerah Perkataan, Hak Ciptaan",18,No,"DOKUMEN HUKUM: Undang-Undang Nomor 10 Tahun 1956 tentang Penetapan ""undang-undang Darurat No. 7 Tahun 1954 Tentang Dasar Hukum Keputusan Kepala Daerah..."
323,akn_id_act_uu_1956_11.json,1956,1955 - 1959,Domain Barat,Negara Republik,"Domain Barat, Domain Tambahan, Domain Pajak, Domain Hak, Domain Negara","Negara Republik, Pegawai Adalah, Pengadilan Surat, Laporan Huruf, Paling Adalah, Barat Lembaran, Adalah Dana, Tambahan Ketentuan, Peraturan Berlaku, Pemerintah Government, Daerah Papua, Hak Ciptaan, Lampiran Pelabuhan, Desa Kota, Daerah Perkataan, Perhitungan Ketentuan, Uang Peraturan, Pajak Pasal",23,No,"DOKUMEN HUKUM: Undang-Undang Nomor 11 Tahun 1956 tentang Pembelanjaan Pensiun  Pasal 1: Menurut undang - undang ini, lain daripada pegaw ai Negeri, te..."
324,akn_id_act_uu_1956_12.json,1956,1955 - 1959,Domain Barat,Tingkat Kecamatan,Domain Barat,"Tingkat Kecamatan, Barat Lembaran, Daerah Papua",4,No,DOKUMEN HUKUM: Undang-Undang Nomor 12 Tahun 1956 tentang Pembentukan Daerah Otonom Kabupaten dalam Lingkungan Daerah Propinsi Sumatera Tengah  Pasal 1...
325,akn_id_act_uu_1956_13.json,1956,1955 - 1959,Domain Tambahan,Negara Republik,"Domain Tambahan, Domain Hak, Domain Negara, Domain Barat","Negara Republik, Pegawai Adalah, Pengetahuan Ilmu, Pengadilan Surat, Barat Lembaran, Tambahan Ketentuan, Tingkat Kecamatan, Pemerintah Government, Daerah Papua, Hak Ciptaan, Lampiran Pelabuhan, Desa Kota, Wilayah Agama, Daerah Perkataan, Uang Peraturan",19,No,DOKUMEN HUKUM: Undang-Undang Nomor 13 Tahun 1956 tentang Pembatalan Hubungan Indonesia-nederland Berdasarkan Perjanjian Konperensi Meja Bundar  Pasal ...
326,akn_id_act_uu_1956_14.json,1956,1955 - 1959,Domain Tambahan,Barat Lembaran,"Domain Tambahan, Domain Hak, Domain Negara, Domain Barat","Barat Lembaran, Negara Republik, Lampiran Pelabuhan, Uang Peraturan, Pegawai Adalah, Tambahan Ketentuan, Desa Kota, Pengadilan Surat, Tingkat Kecamatan, Pemerintah Government, Daerah Perkataan, Daerah Papua",16,No,DOKUMEN HUKUM: Undang-Undang Nomor 14 Tahun 1956 tentang Pembentukan Dewan Perwakilan Rakyat Daerah dan Dewan Pemerintah Daerah Peralihan  Pasal 1: Di...
327,akn_id_act_uu_1956_15.json,1956,1955 - 1959,Domain Barat,Negara Republik,"Domain Barat, Domain Tambahan, Domain Pajak, Domain Hak, Domain Negara","Negara Republik, Pegawai Adalah, Pengadilan Surat, Paling Adalah, Barat Lembaran, Tambahan Ketentuan, Tingkat Kecamatan, Peraturan Berlaku, Pemerintah Government, Daerah Papua, Hak Ciptaan, Lampiran Pelabuhan, Desa Kota, Wilayah Agama, Daerah Perkataan, Uang Peraturan, Pajak Pasal",22,No,DOKUMEN HUKUM: Undang-Undang Nomor 15 Tahun 1956 tentang Pembentukan Daerah Otonom Propinsi Irian Barat  Pasal 1: Propinsi Maluku sebagai dimaksud dal...
328,akn_id_act_uu_1956_16.json,1956,1955 - 1959,Domain Barat,Negara Republik,"Domain Barat, Domain Tambahan, Domain Pajak, Domain Hak, Domain Negara","Negara Republik, Pegawai Adalah, Pengadilan Surat, Paling Adalah, Barat Lembaran, Tambahan Ketentuan, Peraturan Berlaku, Hak Ciptaan, Lampiran Pelabuhan, Wilayah Agama, Daerah Perkataan, Perhitungan Ketentuan, Uang Peraturan, Pajak Pasal",19,No,DOKUMEN HUKUM: Undang-Undang Nomor 16 Tahun 1956 tentang Pengubahan dan Penambahan Ordonansi Cukai Tembakau (staatsblad 1932 No. 517)  Pasal 1: Ordona...
329,akn_id_act_uu_1956_17.json,1956,1955 - 1959,Domain Barat,Negara Republik,"Domain Barat, Domain Tambahan, Domain Pajak, Domain Hak, Domain Negara","Negara Republik, Pegawai Adalah, Pengadilan Surat, Paling Adalah, Adalah Dana, Tambahan Ketentuan, Peraturan Berlaku, Hak Ciptaan, Lampiran Pelabuhan, Wilayah Agama, Daerah Perkataan, Perhitungan Ketentuan, Uang Peraturan, Pajak Pasal",19,No,DOKUMEN HUKUM: Undang-Undang Nomor 17 Tahun 1956 tentang Perubahan dan Tambahan Indische Tariefwet (staatsblad 1942 No. 487)  Pasal 1: Indische Tarief...
330,akn_id_act_uu_1956_18.json,1956,1955 - 1959,Domain Tambahan,Perhitungan Ketentuan,"Domain Tambahan, Domain Pajak, Domain Hak, Domain Negara, Domain Barat","Perhitungan Ketentuan, Negara Republik, Lampiran Pelabuhan, Pajak Pasal, Pegawai Adalah, Uang Peraturan, Tambahan Ketentuan, Pengadilan Surat, Peraturan Berlaku, Pemerintah Government, Daerah Perkataan, Hak Ciptaan",17,No,DOKUMEN HUKUM: Undang-Undang Nomor 18 Tahun 1956 tentang Ersetujuan Konpensi Organisasi Internasional No. 98 Mengenai Berlakunya Dasar-dasar Daripada ...
331,akn_id_act_uu_1956_2.json,1956,1955 - 1959,Domain Tambahan,Perhitungan Ketentuan,"Domain Tambahan, Domain Pajak, Domain Hak, Domain Negara, Domain Barat","Perhitungan Ketentuan, Barat Lembaran, Negara Republik, Lampiran Pelabuhan, Pajak Pasal, Uang Peraturan, Tambahan Ketentuan, Wilayah Agama, Peraturan Berlaku, Pemerintah Government, Daerah Perkataan",16,No,"DOKUMEN HUKUM: Undang-Undang Nomor 2 Tahun 1956 tentang Pengubahan Undang-Undang Pemilihan Umum (Undang-Undang No. 7 Tahun 1953, Lembaran-Negara No. 2..."
332,akn_id_act_uu_1956_20.json,1956,1955 - 1959,Domain Tambahan,Negara Republik,"Domain Tambahan, Domain Hak, Domain Negara, Domain Barat","Negara Republik, Uang Peraturan, Pegawai Adalah, Pengadilan Surat, Paling Adalah, Daerah Perkataan, Daerah Papua",11,No,DOKUMEN HUKUM: Undang-Undang Nomor 20 Tahun 1956 tentang Pengubahan Aturan Bea Meterai 1921 (ï¿½zegelverordening 1921ï¿½)  Pasal 2: Selanjutnya Aturan...
333,akn_id_act_uu_1956_21.json,1956,1955 - 1959,Domain Pajak,Paling Adalah,"Domain Pajak, Domain Hak, Domain Negara, Domain Barat","Paling Adalah, Uang Peraturan, Pegawai Adalah, Adalah Dana, Desa Kota, Pengadilan Surat, Tingkat Kecamatan, Daerah Papua, Daerah Perkataan, Hak Ciptaan",14,No,DOKUMEN HUKUM: Undang-Undang Nomor 21 Tahun 1956 tentang Penetapan ï¿½undang-undang Darurat No. 4 Tahun 1955 (lembaran-negara Tahun 1955 No. 18) Tenta...
334,akn_id_act_uu_1956_22.json,1956,1955 - 1959,Domain Tambahan,Perhitungan Ketentuan,"Domain Tambahan, Domain Pajak, Domain Hak, Domain Negara, Domain Barat","Perhitungan Ketentuan, Barat Lembaran, Negara Republik, Lampiran Pelabuhan, Pajak Pasal, Pegawai Adalah, Uang Peraturan, Tambahan Ketentuan, Peraturan Berlaku, Pemerintah Government, Daerah Perkataan, Daerah Papua",17,No,DOKUMEN HUKUM: Undang-Undang Nomor 22 Tahun 1956 tentang Penetapan ï¿½undang-undang Darurat Tentang Penggantian Kerugian Anggota-anggota Senat Republi...
335,akn_id_act_uu_1956_23.json,1956,1955 - 1959,Domain Tambahan,Perhitungan Ketentuan,"Domain Tambahan, Domain Pajak, Domain Hak, Domain Negara, Domain Barat","Perhitungan Ketentuan, Barat Lembaran, Negara Republik, Lampiran Pelabuhan, Pajak Pasal, Pegawai Adalah, Uang Peraturan, Tambahan Ketentuan, Pengadilan Surat, Wilayah Agama, Peraturan Berlaku, Pemerintah Government, Daerah Perkataan",18,No,DOKUMEN HUKUM: Undang-Undang Nomor 23 Tahun 1956 tentang Pengadilan dan Acara Pidana Khusus untuk Anggota Konstituante  Pasal 2: Undang - undang No. 7...
336,akn_id_act_uu_1956_24.json,1956,1955 - 1959,Domain Barat,Negara Republik,"Domain Barat, Domain Tambahan, Domain Pajak, Domain Hak, Domain Negara","Negara Republik, Pegawai Adalah, Pengadilan Surat, Paling Adalah, Barat Lembaran, Tingkat Kecamatan, Peraturan Berlaku, Pemerintah Government, Daerah Papua, Hak Ciptaan, Desa Kota, Wilayah Agama, Daerah Perkataan, Uang Peraturan, Pajak Pasal",20,No,DOKUMEN HUKUM: Undang-Undang Nomor 24 Tahun 1956 tentang Pembentukan Daerah Otonom Propinsi Aceh dan Perubahan Peraturan Pembentukan Propinsi Sumatera...
337,akn_id_act_uu_1956_25.json,1956,1955 - 1959,Domain Hak,Barat Lembaran,"Domain Hak, Domain Barat","Barat Lembaran, Pegawai Adalah, Desa Kota, Pengetahuan Ilmu, Pengadilan Surat, Tingkat Kecamatan, Daerah Papua, Daerah Perkataan, Hak Ciptaan",11,No,DOKUMEN HUKUM: Undang-Undang Nomor 25 Tahun 1956 tentang PEMBENTUKAN DAERAH-DAERAH OTONOM PROPISI KALIMANTAN BARAT KALIMANTAN SELATAN DAN KALIMANTAN T...
338,akn_id_act_uu_1956_26.json,1956,1955 - 1959,Domain Tambahan,Negara Republik,"Domain Tambahan, Domain Hak, Domain Negara, Domain Barat","Negara Republik, Lampiran Pelabuhan, Uang Peraturan, Pegawai Adalah, Adalah Dana, Tambahan Ketentuan, Pengadilan Surat, Pemerintah Government, Daerah Perkataan, Daerah Papua",14,No,DOKUMEN HUKUM: Undang-Undang Nomor 26 Tahun 1956 tentang Keanggotaan Republik Indonesia Pada Badan Keuangan Internasional (international Finance Corpo...
339,akn_id_act_uu_1956_27.json,1956,1955 - 1959,Domain Tambahan,Perhitungan Ketentuan,"Domain Tambahan, Domain Pajak, Domain Hak, Domain Negara","Perhitungan Ketentuan, Negara Republik, Lampiran Pelabuhan, Uang Peraturan, Tambahan Ketentuan, Wilayah Agama, Pajak Pasal, Peraturan Berlaku, Daerah Perkataan",13,No,"DOKUMEN HUKUM: Undang-Undang Nomor 27 Tahun 1956 tentang Mengadakan Suatu Tarip Minimum dan Maksimum dalam Tarip Bea-Masuk  Pasal 2: ""Indische Retorsi..."
340,akn_id_act_uu_1956_28.json,1956,1955 - 1959,Domain Tambahan,Negara Republik,"Domain Tambahan, Domain Pajak, Domain Hak, Domain Negara, Domain Barat","Negara Republik, Pajak Pasal, Pegawai Adalah, Pengadilan Surat, Wilayah Agama, Peraturan Berlaku, Daerah Perkataan, Hak Ciptaan",13,No,DOKUMEN HUKUM: Undang-Undang Nomor 28 Tahun 1956 tentang Pengawasan Terhadap Pemindahan Hak Atas Tanah-tanah Perkebunan  Pasal 3: Yang dimaksud dengan...
341,akn_id_act_uu_1956_29.json,1956,1955 - 1959,Domain Barat,Negara Republik,"Domain Barat, Domain Tambahan, Domain Pajak, Domain Hak, Domain Negara","Negara Republik, Pegawai Adalah, Pengadilan Surat, Barat Lembaran, Tambahan Ketentuan, Tingkat Kecamatan, Peraturan Berlaku, Pemerintah Government, Daerah Papua, Hak Ciptaan, Lampiran Pelabuhan, Desa Kota, Wilayah Agama, Daerah Perkataan, Perhitungan Ketentuan, Uang Peraturan, Pajak Pasal",22,No,DOKUMEN HUKUM: Undang-Undang Nomor 29 Tahun 1956 tentang Peraturan-peraturan dan Tindakan-tindakan Mengenai Tanah-tanah Perkebunan  Pasal 1: Hak-hak e...
342,akn_id_act_uu_1956_3.json,1956,1955 - 1959,Domain Tambahan,Perhitungan Ketentuan,"Domain Tambahan, Domain Pajak, Domain Hak, Domain Negara","Perhitungan Ketentuan, Lampiran Pelabuhan, Uang Peraturan, Tambahan Ketentuan, Laporan Huruf, Pajak Pasal, Peraturan Berlaku, Paling Adalah, Daerah Perkataan",13,No,DOKUMEN HUKUM: Undang-Undang Nomor 3 Tahun 1956 tentang Pembebasan Dokter Soegiri dari Penggantian Uang *)  Pasal 1: Dokter Soegiri dibebaskan dari pe...
343,akn_id_act_uu_1956_30.json,1956,1955 - 1959,Domain Tambahan,Perhitungan Ketentuan,"Domain Tambahan, Domain Pajak, Domain Hak, Domain Negara","Perhitungan Ketentuan, Negara Republik, Lampiran Pelabuhan, Uang Peraturan, Tambahan Ketentuan, Pajak Pasal, Peraturan Berlaku, Daerah Perkataan",12,No,DOKUMEN HUKUM: Undang-Undang Nomor 30 Tahun 1956 tentang Pengubahan dan Tambahan ï¿½postordonnantie 1935ï¿½ Sebagaimana Telah Diubah dan Ditambah deng...
344,akn_id_act_uu_1956_31.json,1956,1955 - 1959,Domain Tambahan,Perhitungan Ketentuan,"Domain Tambahan, Domain Pajak, Domain Hak, Domain Negara, Domain Barat","Perhitungan Ketentuan, Pajak Pasal, Pegawai Adalah, Uang Peraturan, Adalah Dana, Tambahan Ketentuan, Pengadilan Surat, Wilayah Agama, Peraturan Berlaku, Paling Adalah, Daerah Perkataan, Hak Ciptaan",17,No,DOKUMEN HUKUM: Undang-Undang Nomor 31 Tahun 1956 tentang Penetapan Undang-undang Darurat No. 5 Tahun 1955 Tentang Mengadakan Opsenten Atas Cukai Bensi...
345,akn_id_act_uu_1956_32.json,1956,1955 - 1959,Domain Barat,Negara Republik,"Domain Barat, Domain Tambahan, Domain Pajak, Domain Hak, Domain Negara","Negara Republik, Pegawai Adalah, Pengadilan Surat, Barat Lembaran, Adalah Dana, Tambahan Ketentuan, Tingkat Kecamatan, Peraturan Berlaku, Pemerintah Government, Daerah Papua, Hak Ciptaan, Lampiran Pelabuhan, Desa Kota, Wilayah Agama, Daerah Perkataan, Perhitungan Ketentuan, Uang Peraturan, Pajak Pasal",23,No,"DOKUMEN HUKUM: Undang-Undang Nomor 32 Tahun 1956 tentang Perimbangan Keuangan Antara Negara dengan Daerah-daerah, yang Berhak Mengurus Rumah-tangganya..."
346,akn_id_act_uu_1956_33.json,1956,1955 - 1959,Domain Barat,Negara Republik,"Domain Barat, Domain Tambahan, Domain Pajak, Domain Hak, Domain Negara","Negara Republik, Pegawai Adalah, Pengadilan Surat, Laporan Huruf, Paling Adalah, Barat Lembaran, Adalah Dana, Tambahan Ketentuan, Peraturan Berlaku, Hak Ciptaan, Lampiran Pelabuhan, Wilayah Agama, Daerah Perkataan, Perhitungan Ketentuan, Uang Peraturan, Pajak Pasal",21,No,"DOKUMEN HUKUM: Undang-Undang Nomor 33 Tahun 1956 tentang Penghapusan Ordonansi Staatsblad 1946 No. 115 dan Pembebasan Bea Meterai, Pajak Pendapatan da..."
347,akn_id_act_uu_1956_34.json,1956,1955 - 1959,Domain Tambahan,Perhitungan Ketentuan,"Domain Tambahan, Domain Pajak, Domain Hak, Domain Negara, Domain Barat","Perhitungan Ketentuan, Barat Lembaran, Negara Republik, Lampiran Pelabuhan, Pajak Pasal, Pegawai Adalah, Uang Peraturan, Tambahan Ketentuan, Peraturan Berlaku, Daerah Perkataan",15,No,DOKUMEN HUKUM: Undang-Undang Nomor 34 Tahun 1956 tentang Penetapan ï¿½undang-undang Darurat No.15 Tahun 1955 Tenang Memberhentikan Berlakunya Undang-u...
348,akn_id_act_uu_1956_35.json,1956,1955 - 1959,Domain Barat,Negara Republik,"Domain Barat, Domain Tambahan, Domain Pajak, Domain Hak, Domain Negara","Negara Republik, Pegawai Adalah, Pengadilan Surat, Paling Adalah, Barat Lembaran, Tambahan Ketentuan, Peraturan Berlaku, Pemerintah Government, Daerah Papua, Hak Ciptaan, Lampiran Pelabuhan, Wilayah Agama, Daerah Perkataan, Perhitungan Ketentuan, Uang Peraturan, Pajak Pasal",21,No,DOKUMEN HUKUM: Undang-Undang Nomor 35 Tahun 1956 tentang Pengubahan Redaksi Bagian I Bab A dan Bagian Ii Bab A dari Pos 173 dari Tarip Bea Masuk dan K...
349,akn_id_act_uu_1956_4.json,1956,1955 - 1959,Domain Tambahan,Perhitungan Ketentuan,"Domain Tambahan, Domain Pajak, Domain Hak, Domain Negara","Perhitungan Ketentuan, Negara Republik, Lampiran Pelabuhan, Uang Peraturan, Tambahan Ketentuan, Laporan Huruf, Wilayah Agama, Pajak Pasal, Peraturan Berlaku, Paling Adalah, Daerah Perkataan, Hak Ciptaan",16,No,"DOKUMEN HUKUM: Undang-Undang Nomor 4 Tahun 1956 tentang Pengubahan ""Overschrijvingstarief"" yang Dilampirkan pada Ordonansi yang Mengatur Biaya Balik-N..."
350,akn_id_act_uu_1956_5.json,1956,1955 - 1959,Domain Tambahan,Perhitungan Ketentuan,"Domain Tambahan, Domain Pajak, Domain Hak, Domain Negara, Domain Barat","Perhitungan Ketentuan, Barat Lembaran, Negara Republik, Lampiran Pelabuhan, Pajak Pasal, Pegawai Adalah, Uang Peraturan, Tambahan Ketentuan, Wilayah Agama, Peraturan Berlaku, Pemerintah Government, Daerah Perkataan, Daerah Papua",18,No,DOKUMEN HUKUM: Undang-Undang Nomor 5 Tahun 1956 tentang Pengesahan Pernyataan Pemerintah Republik Indonesia Pada Persetujuan Timah Internasional 1953 ...
351,akn_id_act_uu_1956_6.json,1956,1955 - 1959,Domain Hak,Paling Adalah,"Domain Hak, Domain Negara, Domain Barat","Paling Adalah, Pegawai Adalah, Desa Kota, Pengetahuan Ilmu, Pengadilan Surat, Tingkat Kecamatan, Pemerintah Government, Daerah Papua, Daerah Perkataan, Hak Ciptaan",13,No,"DOKUMEN HUKUM: Undang-Undang Nomor 6 Tahun 1956 tentang Pembentukan Majelis Ilmu Pengetahuan Indonesia *)  Pasal 1: Dengan nama ""Majelis Ilmu Pengetah..."
352,akn_id_act_uu_1956_7.json,1956,1955 - 1959,Domain Tambahan,Perhitungan Ketentuan,"Domain Tambahan, Domain Pajak, Domain Hak, Domain Negara, Domain Barat","Perhitungan Ketentuan, Barat Lembaran, Negara Republik, Lampiran Pelabuhan, Pajak Pasal, Uang Peraturan, Tambahan Ketentuan, Wilayah Agama, Peraturan Berlaku, Pemerintah Government, Daerah Perkataan",16,No,DOKUMEN HUKUM: Undang-Undang Nomor 7 Tahun 1956 tentang Perpanjangan Jangka Waktu Masa-kerja Dewan Perwakilan Rakyat Daerah yang Terbentukberdasarkan ...
353,akn_id_act_uu_1956_8.json,1956,1955 - 1959,Domain Pajak,Barat Lembaran,"Domain Pajak, Domain Hak, Domain Negara, Domain Barat","Barat Lembaran, Paling Adalah, Uang Peraturan, Pegawai Adalah, Adalah Dana, Desa Kota, Pengadilan Surat, Tingkat Kecamatan, Daerah Papua, Daerah Perkataan, Hak Ciptaan",15,No,DOKUMEN HUKUM: Undang-Undang Nomor 8 Tahun 1956 tentang Pembentukan Daerah Otonom Kota-kecil dalam Lingkungan Daerah Propinsi Sumatera Tengah *)  Pasa...
354,akn_id_act_uu_1956_9.json,1956,1955 - 1959,Domain Pajak,Negara Republik,"Domain Pajak, Domain Hak, Domain Negara, Domain Barat","Negara Republik, Pegawai Adalah, Pengadilan Surat, Paling Adalah, Barat Lembaran, Adalah Dana, Tingkat Kecamatan, Peraturan Berlaku, Daerah Papua, Hak Ciptaan, Desa Kota, Wilayah Agama, Daerah Perkataan, Uang Peraturan, Pajak Pasal",19,No,DOKUMEN HUKUM: Undang-Undang Nomor 9 Tahun 1956 tentang Pembentukan Daerah Otonom Kota-besar dalam Lingkungan Daerah Propisi Sumatera Tengah *)  Pasal...
355,akn_id_act_uu_1957_16.json,1957,1955 - 1959,Domain Barat,Negara Republik,"Domain Barat, Domain Tambahan, Domain Pajak, Domain Hak, Domain Negara","Negara Republik, Pegawai Adalah, Laporan Huruf, Barat Lembaran, Adalah Dana, Tambahan Ketentuan, Peraturan Berlaku, Pemerintah Government, Daerah Papua, Lampiran Pelabuhan, Daerah Perkataan, Perhitungan Ketentuan, Uang Peraturan, Pajak Pasal",19,No,DOKUMEN HUKUM: Undang-Undang Nomor 16 Tahun 1957 tentang Mengubah dan Menambah Undang-undang Penempatan Bagian Xi dari Anggaran Republik Indonesia unt...
356,akn_id_act_uu_1957_21.json,1957,1955 - 1959,Domain Barat,Negara Republik,"Domain Barat, Domain Tambahan, Domain Pajak, Domain Hak, Domain Negara","Negara Republik, Pegawai Adalah, Pengadilan Surat, Laporan Huruf, Paling Adalah, Barat Lembaran, Adalah Dana, Tambahan Ketentuan, Peraturan Berlaku, Pemerintah Government, Hak Ciptaan, Lampiran Pelabuhan, Wilayah Agama, Daerah Perkataan, Perhitungan Ketentuan, Uang Peraturan, Pajak Pasal",22,No,DOKUMEN HUKUM: Undang-Undang Nomor 21 Tahun 1957 tentang Menetapkan Undang-Undang Darurat Nomor 14 Tahun 1952 Tentang Perubahan Dan Penambahan Peratur...
357,akn_id_act_uu_1957_39.json,1957,1955 - 1959,Domain Tambahan,Perhitungan Ketentuan,"Domain Tambahan, Domain Pajak, Domain Hak, Domain Negara, Domain Barat","Perhitungan Ketentuan, Barat Lembaran, Negara Republik, Lampiran Pelabuhan, Pajak Pasal, Pegawai Adalah, Uang Peraturan, Tambahan Ketentuan, Peraturan Berlaku, Pemerintah Government, Daerah Perkataan, Daerah Papua",17,No,DOKUMEN HUKUM: Undang-Undang Nomor 39 Tahun 1957 tentang Penetapan Bagian Vi (kementrian Pertahanan) dari Anggaran Republik Indonesia Tahun Dinas 1954...
358,akn_id_act_uu_1957_45.json,1957,1955 - 1959,Belum Diklasifikasi,Daerah Papua,,Daerah Papua,1,Yes,DOKUMEN HUKUM: Undang-Undang Nomor 45 Tahun 1957 tentang Penetapan Bagian Xi (kementrian Kesehatan) dari Anggaran Republik Indonesia Tahun Dinas 1954 ...
359,akn_id_act_uu_1957_50.json,1957,1955 - 1959,Domain Tambahan,Perhitungan Ketentuan,"Domain Tambahan, Domain Pajak, Domain Hak, Domain Negara, Domain Barat","Perhitungan Ketentuan, Barat Lembaran, Negara Republik, Lampiran Pelabuhan, Pajak Pasal, Pegawai Adalah, Uang Peraturan, Tambahan Ketentuan, Laporan Huruf, Peraturan Berlaku, Pemerintah Government, Daerah Perkataan, Daerah Papua",18,No,DOKUMEN HUKUM: Undang-Undang Nomor 50 Tahun 1957 tentang Penetapan Bagian Ibw I (jawatan Pegadaian) dari Anggaran Republik Indonesia Tahun Dinas 1954 ...
360,akn_id_act_uu_1957_51.json,1957,1955 - 1959,Domain Tambahan,Perhitungan Ketentuan,"Domain Tambahan, Domain Pajak, Domain Hak, Domain Negara, Domain Barat","Perhitungan Ketentuan, Negara Republik, Lampiran Pelabuhan, Pajak Pasal, Pegawai Adalah, Uang Peraturan, Tambahan Ketentuan, Laporan Huruf, Peraturan Berlaku, Pemerintah Government, Daerah Perkataan, Daerah Papua",17,No,DOKUMEN HUKUM: Undang-Undang Nomor 51 Tahun 1957 tentang Penetapan Bagian Ibw Ii (perusahaan Garam dan Soda Negeri) dari Anggaran Republik Indonesia T...
361,akn_id_act_uu_1957_54.json,1957,1955 - 1959,Domain Tambahan,Perhitungan Ketentuan,"Domain Tambahan, Domain Pajak, Domain Hak, Domain Negara, Domain Barat","Perhitungan Ketentuan, Barat Lembaran, Negara Republik, Lampiran Pelabuhan, Pajak Pasal, Pegawai Adalah, Uang Peraturan, Tambahan Ketentuan, Peraturan Berlaku, Pemerintah Government, Daerah Perkataan, Daerah Papua",17,No,"DOKUMEN HUKUM: Undang-Undang Nomor 54 Tahun 1957 tentang Penetapan Bagian Ibw V (jawatan Pos, Telegrap dan Telepon) dari Anggaran Republik Indonesia T..."
362,akn_id_act_uu_1957_55.json,1957,1955 - 1959,Domain Tambahan,Perhitungan Ketentuan,"Domain Tambahan, Domain Pajak, Domain Hak, Domain Negara, Domain Barat","Perhitungan Ketentuan, Negara Republik, Lampiran Pelabuhan, Pajak Pasal, Pegawai Adalah, Uang Peraturan, Tambahan Ketentuan, Peraturan Berlaku, Pemerintah Government, Daerah Perkataan, Daerah Papua",16,No,DOKUMEN HUKUM: Undang-Undang Nomor 55 Tahun 1957 tentang Penetapan Bagian Ibw Vi (perusahaan Negeri untuk Pembangkit Tenaga Listrik) dari Anggaran Rep...
363,akn_id_act_uu_1957_69.json,1957,1955 - 1959,Domain Tambahan,Negara Republik,"Domain Tambahan, Domain Pajak, Domain Hak, Domain Negara, Domain Barat","Negara Republik, Lampiran Pelabuhan, Uang Peraturan, Pegawai Adalah, Tambahan Ketentuan, Peraturan Berlaku, Pemerintah Government, Daerah Papua",13,No,DOKUMEN HUKUM: Undang-Undang Nomor 69 Tahun 1957 tentang Persetujuan Kebudayaan dan Pendidikan Antara Negara-negara Republik Indonesia dan Republik In...
364,akn_id_act_uu_1957_78.json,1957,1955 - 1959,Domain Barat,Negara Republik,"Domain Barat, Domain Tambahan, Domain Pajak, Domain Hak, Domain Negara","Negara Republik, Pegawai Adalah, Pengadilan Surat, Barat Lembaran, Tambahan Ketentuan, Tingkat Kecamatan, Peraturan Berlaku, Pemerintah Government, Daerah Papua, Hak Ciptaan, Lampiran Pelabuhan, Desa Kota, Wilayah Agama, Daerah Perkataan, Perhitungan Ketentuan, Uang Peraturan, Pajak Pasal",22,No,DOKUMEN HUKUM: Undang-Undang Nomor 78 Tahun 1957 tentang Perubahan Canon dan Cijns Atas Hak-hak Erfpacht dan Konsesi Guna Perusahaan Kebun Besar  Pasa...
365,akn_id_act_uu_1978_1.json,1978,1975 - 1979,Domain Barat,Negara Republik,"Domain Barat, Domain Tambahan, Domain Pajak, Domain Hak, Domain Negara","Negara Republik, Pegawai Adalah, Laporan Huruf, Barat Lembaran, Adalah Dana, Tambahan Ketentuan, Peraturan Berlaku, Pemerintah Government, Daerah Papua, Lampiran Pelabuhan, Daerah Perkataan, Perhitungan Ketentuan, Uang Peraturan, Pajak Pasal",19,No,DOKUMEN HUKUM: Undang-Undang Nomor 1 Tahun 1978 tentang Anggaran Pendapatan dan Belanja Negara Tahun Anggaran 1978/1979  Pasal 5: Selambat-lambatnya p...
366,akn_id_act_uu_1978_2.json,1978,1975 - 1979,Domain Tambahan,Perhitungan Ketentuan,"Domain Tambahan, Domain Pajak, Domain Hak, Domain Negara, Domain Barat","Perhitungan Ketentuan, Negara Republik, Lampiran Pelabuhan, Pajak Pasal, Pegawai Adalah, Uang Peraturan, Tambahan Ketentuan, Wilayah Agama, Peraturan Berlaku, Pemerintah Government, Daerah Perkataan, Daerah Papua",17,No,DOKUMEN HUKUM: Undang-Undang Nomor 2 Tahun 1978 tentang Pengesahan Perjanjian Antara Pemerintah Republik Indonesia dan Pemerintah Kerajaan Thailand Te...
367,akn_id_act_uu_1979_1.json,1979,1975 - 1979,Domain Hak,Barat Lembaran,"Domain Hak, Domain Negara, Domain Barat","Barat Lembaran, Paling Adalah, Negara Republik, Uang Peraturan, Pegawai Adalah, Desa Kota, Pengadilan Surat, Tingkat Kecamatan, Pemerintah Government, Daerah Papua, Daerah Perkataan, Hak Ciptaan",15,No,DOKUMEN HUKUM: Undang-Undang Nomor 1 Tahun 1979 tentang Ekstradisi  Pasal 1: Dalam Undang - undang ini yang dimaksud dengan Ekstradisi adalah penyerah...
368,akn_id_act_uu_1979_2.json,1979,1975 - 1979,Domain Barat,Negara Republik,"Domain Barat, Domain Tambahan, Domain Pajak, Domain Hak, Domain Negara","Negara Republik, Pegawai Adalah, Pengadilan Surat, Laporan Huruf, Barat Lembaran, Adalah Dana, Tambahan Ketentuan, Peraturan Berlaku, Pemerintah Government, Daerah Papua, Lampiran Pelabuhan, Wilayah Agama, Daerah Perkataan, Perhitungan Ketentuan, Uang Peraturan, Pajak Pasal",21,No,DOKUMEN HUKUM: Undang-Undang Nomor 2 Tahun 1979 tentang Anggaran Pendapatan dan Belanja Negara Tahun Anggaran 1979/1980  Pasal 5: Selambat-lambatnya p...
369,akn_id_act_uu_1979_3.json,1979,1975 - 1979,Domain Tambahan,Perhitungan Ketentuan,"Domain Tambahan, Domain Pajak, Domain Hak, Domain Negara, Domain Barat","Perhitungan Ketentuan, Negara Republik, Lampiran Pelabuhan, Pajak Pasal, Pegawai Adalah, Uang Peraturan, Adalah Dana, Tambahan Ketentuan, Laporan Huruf, Wilayah Agama, Peraturan Berlaku, Pemerintah Government, Daerah Perkataan",18,No,DOKUMEN HUKUM: Undang-Undang Nomor 3 Tahun 1979 tentang Tambahan dan Perubahan Atas Anggaran Pendapatan dan Belanja Negara Tahun Anggaran 1978/1979  P...
370,akn_id_act_uu_1979_4.json,1979,1975 - 1979,Belum Diklasifikasi,Pengetahuan Ilmu,,Pengetahuan Ilmu,1,Yes,DOKUMEN HUKUM: Undang-Undang Nomor 4 Tahun 1979 tentang Kesejahteraan Anak  Pasal 1: Yang dimaksudkan di dalam Undang - undang ini dengan : 1.a. Kesej...
371,akn_id_act_uu_1979_5.json,1979,1975 - 1979,Domain Hak,Desa Kota,"Domain Hak, Domain Barat","Desa Kota, Pengadilan Surat, Tingkat Kecamatan, Daerah Papua, Hak Ciptaan",7,No,DOKUMEN HUKUM: Undang-Undang Nomor 5 Tahun 1979 tentang PEMERINTAHAN DESA  Pasal 1: Dalam Undang - undang ini yang dimaksud dengan : a. Desa adalah su...
372,akn_id_act_uu_1980_1.json,1980,1980 - 1984,Domain Tambahan,Perhitungan Ketentuan,"Domain Tambahan, Domain Pajak, Domain Hak, Domain Negara","Perhitungan Ketentuan, Negara Republik, Lampiran Pelabuhan, Uang Peraturan, Adalah Dana, Tambahan Ketentuan, Laporan Huruf, Pajak Pasal, Peraturan Berlaku, Daerah Perkataan",14,No,DOKUMEN HUKUM: Undang-Undang Nomor 1 Tahun 1980 tentang Anggaran Pendapatan dan Belanja Negara Tahun Anggaran 1980/1981  Pasal 5: Selambat-lambatnya p...
373,akn_id_act_uu_1980_10.json,1980,1980 - 1984,Domain Hak,Belum Diklasifikasi,Domain Hak,,1,No,"DOKUMEN HUKUM: Undang-Undang Nomor 10 Tahun 1980 tentang Tanda Kehormatan Bintang Budaya Parama Dharma  Pasal 5: Tata cara pengusulan, pemberian, dan ..."
374,akn_id_act_uu_1980_11.json,1980,1980 - 1984,Domain Tambahan,Negara Republik,"Domain Tambahan, Domain Pajak, Domain Hak, Domain Negara, Domain Barat","Negara Republik, Pegawai Adalah, Pengetahuan Ilmu, Pengadilan Surat, Paling Adalah, Adalah Dana, Tambahan Ketentuan, Peraturan Berlaku, Pemerintah Government, Daerah Papua, Hak Ciptaan, Lampiran Pelabuhan, Desa Kota, Wilayah Agama, Daerah Perkataan, Uang Peraturan",21,No,DOKUMEN HUKUM: Undang-Undang Nomor 11 Tahun 1980 tentang Tindak Pidana Suap  Pasal 1: Yang dimaksud dengan tindak pidana suap di dalam undang-undang i...
375,akn_id_act_uu_1980_12.json,1980,1980 - 1984,Domain Hak,Paling Adalah,"Domain Hak, Domain Negara, Domain Barat","Paling Adalah, Uang Peraturan, Pegawai Adalah, Adalah Dana, Desa Kota, Pengadilan Surat, Tingkat Kecamatan, Daerah Papua, Daerah Perkataan, Hak Ciptaan",13,No,DOKUMEN HUKUM: Undang-Undang Nomor 12 Tahun 1980 tentang HAK KEUANGAN/ADMINISTRATIF PIMPINAN DAN ANGGOTA LEMBAGA TERTINGGI/TINGGI NEGARA SERTA BEKAS P...
376,akn_id_act_uu_1980_13.json,1980,1980 - 1984,Domain Barat,Desa Kota,Domain Barat,Desa Kota,2,No,DOKUMEN HUKUM: Undang-Undang Nomor 13 Tahun 1980 tentang Jalan  Pasal 1: Dalam Undang - undang ini yang dimaksud dengan: a. Negara adalah Negara Repub...
377,akn_id_act_uu_1980_2.json,1980,1980 - 1984,Domain Tambahan,Perhitungan Ketentuan,"Domain Tambahan, Domain Pajak, Domain Hak, Domain Negara, Domain Barat","Perhitungan Ketentuan, Barat Lembaran, Negara Republik, Lampiran Pelabuhan, Pajak Pasal, Uang Peraturan, Tambahan Ketentuan, Wilayah Agama, Peraturan Berlaku, Pemerintah Government, Daerah Perkataan",16,No,DOKUMEN HUKUM: Undang-Undang Nomor 2 Tahun 1980 tentang Perubahan Uu 15-1969 Tentang Pemilihan Umum Anggota-anggota Badan Permusyawaratan/perwakilan R...
378,akn_id_act_uu_1980_3.json,1980,1980 - 1984,Domain Tambahan,Perhitungan Ketentuan,"Domain Tambahan, Domain Pajak, Domain Hak, Domain Negara","Perhitungan Ketentuan, Negara Republik, Lampiran Pelabuhan, Uang Peraturan, Adalah Dana, Tambahan Ketentuan, Laporan Huruf, Wilayah Agama, Pajak Pasal, Peraturan Berlaku, Pemerintah Government, Daerah Perkataan",16,No,DOKUMEN HUKUM: Undang-Undang Nomor 3 Tahun 1980 tentang Tambahan dan Perubahan Atas Anggaran Pendapatan dan Belanja Negara Tahun Anggaran 1979/1980  P...
379,akn_id_act_uu_1980_4.json,1980,1980 - 1984,Domain Barat,Negara Republik,"Domain Barat, Domain Tambahan, Domain Pajak, Domain Hak, Domain Negara","Negara Republik, Pegawai Adalah, Laporan Huruf, Barat Lembaran, Tambahan Ketentuan, Peraturan Berlaku, Pemerintah Government, Daerah Papua, Lampiran Pelabuhan, Wilayah Agama, Daerah Perkataan, Perhitungan Ketentuan, Uang Peraturan, Pajak Pasal",19,No,DOKUMEN HUKUM: Undang-Undang Nomor 4 Tahun 1980 tentang Perhitungan Anggaran Negara Tahun 1969/1970  Pasal 2: Undang - undang ini mulai berlaku pada t...
380,akn_id_act_uu_1980_5.json,1980,1980 - 1984,Domain Tambahan,Perhitungan Ketentuan,"Domain Tambahan, Domain Pajak, Domain Hak, Domain Negara","Perhitungan Ketentuan, Negara Republik, Lampiran Pelabuhan, Uang Peraturan, Tambahan Ketentuan, Laporan Huruf, Wilayah Agama, Pajak Pasal, Peraturan Berlaku, Daerah Perkataan",14,No,DOKUMEN HUKUM: Undang-Undang Nomor 5 Tahun 1980 tentang Perhitungan Anggaran Negara Tahun 1970/1971  Pasal 2: Undang - undang ini mulai berlaku pada t...
381,akn_id_act_uu_1980_6.json,1980,1980 - 1984,Domain Tambahan,Perhitungan Ketentuan,"Domain Tambahan, Domain Pajak, Domain Hak, Domain Negara","Perhitungan Ketentuan, Negara Republik, Lampiran Pelabuhan, Uang Peraturan, Tambahan Ketentuan, Laporan Huruf, Wilayah Agama, Pajak Pasal, Peraturan Berlaku, Pemerintah Government, Daerah Perkataan",15,No,DOKUMEN HUKUM: Undang-Undang Nomor 6 Tahun 1980 tentang Perhitungan Anggaran Negara Tahun 1971/1972  Pasal 2: Undang - undang ini mulai berlaku pada t...
382,akn_id_act_uu_1980_7.json,1980,1980 - 1984,Domain Pajak,Negara Republik,"Domain Pajak, Domain Barat, Domain Negara","Negara Republik, Wilayah Agama, Peraturan Berlaku",6,No,DOKUMEN HUKUM: Undang-Undang Nomor 7 Tahun 1980 tentang Pembentukan Pengadilan Tinggi Yogyakarta dan Perubahan Wilayah Hukum Pengadilan Tinggi Semaran...
383,akn_id_act_uu_1980_8.json,1980,1980 - 1984,Domain Pajak,Perhitungan Ketentuan,"Domain Pajak, Domain Hak, Domain Barat, Domain Negara","Perhitungan Ketentuan, Barat Lembaran, Negara Republik, Uang Peraturan, Pengadilan Surat, Wilayah Agama, Pajak Pasal, Peraturan Berlaku, Daerah Perkataan",13,No,DOKUMEN HUKUM: Undang-Undang Nomor 8 Tahun 1980 tentang Pembentukan Pengadilan Tinggi Palangkaraya dan Perubahan Wilayah Hukum Pengadilan Tinggi Banja...
384,akn_id_act_uu_1980_9.json,1980,1980 - 1984,Domain Tambahan,Perhitungan Ketentuan,"Domain Tambahan, Domain Pajak, Domain Hak, Domain Negara, Domain Barat","Perhitungan Ketentuan, Barat Lembaran, Negara Republik, Pajak Pasal, Pegawai Adalah, Uang Peraturan, Tambahan Ketentuan, Pengadilan Surat, Wilayah Agama, Peraturan Berlaku, Pemerintah Government, Daerah Perkataan",17,No,DOKUMEN HUKUM: Undang-Undang Nomor 9 Tahun 1980 tentang Pembentukan Pengadilan Tinggi Tanjung Karang dan Perubahan Wilayah Hukum Pengadilan Tinggi Pel...
385,akn_id_act_uu_1981_1.json,1981,1980 - 1984,Domain Tambahan,Perhitungan Ketentuan,"Domain Tambahan, Domain Pajak, Domain Hak, Domain Negara, Domain Barat","Perhitungan Ketentuan, Negara Republik, Lampiran Pelabuhan, Pajak Pasal, Uang Peraturan, Adalah Dana, Tambahan Ketentuan, Laporan Huruf, Peraturan Berlaku, Pemerintah Government, Daerah Perkataan",16,No,DOKUMEN HUKUM: Undang-Undang Nomor 1 Tahun 1981 tentang Anggaran Pendapatan dan Belanja Negara Tahun Anggaran 1981/1982  Pasal 5: Selambat-lambatnya p...
386,akn_id_act_uu_1981_2.json,1981,1980 - 1984,Domain Hak,Paling Adalah,"Domain Hak, Domain Barat","Paling Adalah, Pegawai Adalah, Desa Kota, Pengadilan Surat, Daerah Papua, Daerah Perkataan, Hak Ciptaan",9,No,DOKUMEN HUKUM: Undang-Undang Nomor 2 Tahun 1981 tentang Metrologi Legal  Pasal 1: Yang dimaksud dalam Undang - undang ini dan Peraturan Pelaksanaannya...
387,akn_id_act_uu_1981_3.json,1981,1980 - 1984,Domain Tambahan,Perhitungan Ketentuan,"Domain Tambahan, Domain Pajak, Domain Hak, Domain Negara","Perhitungan Ketentuan, Negara Republik, Lampiran Pelabuhan, Uang Peraturan, Adalah Dana, Tambahan Ketentuan, Laporan Huruf, Wilayah Agama, Pajak Pasal, Peraturan Berlaku, Pemerintah Government, Daerah Perkataan",16,No,DOKUMEN HUKUM: Undang-Undang Nomor 3 Tahun 1981 tentang Tambahan dan Perubahan Atas Anggaran Pendapatan dan Belanja Negara Tahun Anggaran 1980/1981  P...
388,akn_id_act_uu_1981_4.json,1981,1980 - 1984,Domain Tambahan,Perhitungan Ketentuan,"Domain Tambahan, Domain Pajak, Domain Negara","Perhitungan Ketentuan, Negara Republik, Lampiran Pelabuhan, Uang Peraturan, Tambahan Ketentuan, Laporan Huruf, Wilayah Agama, Pajak Pasal, Peraturan Berlaku, Pemerintah Government, Daerah Perkataan",14,No,DOKUMEN HUKUM: Undang-Undang Nomor 4 Tahun 1981 tentang Perhitungan Anggaran Negara Tahun 1972/1973  Pasal 2: Undang - undang ini mulai berlaku pada t...
389,akn_id_act_uu_1981_5.json,1981,1980 - 1984,Domain Tambahan,Perhitungan Ketentuan,"Domain Tambahan, Domain Pajak, Domain Negara","Perhitungan Ketentuan, Negara Republik, Lampiran Pelabuhan, Uang Peraturan, Tambahan Ketentuan, Laporan Huruf, Wilayah Agama, Pajak Pasal, Peraturan Berlaku, Pemerintah Government, Daerah Perkataan",14,No,DOKUMEN HUKUM: Undang-Undang Nomor 5 Tahun 1981 tentang Perhitungan Anggaran Negara Tahun 1973/1974  Pasal 2: Undang - undang ini mulai berlaku pada t...
390,akn_id_act_uu_1981_6.json,1981,1980 - 1984,Domain Tambahan,Perhitungan Ketentuan,"Domain Tambahan, Domain Pajak, Domain Hak, Domain Negara","Perhitungan Ketentuan, Negara Republik, Lampiran Pelabuhan, Uang Peraturan, Tambahan Ketentuan, Wilayah Agama, Pajak Pasal, Peraturan Berlaku, Pemerintah Government, Daerah Perkataan",14,No,DOKUMEN HUKUM: Undang-Undang Nomor 6 Tahun 1981 tentang Pengesahan Konvensi Internasional Mengenai Pemberantasan Uang Palsu Beserta Protokol (internat...
391,akn_id_act_uu_1981_7.json,1981,1980 - 1984,Belum Diklasifikasi,Daerah Papua,,Daerah Papua,1,Yes,DOKUMEN HUKUM: Undang-Undang Nomor 7 Tahun 1981 tentang WAJIB LAPOR KETENAGAKERJAAN DI PERUSAHAAN  Pasal 1: Dalam Undang - undang ini yang dimaksud de...
392,akn_id_act_uu_1981_8.json,1981,1980 - 1984,Domain Hak,Pegawai Adalah,"Domain Hak, Domain Negara, Domain Barat","Pegawai Adalah, Desa Kota, Pengadilan Surat, Paling Adalah, Daerah Perkataan, Hak Ciptaan",9,No,DOKUMEN HUKUM: Undang-Undang Nomor 8 Tahun 1981 tentang Hukum Acara Pidana  Pasal 1: Yang dimaksud dalam undang-undang ini dengan : 1. Penyidik adalah...
393,akn_id_act_uu_1982_1.json,1982,1980 - 1984,Domain Hak,Negara Republik,"Domain Hak, Domain Negara, Domain Barat","Negara Republik, Daerah Perkataan",5,No,DOKUMEN HUKUM: Undang-Undang Nomor 1 Tahun 1982 tentang Pengesahan Konvensi Wina Mengenai Hubungan Diplomatik Beserta Protokol Opsionalnya Mengenai Ha...
394,akn_id_act_uu_1982_10.json,1982,1980 - 1984,Domain Tambahan,Perhitungan Ketentuan,"Domain Tambahan, Domain Pajak, Domain Hak, Domain Negara","Perhitungan Ketentuan, Negara Republik, Lampiran Pelabuhan, Uang Peraturan, Tambahan Ketentuan, Laporan Huruf, Wilayah Agama, Pajak Pasal, Peraturan Berlaku, Daerah Perkataan",14,No,DOKUMEN HUKUM: Undang-Undang Nomor 10 Tahun 1982 tentang Perhitungan Anggaran Negara Tahun 1976/1977  Pasal 2: Undang - undang ini mulai berlaku pada ...
395,akn_id_act_uu_1982_11.json,1982,1980 - 1984,Domain Tambahan,Perhitungan Ketentuan,"Domain Tambahan, Domain Pajak, Domain Negara","Perhitungan Ketentuan, Negara Republik, Lampiran Pelabuhan, Uang Peraturan, Tambahan Ketentuan, Laporan Huruf, Wilayah Agama, Pajak Pasal, Peraturan Berlaku, Daerah Perkataan",13,No,DOKUMEN HUKUM: Undang-Undang Nomor 11 Tahun 1982 tentang Perhitungan Anggaran Negara Tahun 1977/1978  Pasal 2: Undang - undang ini mulai berlaku pada ...
396,akn_id_act_uu_1982_12.json,1982,1980 - 1984,Domain Tambahan,Perhitungan Ketentuan,"Domain Tambahan, Domain Pajak, Domain Negara","Perhitungan Ketentuan, Negara Republik, Lampiran Pelabuhan, Uang Peraturan, Tambahan Ketentuan, Laporan Huruf, Wilayah Agama, Pajak Pasal, Peraturan Berlaku, Daerah Perkataan",13,No,DOKUMEN HUKUM: Undang-Undang Nomor 12 Tahun 1982 tentang Perhitungan Anggaran Negara Tahun 1978/1979  Pasal 2: Undang - undang ini mulai berlaku pada ...
397,akn_id_act_uu_1982_13.json,1982,1980 - 1984,Domain Tambahan,Perhitungan Ketentuan,"Domain Tambahan, Domain Pajak, Domain Hak, Domain Negara, Domain Barat","Perhitungan Ketentuan, Barat Lembaran, Negara Republik, Pajak Pasal, Uang Peraturan, Desa Kota, Pengadilan Surat, Tingkat Kecamatan, Wilayah Agama, Peraturan Berlaku, Daerah Perkataan",16,No,DOKUMEN HUKUM: Undang-Undang Nomor 13 Tahun 1982 tentang Pembentukan Pengadilan Tinggi Riau di Pekanbaru dan Perubahan Wilayah Hukum Pengadilan Tinggi...
398,akn_id_act_uu_1982_14.json,1982,1980 - 1984,Domain Barat,Negara Republik,"Domain Barat, Domain Tambahan, Domain Pajak, Domain Hak, Domain Negara","Negara Republik, Pegawai Adalah, Pengadilan Surat, Barat Lembaran, Tambahan Ketentuan, Tingkat Kecamatan, Peraturan Berlaku, Pemerintah Government, Daerah Papua, Lampiran Pelabuhan, Desa Kota, Wilayah Agama, Daerah Perkataan, Perhitungan Ketentuan, Uang Peraturan, Pajak Pasal",21,No,DOKUMEN HUKUM: Undang-Undang Nomor 14 Tahun 1982 tentang Pembentukan Pengadilan Tinggi Jambi di Jambi dan Perubahan Wilayah Hukum Pengadilan Tinggi Pa...
399,akn_id_act_uu_1982_15.json,1982,1980 - 1984,Domain Tambahan,Perhitungan Ketentuan,"Domain Tambahan, Domain Pajak, Domain Hak, Domain Negara, Domain Barat","Perhitungan Ketentuan, Barat Lembaran, Negara Republik, Lampiran Pelabuhan, Pajak Pasal, Pegawai Adalah, Uang Peraturan, Tambahan Ketentuan, Wilayah Agama, Peraturan Berlaku, Pemerintah Government, Daerah Perkataan",17,No,DOKUMEN HUKUM: Undang-Undang Nomor 15 Tahun 1982 tentang Pembentukan Pengadilan Tinggi Bengkulu di Bengkulu dan Perubahan Wilayah Hukum Pengadilan Tin...
400,akn_id_act_uu_1982_16.json,1982,1980 - 1984,Domain Pajak,Perhitungan Ketentuan,"Domain Pajak, Domain Barat, Domain Negara","Perhitungan Ketentuan, Barat Lembaran, Negara Republik, Wilayah Agama, Pajak Pasal, Peraturan Berlaku, Daerah Perkataan",10,No,DOKUMEN HUKUM: Undang-Undang Nomor 16 Tahun 1982 tentang Pembentukan Pengadilan Nusa Tenggara Barat di Mataram dan Perubahan Wilayah Hukum Pengadilan ...
401,akn_id_act_uu_1982_17.json,1982,1980 - 1984,Domain Tambahan,Perhitungan Ketentuan,"Domain Tambahan, Domain Pajak, Domain Hak, Domain Negara, Domain Barat","Perhitungan Ketentuan, Barat Lembaran, Negara Republik, Pajak Pasal, Pegawai Adalah, Uang Peraturan, Pengadilan Surat, Tingkat Kecamatan, Wilayah Agama, Peraturan Berlaku, Pemerintah Government, Daerah Perkataan",17,No,DOKUMEN HUKUM: Undang-Undang Nomor 17 Tahun 1982 tentang Pembentukan Pengadilan Tinggi Kalimantan Timur di Samarinda dan Perubahan Wilayah Hukum Penga...
402,akn_id_act_uu_1982_18.json,1982,1980 - 1984,Domain Tambahan,Perhitungan Ketentuan,"Domain Tambahan, Domain Pajak, Domain Hak, Domain Negara, Domain Barat","Perhitungan Ketentuan, Barat Lembaran, Negara Republik, Pajak Pasal, Pegawai Adalah, Uang Peraturan, Tambahan Ketentuan, Pengadilan Surat, Tingkat Kecamatan, Wilayah Agama, Peraturan Berlaku, Pemerintah Government, Daerah Perkataan",18,No,DOKUMEN HUKUM: Undang-Undang Nomor 18 Tahun 1982 tentang Pembentukan Pengadilan Tinggi Sulawesi Tengah di Palu dan Perubahan Wilayah Hukum Pengadilan ...
403,akn_id_act_uu_1982_19.json,1982,1980 - 1984,Domain Tambahan,Perhitungan Ketentuan,"Domain Tambahan, Domain Pajak, Domain Hak, Domain Negara, Domain Barat","Perhitungan Ketentuan, Barat Lembaran, Negara Republik, Pajak Pasal, Wilayah Agama, Peraturan Berlaku, Daerah Perkataan",12,No,DOKUMEN HUKUM: Undang-Undang Nomor 19 Tahun 1982 tentang Pembentukan Pengadilan Tinggi Sulawesi Tenggara di Kendari dan Perubahan Wilayah Hukum Pengad...
404,akn_id_act_uu_1982_2.json,1982,1980 - 1984,Domain Pajak,Peraturan Berlaku,"Domain Pajak, Domain Negara","Peraturan Berlaku, Pajak Pasal",4,No,"DOKUMEN HUKUM: Undang-Undang Nomor 2 Tahun 1982 tentang Pengesahan Konvensi Mengenai Misi Khusus (convention On Special Mission, New York, 1969)  Pasa..."
405,akn_id_act_uu_1982_20.json,1982,1980 - 1984,Domain Hak,Pegawai Adalah,"Domain Hak, Domain Negara, Domain Barat","Pegawai Adalah, Pengetahuan Ilmu, Pemerintah Government, Daerah Papua",7,No,DOKUMEN HUKUM: Undang-Undang Nomor 20 Tahun 1982 tentang Ketentuan-ketentuan Pokok Pertahanan Keamanan Negara Ri  Pasal 1: Dalam undang - undang ini y...
406,akn_id_act_uu_1982_21.json,1982,1980 - 1984,Domain Tambahan,Perhitungan Ketentuan,"Domain Tambahan, Domain Pajak, Domain Hak, Domain Negara, Domain Barat","Perhitungan Ketentuan, Negara Republik, Lampiran Pelabuhan, Pajak Pasal, Uang Peraturan, Tambahan Ketentuan, Wilayah Agama, Peraturan Berlaku, Pemerintah Government, Daerah Perkataan",15,No,DOKUMEN HUKUM: Undang-Undang Nomor 21 Tahun 1982 tentang Perubahan Uu 11-1966 Tentang Ketentuan Pokok Pers Sebagaimana Telah Diubah dengan Uu 4-1967  ...
407,akn_id_act_uu_1982_3.json,1982,1980 - 1984,Domain Hak,Pegawai Adalah,"Domain Hak, Domain Negara, Domain Barat","Pegawai Adalah, Desa Kota, Pengadilan Surat, Daerah Papua, Daerah Perkataan, Hak Ciptaan",9,No,DOKUMEN HUKUM: Undang-Undang Nomor 3 Tahun 1982 tentang Wajib Daftar Perusahaan  Pasal 1: Dalam Undang - undang ini yang dimaksud dengan : a. Daf tar ...
408,akn_id_act_uu_1982_4.json,1982,1980 - 1984,Belum Diklasifikasi,Pengetahuan Ilmu,,Pengetahuan Ilmu,1,Yes,DOKUMEN HUKUM: Undang-Undang Nomor 4 Tahun 1982 tentang Ketentuan-ketentuan Pokok Pengelolaan Lingkungan Hidup  Pasal 1: Dalam Undang - undang ini yan...
409,akn_id_act_uu_1982_5.json,1982,1980 - 1984,Domain Tambahan,Perhitungan Ketentuan,"Domain Tambahan, Domain Pajak, Domain Hak, Domain Negara","Perhitungan Ketentuan, Negara Republik, Lampiran Pelabuhan, Uang Peraturan, Adalah Dana, Tambahan Ketentuan, Laporan Huruf, Pajak Pasal, Peraturan Berlaku, Daerah Perkataan",14,No,DOKUMEN HUKUM: Undang-Undang Nomor 5 Tahun 1982 tentang Anggaran Pendapatan dan Belanja Negara Tahun Anggaran Pendapatan dan Belanja Negara Tahun Angg...
410,akn_id_act_uu_1982_6.json,1982,1980 - 1984,Domain Hak,Desa Kota,"Domain Hak, Domain Barat","Desa Kota, Pengadilan Surat, Daerah Perkataan, Hak Ciptaan",6,No,DOKUMEN HUKUM: Undang-Undang Nomor 6 Tahun 1982 tentang Hak Cipta  Pasal I: Bagian Pertama Arti beberapa Istilah  Pasal 1: Dalam Undang - undang ini y...
411,akn_id_act_uu_1982_7.json,1982,1980 - 1984,Domain Tambahan,Perhitungan Ketentuan,"Domain Tambahan, Domain Pajak, Domain Hak, Domain Negara, Domain Barat","Perhitungan Ketentuan, Negara Republik, Lampiran Pelabuhan, Pajak Pasal, Pegawai Adalah, Uang Peraturan, Adalah Dana, Tambahan Ketentuan, Laporan Huruf, Wilayah Agama, Peraturan Berlaku, Pemerintah Government, Daerah Perkataan",18,No,DOKUMEN HUKUM: Undang-Undang Nomor 7 Tahun 1982 tentang Tambahan dan Perubahan Anggaran Pendapatan dan Belanja Negara Tahun Anggaran 1981/1982  Pasal ...
412,akn_id_act_uu_1982_8.json,1982,1980 - 1984,Domain Tambahan,Perhitungan Ketentuan,"Domain Tambahan, Domain Pajak, Domain Negara","Perhitungan Ketentuan, Negara Republik, Lampiran Pelabuhan, Uang Peraturan, Tambahan Ketentuan, Laporan Huruf, Wilayah Agama, Pajak Pasal, Peraturan Berlaku, Pemerintah Government, Daerah Perkataan",14,No,DOKUMEN HUKUM: Undang-Undang Nomor 8 Tahun 1982 tentang Perhitungan Anggaran Negara Tahun 1974/1975  Pasal 2: Undang - undang ini mulai berlaku pada t...
413,akn_id_act_uu_1982_9.json,1982,1980 - 1984,Domain Tambahan,Perhitungan Ketentuan,"Domain Tambahan, Domain Pajak, Domain Negara","Perhitungan Ketentuan, Negara Republik, Lampiran Pelabuhan, Uang Peraturan, Tambahan Ketentuan, Laporan Huruf, Wilayah Agama, Pajak Pasal, Peraturan Berlaku, Daerah Perkataan",13,No,DOKUMEN HUKUM: Undang-Undang Nomor 9 Tahun 1982 tentang Perhitungan Anggaran Negara Tahun 1975/1976  Pasal 2: Undang-undang ini mulai berlaku pada tan...
414,akn_id_act_uu_1983_1.json,1983,1980 - 1984,Domain Tambahan,Negara Republik,"Domain Tambahan, Domain Pajak, Domain Hak, Domain Negara, Domain Barat","Negara Republik, Lampiran Pelabuhan, Uang Peraturan, Pegawai Adalah, Tambahan Ketentuan, Wilayah Agama, Peraturan Berlaku, Pemerintah Government, Daerah Papua, Daerah Perkataan, Hak Ciptaan",16,No,DOKUMEN HUKUM: Undang-Undang Nomor 1 Tahun 1983 tentang Pengesahan Perjanjian Antara Ri dan Malaysia Tentang Rejim Hukum Negara Nusantara dan Hak-hak ...
415,akn_id_act_uu_1983_2.json,1983,1980 - 1984,Domain Tambahan,Perhitungan Ketentuan,"Domain Tambahan, Domain Pajak, Domain Hak, Domain Negara, Domain Barat","Perhitungan Ketentuan, Negara Republik, Lampiran Pelabuhan, Pajak Pasal, Uang Peraturan, Adalah Dana, Tambahan Ketentuan, Laporan Huruf, Peraturan Berlaku, Pemerintah Government, Daerah Perkataan",16,No,DOKUMEN HUKUM: Undang-Undang Nomor 2 Tahun 1983 tentang Anggaran Pendapatan dan Belanja Negara Tahun Anggaran 1983/1984  Pasal 5: Selambat - lambatnya...
416,akn_id_act_uu_1983_3.json,1983,1980 - 1984,Domain Tambahan,Perhitungan Ketentuan,"Domain Tambahan, Domain Pajak, Domain Hak, Domain Negara, Domain Barat","Perhitungan Ketentuan, Negara Republik, Lampiran Pelabuhan, Pajak Pasal, Uang Peraturan, Adalah Dana, Tambahan Ketentuan, Laporan Huruf, Wilayah Agama, Peraturan Berlaku, Pemerintah Government, Daerah Perkataan",17,No,DOKUMEN HUKUM: Undang-Undang Nomor 3 Tahun 1983 tentang Tambahan dan Perubahan Anggaran Pendapatan dan Belanja Negara Tahun Anggaran 1982/1983  Pasal ...
417,akn_id_act_uu_1983_4.json,1983,1980 - 1984,Domain Tambahan,Perhitungan Ketentuan,"Domain Tambahan, Domain Pajak, Domain Negara","Perhitungan Ketentuan, Lampiran Pelabuhan, Uang Peraturan, Tambahan Ketentuan, Laporan Huruf, Pajak Pasal, Peraturan Berlaku, Daerah Perkataan",11,No,DOKUMEN HUKUM: Undang-Undang Nomor 4 Tahun 1983 tentang Perhitungan Anggaran Negara Tahun Anggaran 1979/1980  Pasal 2: Undang-undang ini mulai berlaku...
418,akn_id_act_uu_1983_5.json,1983,1980 - 1984,Domain Hak,Pegawai Adalah,"Domain Hak, Domain Barat","Pegawai Adalah, Desa Kota, Pengetahuan Ilmu, Daerah Papua, Hak Ciptaan",7,No,DOKUMEN HUKUM: Undang-Undang Nomor 5 Tahun 1983 tentang Zona Ekonomi Eksklusif Indonesia  Pasal 1: Dalam undang - undang ini yang dimaksud dengan: a. ...
419,akn_id_act_uu_1983_6.json,1983,1980 - 1984,Domain Tambahan,Perhitungan Ketentuan,"Domain Tambahan, Domain Pajak, Domain Hak, Domain Negara, Domain Barat","Perhitungan Ketentuan, Pajak Pasal, Pegawai Adalah, Uang Peraturan, Adalah Dana, Tambahan Ketentuan, Pengadilan Surat, Peraturan Berlaku, Paling Adalah, Daerah Perkataan",15,No,DOKUMEN HUKUM: Undang-Undang Nomor 6 Tahun 1983 tentang KETENTUAN UMUM DAN TATA CARA PERPAJAKAN  Pasal 1: Yang dimaksud dalam undang - undang ini deng...
420,akn_id_act_uu_1983_7.json,1983,1980 - 1984,Domain Barat,Pegawai Adalah,"Domain Barat, Domain Tambahan, Domain Pajak, Domain Hak, Domain Negara","Pegawai Adalah, Pengadilan Surat, Laporan Huruf, Paling Adalah, Adalah Dana, Tambahan Ketentuan, Peraturan Berlaku, Daerah Papua, Hak Ciptaan, Desa Kota, Daerah Perkataan, Perhitungan Ketentuan, Uang Peraturan, Pajak Pasal",19,No,DOKUMEN HUKUM: Undang-Undang Nomor 7 Tahun 1983 tentang Pajak Penghasilan  Pasal 1: Pajak Penghasilan dikenakan terhadap orang pribadi atau perseorang...
421,akn_id_act_uu_1983_8.json,1983,1980 - 1984,Domain Hak,Adalah Dana,Domain Hak,"Adalah Dana, Hak Ciptaan",3,No,DOKUMEN HUKUM: Undang-Undang Nomor 8 Tahun 1983 tentang PAJAK PERTAMBAHAN NILAI BARANG DAN JASA DAN PAJAK PENJUALAN ATAS BARANG MEWAH  Pasal I: PASAL ...
422,akn_id_act_uu_1984_1.json,1984,1980 - 1984,Domain Tambahan,Perhitungan Ketentuan,"Domain Tambahan, Domain Pajak, Domain Hak, Domain Negara","Perhitungan Ketentuan, Negara Republik, Lampiran Pelabuhan, Uang Peraturan, Adalah Dana, Tambahan Ketentuan, Laporan Huruf, Pajak Pasal, Peraturan Berlaku, Pemerintah Government, Daerah Perkataan",15,No,DOKUMEN HUKUM: Undang-Undang Nomor 1 Tahun 1984 tentang Anggaran Pendapatan dan Belanja Negara Tahun Anggaran 1984/1985  Pasal 5: Selambat-lambatnya p...
423,akn_id_act_uu_1984_2.json,1984,1980 - 1984,Domain Tambahan,Perhitungan Ketentuan,"Domain Tambahan, Domain Pajak, Domain Negara","Perhitungan Ketentuan, Lampiran Pelabuhan, Uang Peraturan, Tambahan Ketentuan, Laporan Huruf, Pajak Pasal, Peraturan Berlaku",10,No,DOKUMEN HUKUM: Undang-Undang Nomor 2 Tahun 1984 tentang Perhitungan Anggaran Negara Tahun Anggaran 1980/1981  Pasal 2: Undang - Undang ini mulai berla...
424,akn_id_act_uu_1984_3.json,1984,1980 - 1984,Domain Tambahan,Perhitungan Ketentuan,"Domain Tambahan, Domain Pajak, Domain Hak, Domain Negara","Perhitungan Ketentuan, Negara Republik, Lampiran Pelabuhan, Uang Peraturan, Adalah Dana, Tambahan Ketentuan, Laporan Huruf, Wilayah Agama, Pajak Pasal, Peraturan Berlaku, Pemerintah Government, Daerah Perkataan",16,No,DOKUMEN HUKUM: Undang-Undang Nomor 3 Tahun 1984 tentang Tambahan dan Perubahan Anggaran Pendapatan dan Belanja Negara Tahun Anggaran 1983/1984  Pasal ...
425,akn_id_act_uu_1984_4.json,1984,1980 - 1984,Belum Diklasifikasi,Desa Kota,,Desa Kota,1,Yes,DOKUMEN HUKUM: Undang-Undang Nomor 4 Tahun 1984 tentang Wabah Penyakit Menular  Pasal 1: Dalam Undang-Undang ini yang dimaksud dengan: a. Wabah penyak...
426,akn_id_act_uu_1984_5.json,1984,1980 - 1984,Domain Hak,Pengetahuan Ilmu,Domain Hak,"Pengetahuan Ilmu, Hak Ciptaan, Desa Kota",4,No,DOKUMEN HUKUM: Undang-Undang Nomor 5 Tahun 1984 tentang Perindustrian  Pasal 1: Dalam Undang - Undang in i yang dirnaksud dengan : 1. Perindustrian ad...
427,akn_id_act_uu_1984_6.json,1984,1980 - 1984,Domain Negara,Adalah Dana,Domain Negara,Adalah Dana,2,No,DOKUMEN HUKUM: Undang-Undang Nomor 6 Tahun 1984 tentang POS  Pasal 1: Dalam Undang - undang ini yang dimaksudkan dengan: 1. Pos adalah pelayanan lalu ...
428,akn_id_act_uu_1984_7.json,1984,1980 - 1984,Domain Tambahan,Perhitungan Ketentuan,"Domain Tambahan, Domain Pajak, Domain Negara","Perhitungan Ketentuan, Negara Republik, Pajak Pasal, Peraturan Berlaku, Pemerintah Government, Daerah Perkataan",9,No,DOKUMEN HUKUM: Undang-Undang Nomor 7 Tahun 1984 tentang Pengesahan Konvensi Mengenai Penghapusan Segala Bentuk Diskriminasi Terhadap Wanita (conventio...
429,akn_id_act_uu_1984_8.json,1984,1980 - 1984,Domain Tambahan,Perhitungan Ketentuan,"Domain Tambahan, Domain Pajak, Domain Hak, Domain Negara, Domain Barat","Perhitungan Ketentuan, Barat Lembaran, Negara Republik, Lampiran Pelabuhan, Pajak Pasal, Uang Peraturan, Tambahan Ketentuan, Wilayah Agama, Peraturan Berlaku, Daerah Perkataan",15,No,DOKUMEN HUKUM: Undang-Undang Nomor 8 Tahun 1984 tentang Penetapan Perpu 1-1984 Tentang Penangguhan Mulai Berlakunya Uu Pajak Pertambahan Nilai 1984 Me...
430,akn_id_act_uu_1985_1.json,1985,1985 - 1989,Domain Tambahan,Perhitungan Ketentuan,"Domain Tambahan, Domain Pajak, Domain Negara","Perhitungan Ketentuan, Negara Republik, Lampiran Pelabuhan, Uang Peraturan, Tambahan Ketentuan, Wilayah Agama, Pajak Pasal, Peraturan Berlaku, Daerah Perkataan",12,No,DOKUMEN HUKUM: Undang-Undang Nomor 1 Tahun 1985 tentang Perubahan Uu 15-1969 Tentang Pemilihan Umum Anggota-anggota Badan Permusyawaratan/perwakilan R...
431,akn_id_act_uu_1985_10.json,1985,1985 - 1989,Domain Tambahan,Perhitungan Ketentuan,"Domain Tambahan, Domain Pajak, Domain Hak, Domain Negara, Domain Barat","Perhitungan Ketentuan, Barat Lembaran, Negara Republik, Pajak Pasal, Uang Peraturan, Tambahan Ketentuan, Wilayah Agama, Peraturan Berlaku, Daerah Perkataan",14,No,DOKUMEN HUKUM: Undang-Undang Nomor 10 Tahun 1985 tentang PENCABUTAN UU 4-1970 TENTANG PEMBENTUKAN DAERAH PERDAGANGAN BEBAS DENGAN PELABUHAN BEBAS SABA...
432,akn_id_act_uu_1985_11.json,1985,1985 - 1989,Domain Tambahan,Negara Republik,"Domain Tambahan, Domain Pajak, Domain Hak, Domain Negara, Domain Barat","Negara Republik, Lampiran Pelabuhan, Pajak Pasal, Pegawai Adalah, Uang Peraturan, Tambahan Ketentuan, Wilayah Agama, Peraturan Berlaku, Pemerintah Government, Daerah Perkataan",15,No,DOKUMEN HUKUM: Undang-Undang Nomor 11 Tahun 1985 tentang PENGESAHAN KONVENSI TELEKOMUNIKASI INTERNASIONAL (INTERNATIONAL TELECOMMUNICATIONS CONVENTION...
433,akn_id_act_uu_1985_12.json,1985,1985 - 1989,Domain Barat,Negara Republik,"Domain Barat, Domain Tambahan, Domain Pajak, Domain Hak, Domain Negara","Negara Republik, Pegawai Adalah, Pengadilan Surat, Paling Adalah, Barat Lembaran, Adalah Dana, Tambahan Ketentuan, Tingkat Kecamatan, Peraturan Berlaku, Daerah Papua, Hak Ciptaan, Lampiran Pelabuhan, Desa Kota, Wilayah Agama, Daerah Perkataan, Perhitungan Ketentuan, Uang Peraturan, Pajak Pasal",23,No,DOKUMEN HUKUM: Undang-Undang Nomor 12 Tahun 1985 tentang Pajak Bumi dan Bangunan  Pasal 1: Yang dimaksud dalam Undang-undang ini dengan : 1. Bumi adal...
434,akn_id_act_uu_1985_13.json,1985,1985 - 1989,Domain Barat,Negara Republik,"Domain Barat, Domain Tambahan, Domain Pajak, Domain Hak, Domain Negara","Negara Republik, Pegawai Adalah, Pengetahuan Ilmu, Pengadilan Surat, Paling Adalah, Barat Lembaran, Adalah Dana, Tambahan Ketentuan, Tingkat Kecamatan, Peraturan Berlaku, Pemerintah Government, Daerah Papua, Hak Ciptaan, Lampiran Pelabuhan, Desa Kota, Wilayah Agama, Daerah Perkataan, Uang Peraturan, Pajak Pasal",24,No,DOKUMEN HUKUM: Undang-Undang Nomor 13 Tahun 1985 tentang BEA METERAI  Pasal 3: Dengan Peraturan Pemerintah dapat ditetapkan besarnya tarif Bea Meterai...
435,akn_id_act_uu_1985_14.json,1985,1985 - 1989,Domain Barat,Negara Republik,"Domain Barat, Domain Tambahan, Domain Pajak, Domain Hak, Domain Negara","Negara Republik, Pegawai Adalah, Pengadilan Surat, Paling Adalah, Barat Lembaran, Tambahan Ketentuan, Peraturan Berlaku, Hak Ciptaan, Desa Kota, Wilayah Agama, Daerah Perkataan, Perhitungan Ketentuan, Uang Peraturan, Pajak Pasal",19,No,DOKUMEN HUKUM: Undang-Undang Nomor 14 Tahun 1985 tentang Mahkamah Agung  Pasal I: Bagian Pertama Kedudukan Mahkamah Agung  Pasal 1: Mahkamah Agung ada...
436,akn_id_act_uu_1985_15.json,1985,1985 - 1989,Domain Tambahan,Negara Republik,"Domain Tambahan, Domain Hak, Domain Negara, Domain Barat","Negara Republik, Uang Peraturan, Pegawai Adalah, Adalah Dana, Desa Kota, Pengetahuan Ilmu, Pengadilan Surat, Tingkat Kecamatan, Daerah Papua, Daerah Perkataan, Hak Ciptaan",15,No,DOKUMEN HUKUM: Undang-Undang Nomor 15 Tahun 1985 tentang Ketenagalistrikan  Pasal 1: Dalam Undang-undang ini yang dimaksud dengan : 1. Ketenagalistrik...
437,akn_id_act_uu_1985_16.json,1985,1985 - 1989,Domain Tambahan,Perhitungan Ketentuan,"Domain Tambahan, Domain Pajak, Domain Hak, Domain Negara, Domain Barat","Perhitungan Ketentuan, Pajak Pasal, Pegawai Adalah, Uang Peraturan, Desa Kota, Pengadilan Surat, Peraturan Berlaku, Paling Adalah, Daerah Perkataan, Hak Ciptaan",15,No,DOKUMEN HUKUM: Undang-Undang Nomor 16 Tahun 1985 tentang Rumah Susun  Pasal 1: Dalam Undang-undang ini yang dimaksud dengan:  Pasal 2: Pembangunan rum...
438,akn_id_act_uu_1985_17.json,1985,1985 - 1989,Domain Tambahan,Perhitungan Ketentuan,"Domain Tambahan, Domain Pajak, Domain Negara","Perhitungan Ketentuan, Negara Republik, Wilayah Agama, Pajak Pasal, Peraturan Berlaku, Pemerintah Government, Daerah Perkataan",10,No,DOKUMEN HUKUM: Undang-Undang Nomor 17 Tahun 1985 tentang Pengesahan United Nations Convention On The Law of The Sea (konvensi Perserikatan Bangsa-bang...
439,akn_id_act_uu_1985_2.json,1985,1985 - 1989,Domain Barat,Negara Republik,"Domain Barat, Domain Tambahan, Domain Pajak, Domain Hak, Domain Negara","Negara Republik, Pegawai Adalah, Pengadilan Surat, Barat Lembaran, Tambahan Ketentuan, Peraturan Berlaku, Pemerintah Government, Lampiran Pelabuhan, Desa Kota, Wilayah Agama, Daerah Perkataan, Perhitungan Ketentuan, Uang Peraturan, Pajak Pasal",19,No,"DOKUMEN HUKUM: Undang-Undang Nomor 2 Tahun 1985 tentang Perubahan Uu 16-1969 Tentang Susunan dan Kedudukan Majelis Permusyawaratan Rakyat, Dewan Perwa..."
440,akn_id_act_uu_1985_3.json,1985,1985 - 1989,Domain Tambahan,Perhitungan Ketentuan,"Domain Tambahan, Domain Pajak, Domain Negara","Perhitungan Ketentuan, Negara Republik, Lampiran Pelabuhan, Uang Peraturan, Tambahan Ketentuan, Wilayah Agama, Pajak Pasal, Peraturan Berlaku, Pemerintah Government, Daerah Perkataan",13,No,DOKUMEN HUKUM: Undang-Undang Nomor 3 Tahun 1985 tentang Perubahan Uu 3-1975 Tentang Partai Politik dan Golongan Karya  Pasal II: Undang-undang ini mul...
441,akn_id_act_uu_1985_4.json,1985,1985 - 1989,Domain Tambahan,Perhitungan Ketentuan,"Domain Tambahan, Domain Pajak, Domain Hak, Domain Negara, Domain Barat","Perhitungan Ketentuan, Negara Republik, Lampiran Pelabuhan, Pajak Pasal, Uang Peraturan, Adalah Dana, Tambahan Ketentuan, Laporan Huruf, Peraturan Berlaku, Pemerintah Government, Daerah Perkataan",16,No,DOKUMEN HUKUM: Undang-Undang Nomor 4 Tahun 1985 tentang Anggaran Pendapatan dan Pendapatan dan Belanja Negara Tahun Anggaran 1985/1986  Pasal 5: Selam...
442,akn_id_act_uu_1985_5.json,1985,1985 - 1989,Domain Tambahan,Negara Republik,"Domain Tambahan, Domain Pajak, Domain Hak, Domain Negara, Domain Barat","Negara Republik, Pegawai Adalah, Pengadilan Surat, Barat Lembaran, Tambahan Ketentuan, Tingkat Kecamatan, Pemerintah Government, Daerah Papua, Hak Ciptaan, Lampiran Pelabuhan, Desa Kota, Wilayah Agama, Daerah Perkataan, Uang Peraturan",19,No,DOKUMEN HUKUM: Undang-Undang Nomor 5 Tahun 1985 tentang Referendum  Pasal 1: Yang dimaksud dalam Undang-undang ini dengan : a. Referendum adalah kegia...
443,akn_id_act_uu_1985_6.json,1985,1985 - 1989,Domain Tambahan,Perhitungan Ketentuan,"Domain Tambahan, Domain Pajak, Domain Negara","Perhitungan Ketentuan, Negara Republik, Lampiran Pelabuhan, Uang Peraturan, Tambahan Ketentuan, Laporan Huruf, Pajak Pasal, Peraturan Berlaku, Daerah Perkataan",12,No,DOKUMEN HUKUM: Undang-Undang Nomor 6 Tahun 1985 tentang Perhitungan Anggaran Negara Tahun Anggaran 1981/1982  Pasal 2: Undang-undang ini mulai berlaku...
444,akn_id_act_uu_1985_7.json,1985,1985 - 1989,Domain Tambahan,Perhitungan Ketentuan,"Domain Tambahan, Domain Pajak, Domain Hak, Domain Negara, Domain Barat","Perhitungan Ketentuan, Negara Republik, Lampiran Pelabuhan, Pajak Pasal, Uang Peraturan, Adalah Dana, Tambahan Ketentuan, Laporan Huruf, Wilayah Agama, Peraturan Berlaku, Pemerintah Government, Daerah Perkataan",17,No,DOKUMEN HUKUM: Undang-Undang Nomor 7 Tahun 1985 tentang Tambahan dan Perubahan Anggaran Pendapatan dan Belanja Negara Tahun Anggaran 1984/1985  Pasal ...
445,akn_id_act_uu_1985_8.json,1985,1985 - 1989,Domain Tambahan,Negara Republik,"Domain Tambahan, Domain Hak, Domain Negara, Domain Barat","Negara Republik, Pegawai Adalah, Pengetahuan Ilmu, Pengadilan Surat, Paling Adalah, Barat Lembaran, Tambahan Ketentuan, Tingkat Kecamatan, Pemerintah Government, Daerah Papua, Hak Ciptaan, Lampiran Pelabuhan, Desa Kota, Wilayah Agama, Daerah Perkataan, Uang Peraturan",20,No,DOKUMEN HUKUM: Undang-Undang Nomor 8 Tahun 1985 tentang Organisasi Kemasyarakatan  Pasal 1: Dalam Undang-undang ini yang dimaksud dengan Organisasi Ke...
446,akn_id_act_uu_1985_9.json,1985,1985 - 1989,Domain Tambahan,Barat Lembaran,"Domain Tambahan, Domain Hak, Domain Negara, Domain Barat","Barat Lembaran, Paling Adalah, Negara Republik, Uang Peraturan, Pegawai Adalah, Adalah Dana, Desa Kota, Pengetahuan Ilmu, Pengadilan Surat, Tingkat Kecamatan, Daerah Papua, Daerah Perkataan, Hak Ciptaan",17,No,DOKUMEN HUKUM: Undang-Undang Nomor 9 Tahun 1985 tentang Perikanan  Pasal 1: Dalam Undang-undang ini yang dimaksud dengan: 1. Perikanan adalah semua ke...
447,akn_id_act_uu_1986_1.json,1986,1985 - 1989,Domain Tambahan,Perhitungan Ketentuan,"Domain Tambahan, Domain Pajak, Domain Hak, Domain Negara, Domain Barat","Perhitungan Ketentuan, Barat Lembaran, Negara Republik, Lampiran Pelabuhan, Pajak Pasal, Uang Peraturan, Adalah Dana, Tambahan Ketentuan, Laporan Huruf, Peraturan Berlaku, Pemerintah Government, Daerah Perkataan",17,No,DOKUMEN HUKUM: Undang-Undang Nomor 1 Tahun 1986 tentang Anggaran Pendapatan dan Belanja Negara Tahun Anggaran 1986/1987  Pasal 5: Selambat-lambatnya p...
448,akn_id_act_uu_1986_2.json,1986,1985 - 1989,Domain Hak,Pegawai Adalah,"Domain Hak, Domain Negara, Domain Barat","Pegawai Adalah, Desa Kota, Pengadilan Surat, Daerah Perkataan, Daerah Papua",8,No,DOKUMEN HUKUM: Undang-Undang Nomor 2 Tahun 1986 tentang Peradilan Umum  Pasal I: Bagian Pertama Pengertian  Pasal 1: Yang dimaksud dalam Undang-undang...
449,akn_id_act_uu_1986_3.json,1986,1985 - 1989,Domain Tambahan,Perhitungan Ketentuan,"Domain Tambahan, Domain Pajak, Domain Hak, Domain Negara, Domain Barat","Perhitungan Ketentuan, Negara Republik, Lampiran Pelabuhan, Pajak Pasal, Pegawai Adalah, Uang Peraturan, Adalah Dana, Tambahan Ketentuan, Laporan Huruf, Wilayah Agama, Peraturan Berlaku, Pemerintah Government, Daerah Perkataan",18,No,DOKUMEN HUKUM: Undang-Undang Nomor 3 Tahun 1986 tentang Tambahan dan Perubahan Anggaran Pendapatan dan Belanja Negara Tahun Anggaran 1985/1986  Pasal ...
450,akn_id_act_uu_1986_4.json,1986,1985 - 1989,Domain Tambahan,Perhitungan Ketentuan,"Domain Tambahan, Domain Pajak, Domain Negara","Perhitungan Ketentuan, Negara Republik, Lampiran Pelabuhan, Uang Peraturan, Tambahan Ketentuan, Laporan Huruf, Pajak Pasal, Peraturan Berlaku, Daerah Perkataan",12,No,DOKUMEN HUKUM: Undang-Undang Nomor 4 Tahun 1986 tentang Perhitungan Anggaran Negara Tahun Anggaran 1983/1983  Pasal 2: Undang-undang ini mulai berlaku...
451,akn_id_act_uu_1986_5.json,1986,1985 - 1989,Domain Hak,Pengadilan Surat,"Domain Hak, Domain Barat",Pengadilan Surat,3,No,DOKUMEN HUKUM: Undang-Undang Nomor 5 Tahun 1986 tentang Peradilan Tata Usaha Negara  Pasal I: Bagian Pertama Pengertian  Pasal 1: Dalam Undang-undang ...
452,akn_id_act_uu_1987_1.json,1987,1985 - 1989,Domain Hak,Negara Republik,"Domain Hak, Domain Negara, Domain Barat","Negara Republik, Uang Peraturan, Pegawai Adalah, Desa Kota, Pengetahuan Ilmu, Pemerintah Government, Daerah Papua, Hak Ciptaan",11,No,DOKUMEN HUKUM: Undang-Undang Nomor 1 Tahun 1987 tentang Kamar Dagang dan Industri  Pasal 1: Dalam Undang-undang ini yang dimaksud dengan: a. Kamar Dag...
453,akn_id_act_uu_1987_2.json,1987,1985 - 1989,Domain Tambahan,Negara Republik,"Domain Tambahan, Domain Barat, Domain Negara","Negara Republik, Lampiran Pelabuhan, Peraturan Berlaku, Pemerintah Government, Daerah Papua",8,No,"DOKUMEN HUKUM: Undang-Undang Nomor 2 Tahun 1987 tentang Pengesahan ""treaty of Mutual Respect Friendship and Coperation Between The Republik of Indones..."
454,akn_id_act_uu_1987_3.json,1987,1985 - 1989,Domain Barat,Negara Republik,"Domain Barat, Domain Tambahan, Domain Pajak, Domain Hak, Domain Negara","Negara Republik, Pegawai Adalah, Laporan Huruf, Barat Lembaran, Adalah Dana, Tambahan Ketentuan, Peraturan Berlaku, Pemerintah Government, Daerah Papua, Lampiran Pelabuhan, Daerah Perkataan, Perhitungan Ketentuan, Uang Peraturan, Pajak Pasal",19,No,DOKUMEN HUKUM: Undang-Undang Nomor 3 Tahun 1987 tentang Anggaran Pendapatan dan Belanja Negara Tahun Anggaran 1987/1988  Pasal 5: Selambat-lambatnya p...
455,akn_id_act_uu_1987_4.json,1987,1985 - 1989,Domain Tambahan,Perhitungan Ketentuan,"Domain Tambahan, Domain Pajak, Domain Hak, Domain Negara","Perhitungan Ketentuan, Negara Republik, Lampiran Pelabuhan, Uang Peraturan, Tambahan Ketentuan, Laporan Huruf, Wilayah Agama, Pajak Pasal, Peraturan Berlaku, Pemerintah Government, Daerah Perkataan",15,No,DOKUMEN HUKUM: Undang-Undang Nomor 4 Tahun 1987 tentang Tambahan dan Perubahan Anggaran Pendapatan dan Belanja Negara Tahun Anggaran 1986/1987  Pasal ...
456,akn_id_act_uu_1987_5.json,1987,1985 - 1989,Domain Tambahan,Perhitungan Ketentuan,"Domain Tambahan, Domain Pajak, Domain Negara","Perhitungan Ketentuan, Negara Republik, Lampiran Pelabuhan, Uang Peraturan, Tambahan Ketentuan, Laporan Huruf, Pajak Pasal, Peraturan Berlaku, Daerah Perkataan",12,No,DOKUMEN HUKUM: Undang-Undang Nomor 5 Tahun 1987 tentang Perhitungan Anggaran Negara Tahun Anggaran 1983/1984  Pasal 2: Undang-undang ini mulai berlaku...
457,akn_id_act_uu_1987_6.json,1987,1985 - 1989,Domain Tambahan,Perhitungan Ketentuan,"Domain Tambahan, Domain Pajak, Domain Negara","Perhitungan Ketentuan, Negara Republik, Lampiran Pelabuhan, Uang Peraturan, Tambahan Ketentuan, Laporan Huruf, Pajak Pasal, Peraturan Berlaku, Daerah Perkataan",12,No,DOKUMEN HUKUM: Undang-Undang Nomor 6 Tahun 1987 tentang Perhitungan Anggaran Negara Tahun Anggaran 1984/1985  Pasal 2: Undang-undang ini mulai berlaku...
458,akn_id_act_uu_1987_7.json,1987,1985 - 1989,Domain Tambahan,Perhitungan Ketentuan,"Domain Tambahan, Domain Pajak, Domain Hak, Domain Negara, Domain Barat","Perhitungan Ketentuan, Negara Republik, Lampiran Pelabuhan, Pajak Pasal, Pegawai Adalah, Uang Peraturan, Tambahan Ketentuan, Wilayah Agama, Peraturan Berlaku, Pemerintah Government, Daerah Papua, Daerah Perkataan, Hak Ciptaan",18,No,DOKUMEN HUKUM: Undang-Undang Nomor 7 Tahun 1987 tentang Perubahan Uu 6-1982 Tentang Hak Cipta  Pasal II: Undang-undang ini mulai berlaku pada tanggal ...
459,akn_id_act_uu_1987_8.json,1987,1985 - 1989,Domain Hak,Desa Kota,"Domain Hak, Domain Barat","Desa Kota, Daerah Papua",4,No,DOKUMEN HUKUM: Undang-Undang Nomor 8 Tahun 1987 tentang Protokol  Pasal 1: Dalam Undang-undang ini yang dimaksud dengan : 1. Protokol adalah serangkai...
460,akn_id_act_uu_1988_1.json,1988,1985 - 1989,Domain Tambahan,Perhitungan Ketentuan,"Domain Tambahan, Domain Pajak, Domain Hak, Domain Negara","Perhitungan Ketentuan, Negara Republik, Lampiran Pelabuhan, Tambahan Ketentuan, Wilayah Agama, Pajak Pasal, Peraturan Berlaku, Pemerintah Government, Daerah Perkataan",13,No,DOKUMEN HUKUM: Undang-Undang Nomor 1 Tahun 1988 tentang Perubahan Uu 20-1982 Tentang Ketentuan-ketentuan Pokok Pertahanan Keamanan Negara Ri  Pasal II...
461,akn_id_act_uu_1988_2.json,1988,1985 - 1989,Domain Tambahan,Negara Republik,"Domain Tambahan, Domain Hak, Domain Negara, Domain Barat","Negara Republik, Lampiran Pelabuhan, Uang Peraturan, Pegawai Adalah, Desa Kota, Pengadilan Surat, Pemerintah Government, Daerah Perkataan, Daerah Papua",13,No,DOKUMEN HUKUM: Undang-Undang Nomor 2 Tahun 1988 tentang PRAJURIT ANGKATAN BERSENJATA RI  Pasal 1: Dalam undang-undang ini yang dimaksud dengan : a. Wa...
462,akn_id_act_uu_1988_3.json,1988,1985 - 1989,Domain Tambahan,Perhitungan Ketentuan,"Domain Tambahan, Domain Pajak, Domain Hak, Domain Negara","Perhitungan Ketentuan, Negara Republik, Lampiran Pelabuhan, Uang Peraturan, Tambahan Ketentuan, Laporan Huruf, Wilayah Agama, Pajak Pasal, Peraturan Berlaku, Daerah Perkataan",14,No,DOKUMEN HUKUM: Undang-Undang Nomor 3 Tahun 1988 tentang Anggaran Pendapatan dan Belanja Negara Tahun Anggaran 1988/1989  Pasal 7: Ketentuan-ketentuan ...
463,akn_id_act_uu_1988_4.json,1988,1985 - 1989,Domain Tambahan,Negara Republik,"Domain Tambahan, Domain Pajak, Domain Negara, Domain Barat","Negara Republik, Lampiran Pelabuhan, Uang Peraturan, Pegawai Adalah, Tambahan Ketentuan, Wilayah Agama, Peraturan Berlaku, Pemerintah Government, Daerah Perkataan",13,No,DOKUMEN HUKUM: Undang-Undang Nomor 4 Tahun 1988 tentang Pengesahan Protocol Amending The Treaty of Amity and Cooperation In Southeast Asia  Pasal 1: M...
464,akn_id_act_uu_1988_5.json,1988,1985 - 1989,Domain Tambahan,Perhitungan Ketentuan,"Domain Tambahan, Domain Pajak, Domain Hak, Domain Negara, Domain Barat","Perhitungan Ketentuan, Negara Republik, Lampiran Pelabuhan, Pajak Pasal, Pegawai Adalah, Uang Peraturan, Adalah Dana, Tambahan Ketentuan, Laporan Huruf, Wilayah Agama, Peraturan Berlaku, Pemerintah Government, Daerah Perkataan",18,No,DOKUMEN HUKUM: Undang-Undang Nomor 5 Tahun 1988 tentang Tambahan dan Perubahan Anggaran Pendapatan dan Belanja Negara Tahun Anggaran 1987/1988  Pasal ...
465,akn_id_act_uu_1988_6.json,1988,1985 - 1989,Domain Tambahan,Perhitungan Ketentuan,"Domain Tambahan, Domain Pajak, Domain Negara","Perhitungan Ketentuan, Negara Republik, Lampiran Pelabuhan, Uang Peraturan, Tambahan Ketentuan, Laporan Huruf, Pajak Pasal, Peraturan Berlaku, Pemerintah Government, Daerah Perkataan",13,No,DOKUMEN HUKUM: Undang-Undang Nomor 6 Tahun 1988 tentang Perhitungan Anggaran Negara Tahun Anggaran 1985/1986  Pasal 2: Undang-undang ini mulai berlaku...
466,akn_id_act_uu_1989_1.json,1989,1985 - 1989,Domain Tambahan,Perhitungan Ketentuan,"Domain Tambahan, Domain Pajak, Domain Hak, Domain Negara","Perhitungan Ketentuan, Negara Republik, Lampiran Pelabuhan, Uang Peraturan, Adalah Dana, Tambahan Ketentuan, Laporan Huruf, Pajak Pasal, Peraturan Berlaku, Daerah Perkataan",14,No,DOKUMEN HUKUM: Undang-Undang Nomor 1 Tahun 1989 tentang Anggaran Pendapatan dan Belanja Negara Tahun Anggaran 1989/1990  Pasal 5: Sebelum Tahun Anggar...
467,akn_id_act_uu_1989_2.json,1989,1985 - 1989,Domain Tambahan,Negara Republik,"Domain Tambahan, Domain Hak, Domain Negara, Domain Barat","Negara Republik, Pegawai Adalah, Pengetahuan Ilmu, Pengadilan Surat, Paling Adalah, Barat Lembaran, Tambahan Ketentuan, Tingkat Kecamatan, Pemerintah Government, Daerah Papua, Hak Ciptaan, Lampiran Pelabuhan, Desa Kota, Daerah Perkataan, Uang Peraturan",19,No,DOKUMEN HUKUM: Undang-Undang Nomor 2 Tahun 1989 tentang SISTEM PENDIDIKAN NASIONAL  Pasal 1: Dalam Undang-undang ini yang dimaksud dengan : 1. Pendidi...
468,akn_id_act_uu_1989_3.json,1989,1985 - 1989,Domain Pajak,Paling Adalah,"Domain Pajak, Domain Hak, Domain Negara, Domain Barat","Paling Adalah, Negara Republik, Pegawai Adalah, Desa Kota, Pengadilan Surat, Tingkat Kecamatan, Peraturan Berlaku, Daerah Papua, Daerah Perkataan, Hak Ciptaan",14,No,DOKUMEN HUKUM: Undang-Undang Nomor 3 Tahun 1989 tentang TELEKOMUNIKASI  Pasal 1: Dalam Undang-undang ini yang dimaksud dengan : 1. Telekomunikasi adal...
469,akn_id_act_uu_1989_4.json,1989,1985 - 1989,Domain Tambahan,Perhitungan Ketentuan,"Domain Tambahan, Domain Pajak, Domain Hak, Domain Negara, Domain Barat","Perhitungan Ketentuan, Negara Republik, Lampiran Pelabuhan, Pajak Pasal, Uang Peraturan, Adalah Dana, Tambahan Ketentuan, Laporan Huruf, Wilayah Agama, Peraturan Berlaku, Pemerintah Government, Daerah Perkataan",17,No,DOKUMEN HUKUM: Undang-Undang Nomor 4 Tahun 1989 tentang Tambahan dan Perubahan Atas Anggaran Pendapatan dan Belanja Negara Tahun Anggaran 1988/1989  P...
470,akn_id_act_uu_1989_5.json,1989,1985 - 1989,Domain Tambahan,Perhitungan Ketentuan,"Domain Tambahan, Domain Pajak, Domain Negara","Perhitungan Ketentuan, Negara Republik, Lampiran Pelabuhan, Uang Peraturan, Tambahan Ketentuan, Laporan Huruf, Pajak Pasal, Peraturan Berlaku, Daerah Perkataan",12,No,DOKUMEN HUKUM: Undang-Undang Nomor 5 Tahun 1989 tentang Perhitungan Anggaran Negara Tahun Anggaran 1986/1987  Pasal 2: Undang-undang ini mulai berlaku...
471,akn_id_act_uu_1989_6.json,1989,1985 - 1989,Domain Hak,Paling Adalah,"Domain Hak, Domain Negara, Domain Barat","Paling Adalah, Pegawai Adalah, Desa Kota, Pengadilan Surat, Peraturan Berlaku, Daerah Papua, Daerah Perkataan, Hak Ciptaan",11,No,DOKUMEN HUKUM: Undang-Undang Nomor 6 Tahun 1989 tentang Paten  Pasal 1: Dalam Undang-undang ini yang dimaksud dengan: 1. Paten adalah hak khusus yang ...
472,akn_id_act_uu_1989_7.json,1989,1985 - 1989,Belum Diklasifikasi,Pengadilan Surat,,Pengadilan Surat,1,Yes,DOKUMEN HUKUM: Undang-Undang Nomor 7 Tahun 1989 tentang Peradilan Agama  Pasal 1: Dalam Undang-undang ini yang dimaksud dengan:  Pasal 2: Peradilan Ag...
473,akn_id_act_uu_1990_1.json,1990,1990 - 1994,Domain Tambahan,Perhitungan Ketentuan,"Domain Tambahan, Domain Pajak, Domain Hak, Domain Negara","Perhitungan Ketentuan, Negara Republik, Lampiran Pelabuhan, Uang Peraturan, Adalah Dana, Tambahan Ketentuan, Laporan Huruf, Pajak Pasal, Peraturan Berlaku, Daerah Perkataan",14,No,DOKUMEN HUKUM: Undang-Undang Nomor 1 Tahun 1990 tentang Anggaran Pendapatan dan Belanja Negara Tahun Anggaran 1990/1991  Pasal 5: Sebelum Tahun Anggar...
474,akn_id_act_uu_1990_10.json,1990,1990 - 1994,Domain Barat,Negara Republik,"Domain Barat, Domain Tambahan, Domain Pajak, Domain Hak, Domain Negara","Negara Republik, Pegawai Adalah, Pengadilan Surat, Barat Lembaran, Tambahan Ketentuan, Tingkat Kecamatan, Peraturan Berlaku, Pemerintah Government, Daerah Papua, Hak Ciptaan, Lampiran Pelabuhan, Desa Kota, Wilayah Agama, Daerah Perkataan, Perhitungan Ketentuan, Uang Peraturan, Pajak Pasal",22,No,"DOKUMEN HUKUM: Undang-Undang Nomor 10 Tahun 1990 tentang Pembentukan Pengadilan Tinggi Tata Usaha Negara Jakarta, Medan, dan Ujung Pandang  Pasal 1: M..."
475,akn_id_act_uu_1990_11.json,1990,1990 - 1994,Domain Tambahan,Barat Lembaran,"Domain Tambahan, Domain Hak, Domain Negara, Domain Barat","Barat Lembaran, Negara Republik, Lampiran Pelabuhan, Uang Peraturan, Pegawai Adalah, Tambahan Ketentuan, Desa Kota, Pengadilan Surat, Tingkat Kecamatan, Pemerintah Government, Daerah Perkataan, Daerah Papua",16,No,DOKUMEN HUKUM: Undang-Undang Nomor 11 Tahun 1990 tentang Susunan Pemerintahan Daerah Khusus Ibukota Negara Ri Jakarta  Pasal 1: Dalam Undang-undang in...
476,akn_id_act_uu_1990_2.json,1990,1990 - 1994,Domain Tambahan,Perhitungan Ketentuan,"Domain Tambahan, Domain Pajak, Domain Hak, Domain Negara","Perhitungan Ketentuan, Negara Republik, Lampiran Pelabuhan, Uang Peraturan, Tambahan Ketentuan, Laporan Huruf, Wilayah Agama, Pajak Pasal, Peraturan Berlaku, Pemerintah Government, Daerah Perkataan",15,No,DOKUMEN HUKUM: Undang-Undang Nomor 2 Tahun 1990 tentang Tambahan dan Perubahan Atas Anggaran Pendapatan dan Belanja Negara Tahun Anggaran 1989/1990  P...
477,akn_id_act_uu_1990_3.json,1990,1990 - 1994,Domain Tambahan,Perhitungan Ketentuan,"Domain Tambahan, Domain Pajak, Domain Negara","Perhitungan Ketentuan, Negara Republik, Lampiran Pelabuhan, Uang Peraturan, Tambahan Ketentuan, Laporan Huruf, Pajak Pasal, Peraturan Berlaku, Daerah Perkataan",12,No,DOKUMEN HUKUM: Undang-Undang Nomor 3 Tahun 1990 tentang Perhitungan Anggaran Negara Tahun Anggaran 1987/1988  Pasal 2: Undang-undang ini mulai berlaku...
478,akn_id_act_uu_1990_4.json,1990,1990 - 1994,Domain Hak,Uang Peraturan,"Domain Hak, Domain Negara, Domain Barat","Uang Peraturan, Pegawai Adalah, Hak Ciptaan, Pengetahuan Ilmu, Daerah Papua",8,No,DOKUMEN HUKUM: Undang-Undang Nomor 4 Tahun 1990 tentang Serah-simpan Karya Cetak dan Karya Rekam  Pasal 1: Dalam Undang-undang ini yang dimaksud denga...
479,akn_id_act_uu_1990_5.json,1990,1990 - 1994,Domain Hak,Pengetahuan Ilmu,"Domain Hak, Domain Barat","Pengetahuan Ilmu, Desa Kota, Hak Ciptaan",5,No,DOKUMEN HUKUM: Undang-Undang Nomor 5 Tahun 1990 tentang Konservasi Sumber Daya Alam Hayati dan Ekosistemnya  Pasal 1: Dalam Undang-undang ini yang dim...
480,akn_id_act_uu_1990_6.json,1990,1990 - 1994,Domain Hak,Barat Lembaran,"Domain Hak, Domain Negara, Domain Barat","Barat Lembaran, Pegawai Adalah, Desa Kota, Pengadilan Surat, Tingkat Kecamatan, Wilayah Agama, Daerah Papua, Daerah Perkataan, Hak Ciptaan",12,No,DOKUMEN HUKUM: Undang-Undang Nomor 6 Tahun 1990 tentang Pembentukan Kabupaten Daerah Tingkat Ii Halmahera Tengah  Pasal 1: Dalam Undang-undang ini yan...
481,akn_id_act_uu_1990_7.json,1990,1990 - 1994,Domain Hak,Barat Lembaran,"Domain Hak, Domain Barat","Barat Lembaran, Desa Kota, Tingkat Kecamatan, Daerah Papua",6,No,DOKUMEN HUKUM: Undang-Undang Nomor 7 Tahun 1990 tentang Pembentukan Kotamadya Daerah Tingkat Ii Bitung  Pasal 1: Dalam Undang-undang ini yang dimaksud...
482,akn_id_act_uu_1990_8.json,1990,1990 - 1994,Belum Diklasifikasi,Pengetahuan Ilmu,,Pengetahuan Ilmu,1,Yes,DOKUMEN HUKUM: Undang-Undang Nomor 8 Tahun 1990 tentang Akademi Ilmu Pengetahuan Indonesia  Pasal 1: Dalam Undang-undang ini yang dimaksud dengan: 1. ...
483,akn_id_act_uu_1990_9.json,1990,1990 - 1994,Belum Diklasifikasi,Pengetahuan Ilmu,,Pengetahuan Ilmu,1,Yes,DOKUMEN HUKUM: Undang-Undang Nomor 9 Tahun 1990 tentang Kepariwisataan  Pasal 1: Dalam UNDANG-UNDANG ini yang dimaksud dengan: 1. Akademi adalah wadah...
484,akn_id_act_uu_1991_1.json,1991,1990 - 1994,Domain Tambahan,Barat Lembaran,"Domain Tambahan, Domain Pajak, Domain Negara, Domain Barat","Barat Lembaran, Negara Republik, Lampiran Pelabuhan, Uang Peraturan, Pegawai Adalah, Tambahan Ketentuan, Tingkat Kecamatan, Wilayah Agama, Pemerintah Government, Daerah Papua",14,No,DOKUMEN HUKUM: Undang-Undang Nomor 1 Tahun 1991 tentang Pengesahan Treaty Between The Republic of Indonesia and Australia On The Zone of Cooperation I...
485,akn_id_act_uu_1991_2.json,1991,1990 - 1994,Domain Tambahan,Perhitungan Ketentuan,"Domain Tambahan, Domain Pajak, Domain Hak, Domain Negara, Domain Barat","Perhitungan Ketentuan, Negara Republik, Lampiran Pelabuhan, Pajak Pasal, Pegawai Adalah, Uang Peraturan, Adalah Dana, Tambahan Ketentuan, Laporan Huruf, Peraturan Berlaku, Pemerintah Government, Daerah Perkataan, Daerah Papua",18,No,DOKUMEN HUKUM: Undang-Undang Nomor 2 Tahun 1991 tentang Anggaran Pendapatan dan Belanja Negara Tahun Anggaran 1991/92  Pasal 5: Sebelum Tahun Anggaran...
486,akn_id_act_uu_1991_3.json,1991,1990 - 1994,Domain Tambahan,Perhitungan Ketentuan,"Domain Tambahan, Domain Pajak, Domain Hak, Domain Negara","Perhitungan Ketentuan, Negara Republik, Lampiran Pelabuhan, Uang Peraturan, Tambahan Ketentuan, Laporan Huruf, Wilayah Agama, Pajak Pasal, Peraturan Berlaku, Pemerintah Government, Daerah Perkataan",15,No,DOKUMEN HUKUM: Undang-Undang Nomor 3 Tahun 1991 tentang Tambahan dan Perubahan Atas Anggaran Pendapatan dan Belanja Negara Tahun Anggaran 1990/1991  P...
487,akn_id_act_uu_1991_4.json,1991,1990 - 1994,Domain Tambahan,Perhitungan Ketentuan,"Domain Tambahan, Domain Pajak, Domain Negara","Perhitungan Ketentuan, Negara Republik, Lampiran Pelabuhan, Uang Peraturan, Tambahan Ketentuan, Laporan Huruf, Pajak Pasal, Peraturan Berlaku, Daerah Perkataan",12,No,DOKUMEN HUKUM: Undang-Undang Nomor 4 Tahun 1991 tentang Perhitungan Anggaran Negara Tahun Anggaran 1988/1989  Pasal 2: Undang-undang ini mulai berlaku...
488,akn_id_act_uu_1991_5.json,1991,1990 - 1994,Domain Barat,Negara Republik,"Domain Barat, Domain Tambahan, Domain Pajak, Domain Hak, Domain Negara","Negara Republik, Pegawai Adalah, Pengadilan Surat, Paling Adalah, Barat Lembaran, Tambahan Ketentuan, Tingkat Kecamatan, Peraturan Berlaku, Pemerintah Government, Daerah Papua, Hak Ciptaan, Lampiran Pelabuhan, Desa Kota, Wilayah Agama, Daerah Perkataan, Uang Peraturan, Pajak Pasal",22,No,DOKUMEN HUKUM: Undang-Undang Nomor 5 Tahun 1991 tentang Kejaksaan Ri  Pasal I: Bagian Pertama Pengertian  Pasal 1: Dalam Undang-undang ini yang dimaks...
489,akn_id_act_uu_1991_6.json,1991,1990 - 1994,Domain Hak,Barat Lembaran,"Domain Hak, Domain Negara, Domain Barat","Barat Lembaran, Pegawai Adalah, Desa Kota, Pengadilan Surat, Tingkat Kecamatan, Wilayah Agama, Daerah Papua, Daerah Perkataan, Hak Ciptaan",12,No,DOKUMEN HUKUM: Undang-Undang Nomor 6 Tahun 1991 tentang Pembentukan Kabupaten Daerah Tingkat Ii Lampung Barat  Pasal 1: Dalam Undang-undang ini yang d...
490,akn_id_act_uu_1991_7.json,1991,1990 - 1994,Domain Tambahan,Perhitungan Ketentuan,"Domain Tambahan, Domain Pajak, Domain Negara","Perhitungan Ketentuan, Negara Republik, Lampiran Pelabuhan, Tambahan Ketentuan, Pajak Pasal, Peraturan Berlaku",9,No,DOKUMEN HUKUM: Undang-Undang Nomor 7 Tahun 1991 tentang Perubahan Uu 7-1983 Tentang Pajak Penghasilan  Pasal II: Undang-undang ini mulai berlaku pada ...
491,akn_id_act_uu_1992_1.json,1992,1990 - 1994,Domain Hak,Barat Lembaran,"Domain Hak, Domain Negara, Domain Barat","Barat Lembaran, Pegawai Adalah, Desa Kota, Pengadilan Surat, Tingkat Kecamatan, Wilayah Agama, Peraturan Berlaku, Daerah Papua, Daerah Perkataan, Hak Ciptaan",13,No,DOKUMEN HUKUM: Undang-Undang Nomor 1 Tahun 1992 tentang Pembentukan Kotamadya Daerah Tingkat Ii Denpasar  Pasal 1: Dalam Undang-undang ini yang dimaks...
492,akn_id_act_uu_1992_10.json,1992,1990 - 1994,Belum Diklasifikasi,Pengetahuan Ilmu,,Pengetahuan Ilmu,1,Yes,DOKUMEN HUKUM: Undang-Undang Nomor 10 Tahun 1992 tentang Perkembangan Kependudukan dan Pembangunan Keluarga Sejahtera  Pasal 1: Dalam Undang-undang in...
493,akn_id_act_uu_1992_11.json,1992,1990 - 1994,Domain Hak,Adalah Dana,Domain Hak,Adalah Dana,2,No,DOKUMEN HUKUM: Undang-Undang Nomor 11 Tahun 1992 tentang Dana Pensiun  Pasal 1: Dalam Undang-undang ini yang dimaksud dengan: 1. Dana Pensiun adalah b...
494,akn_id_act_uu_1992_12.json,1992,1990 - 1994,Domain Tambahan,Barat Lembaran,"Domain Tambahan, Domain Pajak, Domain Hak, Domain Negara, Domain Barat","Barat Lembaran, Paling Adalah, Negara Republik, Uang Peraturan, Pegawai Adalah, Desa Kota, Pengetahuan Ilmu, Pengadilan Surat, Tingkat Kecamatan, Pemerintah Government, Daerah Papua, Daerah Perkataan, Hak Ciptaan",18,No,DOKUMEN HUKUM: Undang-Undang Nomor 12 Tahun 1992 tentang SISTEM BUDIDAYA TANAMAN  Pasal 1: Dalam Undang-undang ini yang dimaksud dengan: 1. Sistem bud...
495,akn_id_act_uu_1992_13.json,1992,1990 - 1994,Domain Pajak,Pegawai Adalah,"Domain Pajak, Domain Hak, Domain Negara, Domain Barat","Pegawai Adalah, Desa Kota, Pengadilan Surat, Paling Adalah, Daerah Perkataan, Hak Ciptaan",10,No,DOKUMEN HUKUM: Undang-Undang Nomor 13 Tahun 1992 tentang Perkeretaapian  Pasal 1: Dalam Undang-undang ini yang dimaksud dengan: 1. Perkeretaapian adal...
496,akn_id_act_uu_1992_14.json,1992,1990 - 1994,Domain Tambahan,Barat Lembaran,"Domain Tambahan, Domain Hak, Domain Negara, Domain Barat","Barat Lembaran, Paling Adalah, Negara Republik, Uang Peraturan, Pegawai Adalah, Desa Kota, Pengadilan Surat, Tingkat Kecamatan, Pemerintah Government, Daerah Papua, Daerah Perkataan, Hak Ciptaan",16,No,DOKUMEN HUKUM: Undang-Undang Nomor 14 Tahun 1992 tentang Lalu Lintas dan Angkutan Jalan  Pasal 1: Dalam Undang-undang ini yang dimaksud dengan : 1. La...
497,akn_id_act_uu_1992_15.json,1992,1990 - 1994,Domain Tambahan,Barat Lembaran,"Domain Tambahan, Domain Hak, Domain Negara, Domain Barat","Barat Lembaran, Paling Adalah, Negara Republik, Uang Peraturan, Pegawai Adalah, Desa Kota, Pengadilan Surat, Tingkat Kecamatan, Pemerintah Government, Daerah Papua, Daerah Perkataan, Hak Ciptaan",16,No,DOKUMEN HUKUM: Undang-Undang Nomor 15 Tahun 1992 tentang Penerbangan  Pasal 1: Dalam Undang-undang ini yang dimaksud dengan : 1. Penerbangan adalah se...
498,akn_id_act_uu_1992_16.json,1992,1990 - 1994,Domain Hak,Paling Adalah,"Domain Hak, Domain Barat","Paling Adalah, Pegawai Adalah, Desa Kota, Pengadilan Surat, Tingkat Kecamatan, Daerah Papua, Daerah Perkataan, Hak Ciptaan",10,No,DOKUMEN HUKUM: Undang-Undang Nomor 16 Tahun 1992 tentang Karantina Hewan Ikan dan Tumbuhan  Pasal 1: Dalam Undang-undang ini yang dimaksud dengan : 1....
499,akn_id_act_uu_1992_17.json,1992,1990 - 1994,Domain Tambahan,Perhitungan Ketentuan,"Domain Tambahan, Domain Pajak, Domain Hak, Domain Negara","Perhitungan Ketentuan, Negara Republik, Lampiran Pelabuhan, Uang Peraturan, Adalah Dana, Tambahan Ketentuan, Laporan Huruf, Wilayah Agama, Pajak Pasal, Peraturan Berlaku, Pemerintah Government, Daerah Perkataan",16,No,DOKUMEN HUKUM: Undang-Undang Nomor 17 Tahun 1992 tentang Anggaran Pendapatan dan Belanja Negara Tahun Anggaran 1991/1992  Pasal 4: Ketentuan-ketentuan...
500,akn_id_act_uu_1992_18.json,1992,1990 - 1994,Domain Tambahan,Perhitungan Ketentuan,"Domain Tambahan, Domain Pajak, Domain Negara","Perhitungan Ketentuan, Negara Republik, Lampiran Pelabuhan, Uang Peraturan, Tambahan Ketentuan, Laporan Huruf, Pajak Pasal, Peraturan Berlaku, Daerah Perkataan",12,No,DOKUMEN HUKUM: Undang-Undang Nomor 18 Tahun 1992 tentang Perhitungan Anggaran Negara Tahun Anggaran 1989/1990  Pasal 2: Undang-undang ini mulai berlak...
501,akn_id_act_uu_1992_19.json,1992,1990 - 1994,Domain Tambahan,Negara Republik,"Domain Tambahan, Domain Pajak, Domain Hak, Domain Negara, Domain Barat","Negara Republik, Pegawai Adalah, Pengetahuan Ilmu, Pengadilan Surat, Paling Adalah, Barat Lembaran, Tingkat Kecamatan, Peraturan Berlaku, Pemerintah Government, Daerah Papua, Hak Ciptaan, Lampiran Pelabuhan, Desa Kota, Wilayah Agama, Daerah Perkataan, Uang Peraturan",21,No,DOKUMEN HUKUM: Undang-Undang Nomor 19 Tahun 1992 tentang Merek  Pasal 1: Dalam Undang-undang ini yang dimaksud dengan: 1. Merek adalah tanda yang beru...
502,akn_id_act_uu_1992_2.json,1992,1990 - 1994,Belum Diklasifikasi,Adalah Dana,,Adalah Dana,1,Yes,DOKUMEN HUKUM: Undang-Undang Nomor 2 Tahun 1992 tentang Usaha Perasuransian  Pasal 1: Dalam Undang-undang ini yang dimaksud dengan 1. Asuransi atau Pe...
503,akn_id_act_uu_1992_20.json,1992,1990 - 1994,Domain Negara,Wilayah Agama,"Domain Negara, Domain Barat","Wilayah Agama, Negara Republik",4,No,"DOKUMEN HUKUM: Undang-Undang Nomor 20 Tahun 1992 tentang Pembentukan Pengadilan Tinggi Agama di Yogyakarta, di Bandar Lampung dan di Jambi  Pasal 1: M..."
504,akn_id_act_uu_1992_21.json,1992,1990 - 1994,Domain Pajak,Paling Adalah,"Domain Pajak, Domain Hak, Domain Negara, Domain Barat","Paling Adalah, Uang Peraturan, Pegawai Adalah, Desa Kota, Pengadilan Surat, Peraturan Berlaku, Daerah Papua, Daerah Perkataan, Hak Ciptaan",13,No,DOKUMEN HUKUM: Undang-Undang Nomor 21 Tahun 1992 tentang Pelayaran  Pasal 1: Dalam Undang-undang ini yang dimaksud dengan : 1. Pelayaran adalah segala...
505,akn_id_act_uu_1992_22.json,1992,1990 - 1994,Domain Tambahan,Perhitungan Ketentuan,"Domain Tambahan, Domain Pajak, Domain Barat, Domain Negara","Perhitungan Ketentuan, Barat Lembaran, Negara Republik, Lampiran Pelabuhan, Uang Peraturan, Tambahan Ketentuan, Wilayah Agama, Pajak Pasal, Peraturan Berlaku, Daerah Perkataan",14,No,DOKUMEN HUKUM: Undang-Undang Nomor 22 Tahun 1992 tentang Penetapan Perpu 1-1992 Tentang Penangguhan Mulai Berlakunya Uu 14-1992 Tentang Lalu Lintas da...
506,akn_id_act_uu_1992_23.json,1992,1990 - 1994,Domain Hak,Pegawai Adalah,"Domain Hak, Domain Negara, Domain Barat","Pegawai Adalah, Desa Kota, Pengetahuan Ilmu, Pengadilan Surat, Daerah Papua, Daerah Perkataan, Hak Ciptaan",10,No,DOKUMEN HUKUM: Undang-Undang Nomor 23 Tahun 1992 tentang KESEHATAN  Pasal 1: Dalam Undang-undang ini yang dimaksud dengan : 1. Kesehatan adalah keadaa...
507,akn_id_act_uu_1992_24.json,1992,1990 - 1994,Domain Hak,Desa Kota,"Domain Hak, Domain Barat","Desa Kota, Pengetahuan Ilmu, Tingkat Kecamatan, Daerah Papua, Hak Ciptaan",7,No,DOKUMEN HUKUM: Undang-Undang Nomor 24 Tahun 1992 tentang Penataan Ruang  Pasal 1: Dalam undang-undang ini yang dimaksud dengan: 1. Ruang adalah wadah ...
508,akn_id_act_uu_1992_25.json,1992,1990 - 1994,Domain Hak,Desa Kota,"Domain Hak, Domain Barat",Desa Kota,3,No,DOKUMEN HUKUM: Undang-Undang Nomor 25 Tahun 1992 tentang Perkoperasian  Pasal 1: Dalam Undang-undang ini yang dimaksud dengan: 1. Koperasi adalah bada...
509,akn_id_act_uu_1992_3.json,1992,1990 - 1994,Domain Hak,Adalah Dana,"Domain Hak, Domain Negara, Domain Barat","Adalah Dana, Pegawai Adalah, Pengetahuan Ilmu, Paling Adalah, Daerah Perkataan, Hak Ciptaan",9,No,DOKUMEN HUKUM: Undang-Undang Nomor 3 Tahun 1992 tentang Jaminan Sosial Tenaga Kerja  Pasal 1: Dalam Undang-undang ini yang dimaksud dengan: 1. Jaminan...
510,akn_id_act_uu_1992_4.json,1992,1990 - 1994,Domain Hak,Desa Kota,"Domain Hak, Domain Barat","Desa Kota, Pengetahuan Ilmu",4,No,DOKUMEN HUKUM: Undang-Undang Nomor 4 Tahun 1992 tentang Perumahan dan Pemukiman  Pasal 1: Dalam Undang-undang ini yang dimaksud dengan: 1. Rumah adala...
511,akn_id_act_uu_1992_5.json,1992,1990 - 1994,Domain Pajak,Paling Adalah,"Domain Pajak, Domain Hak, Domain Negara, Domain Barat","Paling Adalah, Uang Peraturan, Pegawai Adalah, Desa Kota, Pengetahuan Ilmu, Pengadilan Surat, Peraturan Berlaku, Daerah Papua, Daerah Perkataan, Hak Ciptaan",14,No,DOKUMEN HUKUM: Undang-Undang Nomor 5 Tahun 1992 tentang Benda Cagar Budaya  Pasal 1: Dalam Undang-undang ini yang dimaksud dengan: 1. Benda cagar buda...
512,akn_id_act_uu_1992_6.json,1992,1990 - 1994,Domain Tambahan,Perhitungan Ketentuan,"Domain Tambahan, Domain Pajak, Domain Hak, Domain Negara","Perhitungan Ketentuan, Negara Republik, Lampiran Pelabuhan, Uang Peraturan, Adalah Dana, Tambahan Ketentuan, Laporan Huruf, Pajak Pasal, Peraturan Berlaku, Pemerintah Government, Daerah Perkataan",15,No,DOKUMEN HUKUM: Undang-Undang Nomor 6 Tahun 1992 tentang Anggaran Pendapatan dan Belanja Negara Tahun Anggaran 1992/1993  Pasal 5: Sebelum Tahun Anggar...
513,akn_id_act_uu_1992_7.json,1992,1990 - 1994,Domain Tambahan,Negara Republik,"Domain Tambahan, Domain Pajak, Domain Hak, Domain Negara, Domain Barat","Negara Republik, Pegawai Adalah, Pengetahuan Ilmu, Pengadilan Surat, Paling Adalah, Barat Lembaran, Adalah Dana, Tambahan Ketentuan, Tingkat Kecamatan, Pemerintah Government, Daerah Papua, Hak Ciptaan, Lampiran Pelabuhan, Desa Kota, Wilayah Agama, Daerah Perkataan, Uang Peraturan",22,No,DOKUMEN HUKUM: Undang-Undang Nomor 7 Tahun 1992 tentang Perbankan  Pasal 1: Dalam Undang-undang ini yang dimaksud dengan : 1. Bank adalah badan usaha ...
514,akn_id_act_uu_1992_8.json,1992,1990 - 1994,Domain Hak,Desa Kota,"Domain Hak, Domain Barat","Desa Kota, Pengadilan Surat, Daerah Perkataan, Hak Ciptaan",6,No,DOKUMEN HUKUM: Undang-Undang Nomor 8 Tahun 1992 tentang Perfilman : Pengesahan Agreement Between The Goverment of The Republic of Indonesia and The Go...
515,akn_id_act_uu_1992_9.json,1992,1990 - 1994,Domain Tambahan,Barat Lembaran,"Domain Tambahan, Domain Hak, Domain Negara, Domain Barat","Barat Lembaran, Paling Adalah, Negara Republik, Lampiran Pelabuhan, Uang Peraturan, Pegawai Adalah, Pengadilan Surat, Daerah Papua, Daerah Perkataan, Hak Ciptaan",14,No,DOKUMEN HUKUM: Undang-Undang Nomor 9 Tahun 1992 tentang KEIMIGRASIAN  Pasal 1: Dalam Undang-undang ini yang dimaksud dengan: 1. Keimigrasian adalah ha...
516,akn_id_act_uu_1993_1.json,1993,1990 - 1994,Domain Hak,Barat Lembaran,"Domain Hak, Domain Negara, Domain Barat","Barat Lembaran, Negara Republik, Uang Peraturan, Pegawai Adalah, Desa Kota, Pengadilan Surat, Tingkat Kecamatan, Wilayah Agama, Pemerintah Government, Daerah Papua, Daerah Perkataan, Hak Ciptaan",15,No,DOKUMEN HUKUM: Undang-Undang Nomor 1 Tahun 1993 tentang Pembentukan Pengadilan Tinggi Tata Usaha Negara Surabaya  Pasal 1: Membentuk Pengadilan Tinggi...
517,akn_id_act_uu_1993_2.json,1993,1990 - 1994,Domain Hak,Barat Lembaran,"Domain Hak, Domain Barat","Barat Lembaran, Desa Kota, Pengadilan Surat, Tingkat Kecamatan, Daerah Perkataan, Daerah Papua",8,No,DOKUMEN HUKUM: Undang-Undang Nomor 2 Tahun 1993 tentang Pembentukan Kotamadya Daerah Tingkat Ii Tangerang  Pasal 1: Dalam UNDANG-UNDANG ini yang dimak...
518,akn_id_act_uu_1993_3.json,1993,1990 - 1994,Domain Barat,Negara Republik,"Domain Barat, Domain Tambahan, Domain Pajak, Domain Hak, Domain Negara","Negara Republik, Pegawai Adalah, Laporan Huruf, Barat Lembaran, Adalah Dana, Tambahan Ketentuan, Peraturan Berlaku, Pemerintah Government, Daerah Papua, Lampiran Pelabuhan, Daerah Perkataan, Perhitungan Ketentuan, Uang Peraturan, Pajak Pasal",19,No,DOKUMEN HUKUM: Undang-Undang Nomor 3 Tahun 1993 tentang Anggaran Pendapatan dan Belanja Negara Tahun Anggaran 1993/1994  Pasal 5: Pemerintah mengajuka...
519,akn_id_act_uu_1993_5.json,1993,1990 - 1994,Domain Barat,Negara Republik,"Domain Barat, Domain Tambahan, Domain Pajak, Domain Hak, Domain Negara","Negara Republik, Pegawai Adalah, Laporan Huruf, Barat Lembaran, Adalah Dana, Tambahan Ketentuan, Peraturan Berlaku, Pemerintah Government, Lampiran Pelabuhan, Wilayah Agama, Daerah Perkataan, Perhitungan Ketentuan, Uang Peraturan, Pajak Pasal",19,No,DOKUMEN HUKUM: Undang-Undang Nomor 5 Tahun 1993 tentang TAMBAHAN DAN PERUBAHAN ANGGARAN PENDAPATAN DAN BELANJA NEGARA TAHUN ANGGARAN 1992/93  Pasal 4:...
520,akn_id_act_uu_1993_6.json,1993,1990 - 1994,Domain Hak,Barat Lembaran,"Domain Hak, Domain Negara, Domain Barat","Barat Lembaran, Pegawai Adalah, Desa Kota, Tingkat Kecamatan, Daerah Perkataan, Daerah Papua",9,No,DOKUMEN HUKUM: Undang-Undang Nomor 6 Tahun 1993 tentang Pembentukan Kotamadya Daerah Tingkat Ii Jayapura  Pasal 1: Dalam Undang - undang ini yang dima...
521,akn_id_act_uu_1993_7.json,1993,1990 - 1994,Domain Tambahan,Perhitungan Ketentuan,"Domain Tambahan, Domain Pajak, Domain Hak, Domain Negara","Perhitungan Ketentuan, Negara Republik, Lampiran Pelabuhan, Uang Peraturan, Tambahan Ketentuan, Laporan Huruf, Pajak Pasal, Peraturan Berlaku, Pemerintah Government, Daerah Perkataan",14,No,DOKUMEN HUKUM: Undang-Undang Nomor 7 Tahun 1993 tentang Perhitungan Anggaran Negara Tahun Anggaran 1990/1991  Pasal 2: Undang - undang ini mulai berla...
522,akn_id_act_uu_1994_1.json,1994,1990 - 1994,Domain Tambahan,Perhitungan Ketentuan,"Domain Tambahan, Domain Pajak, Domain Hak, Domain Negara","Perhitungan Ketentuan, Uang Peraturan, Adalah Dana, Tambahan Ketentuan, Laporan Huruf, Pajak Pasal",10,No,DOKUMEN HUKUM: Undang-Undang Nomor 1 Tahun 1994 tentang Anggaran Pendapatan dan Belanja Negara Tahun Anggaran 1994/1995  Pasal 1: Dalam Undang - undan...
523,akn_id_act_uu_1994_10.json,1994,1990 - 1994,Domain Tambahan,Perhitungan Ketentuan,"Domain Tambahan, Domain Pajak, Domain Negara","Perhitungan Ketentuan, Negara Republik, Lampiran Pelabuhan, Uang Peraturan, Tambahan Ketentuan, Wilayah Agama, Pajak Pasal, Peraturan Berlaku, Daerah Perkataan",12,No,DOKUMEN HUKUM: Undang-Undang Nomor 10 Tahun 1994 tentang Perubahan Atas Undangundang Nomor 7 Tahun 1983 Tentang Pajak Penghasilan Sebagaimana Telah Di...
524,akn_id_act_uu_1994_11.json,1994,1990 - 1994,Domain Tambahan,Perhitungan Ketentuan,"Domain Tambahan, Domain Pajak, Domain Hak, Domain Negara","Perhitungan Ketentuan, Uang Peraturan, Tambahan Ketentuan, Wilayah Agama, Pajak Pasal, Peraturan Berlaku, Daerah Perkataan",11,No,DOKUMEN HUKUM: Undang-Undang Nomor 11 Tahun 1994 tentang Perubahan Atas Undang-undang Nomor 8 Tahun 1983 Tentang Pajak Pertambahan Nilai Barang dan Ja...
525,akn_id_act_uu_1994_12.json,1994,1990 - 1994,Domain Tambahan,Perhitungan Ketentuan,"Domain Tambahan, Domain Pajak, Domain Hak, Domain Negara, Domain Barat","Perhitungan Ketentuan, Negara Republik, Lampiran Pelabuhan, Pajak Pasal, Uang Peraturan, Tambahan Ketentuan, Wilayah Agama, Peraturan Berlaku, Daerah Perkataan",14,No,DOKUMEN HUKUM: Undang-Undang Nomor 12 Tahun 1994 tentang Perubahan Atas Undang-undang Nomor 12 Tahun 1985 Tentang Pajak Bumi dan Bangunan  Pasal II: D...
526,akn_id_act_uu_1994_2.json,1994,1990 - 1994,Domain Barat,Negara Republik,"Domain Barat, Domain Tambahan, Domain Pajak, Domain Hak, Domain Negara","Negara Republik, Pegawai Adalah, Laporan Huruf, Barat Lembaran, Adalah Dana, Tambahan Ketentuan, Peraturan Berlaku, Pemerintah Government, Lampiran Pelabuhan, Wilayah Agama, Daerah Perkataan, Perhitungan Ketentuan, Uang Peraturan, Pajak Pasal",19,No,DOKUMEN HUKUM: Undang-Undang Nomor 2 Tahun 1994 tentang Tambahan dan Perubahan Atas Anggaran Pendapatan dan Belanja Negara Tahun Anggaran 1993/94  Pas...
527,akn_id_act_uu_1994_3.json,1994,1990 - 1994,Domain Tambahan,Perhitungan Ketentuan,"Domain Tambahan, Domain Pajak, Domain Negara","Perhitungan Ketentuan, Negara Republik, Lampiran Pelabuhan, Uang Peraturan, Tambahan Ketentuan, Laporan Huruf, Pajak Pasal, Peraturan Berlaku, Pemerintah Government, Daerah Perkataan",13,No,DOKUMEN HUKUM: Undang-Undang Nomor 3 Tahun 1994 tentang Perhitungan Anggaran Negara Tahun Anggaran 1991/1992  Pasal 2: PRESIDEN Undan g - undang ini m...
528,akn_id_act_uu_1994_4.json,1994,1990 - 1994,Domain Pajak,Barat Lembaran,"Domain Pajak, Domain Hak, Domain Negara, Domain Barat","Barat Lembaran, Paling Adalah, Negara Republik, Uang Peraturan, Pegawai Adalah, Desa Kota, Pengadilan Surat, Tingkat Kecamatan, Wilayah Agama, Peraturan Berlaku, Daerah Papua, Daerah Perkataan, Hak Ciptaan",17,No,DOKUMEN HUKUM: Undang-Undang Nomor 4 Tahun 1994 tentang Pembentukan Kotamadya Daerah Tingkat Ii Palu  Pasal 1: Dalam Undang - undang ini yang dimaksud...
529,akn_id_act_uu_1994_5.json,1994,1990 - 1994,Domain Tambahan,Negara Republik,"Domain Tambahan, Domain Pajak, Domain Negara","Negara Republik, Peraturan Berlaku, Pemerintah Government",6,No,DOKUMEN HUKUM: Undang-Undang Nomor 5 Tahun 1994 tentang Pengesahan United Nations Convention On Biological Diversity (konvensi Perserikatan Bangsa-ban...
530,akn_id_act_uu_1994_6.json,1994,1990 - 1994,Domain Tambahan,Negara Republik,"Domain Tambahan, Domain Pajak, Domain Negara, Domain Barat","Negara Republik, Lampiran Pelabuhan, Uang Peraturan, Pegawai Adalah, Tambahan Ketentuan, Peraturan Berlaku, Pemerintah Government, Daerah Perkataan",12,No,DOKUMEN HUKUM: Undang-Undang Nomor 6 Tahun 1994 tentang Pengesahan United Nations Framework Convention On Climate Change (konvensi Kerangka Kerja Pers...
531,akn_id_act_uu_1994_7.json,1994,1990 - 1994,Domain Tambahan,Negara Republik,"Domain Tambahan, Domain Pajak, Domain Hak, Domain Negara, Domain Barat","Negara Republik, Lampiran Pelabuhan, Uang Peraturan, Pegawai Adalah, Tambahan Ketentuan, Wilayah Agama, Peraturan Berlaku, Pemerintah Government, Daerah Perkataan",14,No,DOKUMEN HUKUM: Undang-Undang Nomor 7 Tahun 1994 tentang Pengesahan Agreement Establishing The World Trade Organization (persetujuan Pembentukan Organi...
532,akn_id_act_uu_1994_8.json,1994,1990 - 1994,Domain Tambahan,Negara Republik,"Domain Tambahan, Domain Pajak, Domain Negara, Domain Barat","Negara Republik, Lampiran Pelabuhan, Uang Peraturan, Pegawai Adalah, Tambahan Ketentuan, Wilayah Agama, Peraturan Berlaku, Pemerintah Government, Daerah Papua",13,No,DOKUMEN HUKUM: Undang-Undang Nomor 8 Tahun 1994 tentang Pengesahan Perjanjian Ekstradisi Antara	republik Indonesia dan Australia  Pasal 1: Mengesahkan...
533,akn_id_act_uu_1994_9.json,1994,1990 - 1994,Domain Barat,Negara Republik,"Domain Barat, Domain Tambahan, Domain Pajak, Domain Hak, Domain Negara","Negara Republik, Pegawai Adalah, Pengadilan Surat, Laporan Huruf, Paling Adalah, Barat Lembaran, Tambahan Ketentuan, Peraturan Berlaku, Pemerintah Government, Hak Ciptaan, Lampiran Pelabuhan, Wilayah Agama, Daerah Perkataan, Perhitungan Ketentuan, Uang Peraturan, Pajak Pasal",21,No,DOKUMEN HUKUM: Undang-Undang Nomor 9 Tahun 1994 tentang Perubahan Atas Undangundang Nomor 6 Tahun 1983 Tentang Ketentuan Umum dan Tata Cara Perpajakan...
534,akn_id_act_uu_1995_1.json,1995,1995 - 1999,Domain Tambahan,Perhitungan Ketentuan,"Domain Tambahan, Domain Pajak, Domain Hak, Domain Negara, Domain Barat","Perhitungan Ketentuan, Uang Peraturan, Pegawai Adalah, Adalah Dana, Tambahan Ketentuan, Desa Kota, Pengadilan Surat, Laporan Huruf, Peraturan Berlaku, Paling Adalah, Daerah Perkataan, Hak Ciptaan",17,No,DOKUMEN HUKUM: Undang-Undang Nomor 1 Tahun 1995 tentang Perseroan Terbatas  Pasal 1: Dalam Undang-undang ini yang dimaksud dengan: 1. Perseroan Terbat...
535,akn_id_act_uu_1995_10.json,1995,1995 - 1999,Domain Pajak,Barat Lembaran,"Domain Pajak, Domain Hak, Domain Negara, Domain Barat","Barat Lembaran, Paling Adalah, Negara Republik, Uang Peraturan, Pegawai Adalah, Adalah Dana, Desa Kota, Pengetahuan Ilmu, Pengadilan Surat, Tingkat Kecamatan, Wilayah Agama, Daerah Papua, Daerah Perkataan, Hak Ciptaan",18,No,DOKUMEN HUKUM: Undang-Undang Nomor 10 Tahun 1995 tentang Kepabeanan  Pasal 1: Dalam Undang-undang ini yang dimaksud dengan: 1. Kepabeanan adalah segal...
536,akn_id_act_uu_1995_11.json,1995,1995 - 1999,Domain Pajak,Paling Adalah,"Domain Pajak, Domain Hak, Domain Barat, Domain Negara","Paling Adalah, Pegawai Adalah, Uang Peraturan, Adalah Dana, Desa Kota, Pengadilan Surat, Pajak Pasal, Daerah Papua, Daerah Perkataan, Hak Ciptaan",14,No,DOKUMEN HUKUM: Undang-Undang Nomor 11 Tahun 1995 tentang Cukai  Pasal I: 1. Cukai adalah pungutan negara yang dikenakan terhadap barang-barang tertent...
537,akn_id_act_uu_1995_12.json,1995,1995 - 1999,Domain Hak,Paling Adalah,"Domain Hak, Domain Barat","Paling Adalah, Pegawai Adalah, Desa Kota, Pengetahuan Ilmu, Pengadilan Surat, Daerah Papua, Daerah Perkataan, Hak Ciptaan",10,No,DOKUMEN HUKUM: Undang-Undang Nomor 12 Tahun 1995 tentang Pemasyarakatan  Pasal 1: Dalam Undang-undang ini yang dimaksud dengan: 1. Pemasyarakatan adal...
538,akn_id_act_uu_1995_13.json,1995,1995 - 1999,Domain Tambahan,Perhitungan Ketentuan,"Domain Tambahan, Domain Pajak, Domain Hak, Domain Negara","Perhitungan Ketentuan, Negara Republik, Lampiran Pelabuhan, Uang Peraturan, Tambahan Ketentuan, Laporan Huruf, Pajak Pasal, Peraturan Berlaku, Daerah Perkataan",13,No,DOKUMEN HUKUM: Undang-Undang Nomor 13 Tahun 1995 tentang Perhitungan Anggaran Belanja Tahun 1993/1994  Pasal 3: Undang - undang ini mulai berlaku pada...
539,akn_id_act_uu_1995_2.json,1995,1995 - 1999,Belum Diklasifikasi,Adalah Dana,,Adalah Dana,1,Yes,DOKUMEN HUKUM: Undang-Undang Nomor 2 Tahun 1995 tentang Anggaran Pendapatan dan Belanja Negara Tahun 1995/1996  Pasal 1: Dalam Undang - undang ini yan...
540,akn_id_act_uu_1995_3.json,1995,1995 - 1999,Domain Pajak,Negara Republik,"Domain Pajak, Domain Hak, Domain Negara, Domain Barat","Negara Republik, Wilayah Agama, Peraturan Berlaku",7,No,"DOKUMEN HUKUM: Undang-Undang Nomor 3 Tahun 1995 tentang Pembentukan Pengadilan Tinggi Agama di Bengkulu, di Palu, di Kendari, dan di Kupang  Pasal 1: ..."
541,akn_id_act_uu_1995_4.json,1995,1995 - 1999,Domain Barat,Negara Republik,"Domain Barat, Domain Tambahan, Domain Pajak, Domain Hak, Domain Negara","Negara Republik, Pegawai Adalah, Laporan Huruf, Barat Lembaran, Adalah Dana, Tambahan Ketentuan, Peraturan Berlaku, Pemerintah Government, Lampiran Pelabuhan, Wilayah Agama, Daerah Perkataan, Perhitungan Ketentuan, Uang Peraturan, Pajak Pasal",19,No,DOKUMEN HUKUM: Undang-Undang Nomor 4 Tahun 1995 tentang Tambahan dan Perubahan Anggaran Belanja Negara Tahun Anggaran 1994/1995  Pasal 6: Ketentuan - ...
542,akn_id_act_uu_1995_5.json,1995,1995 - 1999,Domain Barat,Negara Republik,"Domain Barat, Domain Tambahan, Domain Pajak, Domain Hak, Domain Negara","Negara Republik, Pegawai Adalah, Pengadilan Surat, Barat Lembaran, Tambahan Ketentuan, Tingkat Kecamatan, Peraturan Berlaku, Pemerintah Government, Daerah Papua, Lampiran Pelabuhan, Desa Kota, Wilayah Agama, Daerah Perkataan, Perhitungan Ketentuan, Uang Peraturan, Pajak Pasal",21,No,"DOKUMEN HUKUM: Undang-Undang Nomor 5 Tahun 1995 tentang Perubahan Uu 16-1969 Tentang Susunan dan Kedudukan Majelis Permusyawaratan Rakyat, Dewan Perwa..."
543,akn_id_act_uu_1995_7.json,1995,1995 - 1999,Domain Tambahan,Perhitungan Ketentuan,"Domain Tambahan, Domain Pajak, Domain Hak, Domain Negara","Perhitungan Ketentuan, Negara Republik, Lampiran Pelabuhan, Uang Peraturan, Tambahan Ketentuan, Laporan Huruf, Wilayah Agama, Pajak Pasal, Peraturan Berlaku, Pemerintah Government, Daerah Perkataan",15,No,DOKUMEN HUKUM: Undang-Undang Nomor 7 Tahun 1995 tentang Perhitungan Anggaran Negara Tahun 1992/1993  Pasal 2: Undang - undang ini mulai berlaku pada t...
544,akn_id_act_uu_1995_8.json,1995,1995 - 1999,Domain Hak,Pengadilan Surat,Domain Hak,"Pengadilan Surat, Hak Ciptaan, Pengetahuan Ilmu",4,No,DOKUMEN HUKUM: Undang-Undang Nomor 8 Tahun 1995 tentang Pasar Modal  Pasal 1: Dalam Undang - undang ini yang dimaksud dengan: 1. Afiliasi adalah: a. h...
545,akn_id_act_uu_1995_9.json,1995,1995 - 1999,Domain Pajak,Desa Kota,"Domain Pajak, Domain Hak, Domain Negara, Domain Barat","Desa Kota, Pengadilan Surat, Daerah Papua, Daerah Perkataan, Hak Ciptaan",9,No,DOKUMEN HUKUM: Undang-Undang Nomor 9 Tahun 1995 tentang Usaha Kecil  Pasal 1: Dalam Undang - undang ini yang dimaksud dengan: 1. Usaha Kecil adalah ke...
546,akn_id_act_uu_1996_1.json,1996,1995 - 1999,Domain Hak,Pengadilan Surat,"Domain Hak, Domain Negara, Domain Barat","Pengadilan Surat, Wilayah Agama, Daerah Perkataan",6,No,"DOKUMEN HUKUM: Undang-Undang Nomor 1 Tahun 1996 tentang Pembentukan Pengadilan Tinggi Dili  Pasal 1: Membentuk Pengadilan Tinggi Dili, berkedudukan di..."
547,akn_id_act_uu_1996_2.json,1996,1995 - 1999,Domain Tambahan,Perhitungan Ketentuan,"Domain Tambahan, Domain Pajak, Domain Hak, Domain Negara","Perhitungan Ketentuan, Uang Peraturan, Adalah Dana, Tambahan Ketentuan, Laporan Huruf",9,No,DOKUMEN HUKUM: Undang-Undang Nomor 2 Tahun 1996 tentang Anggaran Pendapatan dan Belanja Negara Tahun Anggaran 1996/1997  Pasal 1: Dalam Undang - undan...
548,akn_id_act_uu_1996_3.json,1996,1995 - 1999,Domain Barat,Negara Republik,"Domain Barat, Domain Tambahan, Domain Pajak, Domain Hak, Domain Negara","Negara Republik, Pegawai Adalah, Laporan Huruf, Barat Lembaran, Adalah Dana, Tambahan Ketentuan, Peraturan Berlaku, Pemerintah Government, Lampiran Pelabuhan, Wilayah Agama, Daerah Perkataan, Perhitungan Ketentuan, Uang Peraturan, Pajak Pasal",19,No,DOKUMEN HUKUM: Undang-Undang Nomor 3 Tahun 1996 tentang Perubahan Anggaran Pendapatan dan Belanja Negara Tahun Anggaran 1995/1996  Pasal 6: Ketentuan ...
549,akn_id_act_uu_1996_4.json,1996,1995 - 1999,Domain Barat,Negara Republik,"Domain Barat, Domain Tambahan, Domain Pajak, Domain Hak, Domain Negara","Negara Republik, Pegawai Adalah, Pengadilan Surat, Paling Adalah, Barat Lembaran, Adalah Dana, Tingkat Kecamatan, Peraturan Berlaku, Daerah Papua, Hak Ciptaan, Desa Kota, Wilayah Agama, Daerah Perkataan, Perhitungan Ketentuan, Uang Peraturan, Pajak Pasal",21,No,DOKUMEN HUKUM: Undang-Undang Nomor 4 Tahun 1996 tentang Hak Tanggungan Atas Tanah Beserta Benda-benda yang Berkaitan dengan Tanah  Pasal 1: Dalam Unda...
550,akn_id_act_uu_1996_5.json,1996,1995 - 1999,Domain Hak,Barat Lembaran,"Domain Hak, Domain Negara, Domain Barat","Barat Lembaran, Pegawai Adalah, Desa Kota, Pengadilan Surat, Tingkat Kecamatan, Wilayah Agama, Daerah Papua, Daerah Perkataan, Hak Ciptaan",12,No,DOKUMEN HUKUM: Undang-Undang Nomor 5 Tahun 1996 tentang Pembentukan Kotamadya Kupang  Pasal 1: Dalam Undang - undang ini yang dimaksud dengan: 1. Daer...
551,akn_id_act_uu_1996_6.json,1996,1995 - 1999,Domain Barat,Daerah Papua,Domain Barat,Daerah Papua,2,No,DOKUMEN HUKUM: Undang-Undang Nomor 6 Tahun 1996 tentang Perairan Indonesia  Pasal 1: Dalam undang - undang ini yang dimaksud dengan: 1. Negara Kepulau...
552,akn_id_act_uu_1996_7.json,1996,1995 - 1999,Domain Hak,Paling Adalah,"Domain Hak, Domain Barat","Paling Adalah, Pegawai Adalah, Desa Kota, Pengetahuan Ilmu, Pengadilan Surat, Daerah Papua, Daerah Perkataan, Hak Ciptaan",10,No,DOKUMEN HUKUM: Undang-Undang Nomor 7 Tahun 1996 tentang Pangan  Pasal 1: Dalam Undang-undang ini yang dimaksud dengan: 1. Pangan adalah segala sesuatu...
553,akn_id_act_uu_1996_8.json,1996,1995 - 1999,Domain Tambahan,Perhitungan Ketentuan,"Domain Tambahan, Domain Pajak, Domain Hak, Domain Negara, Domain Barat","Perhitungan Ketentuan, Negara Republik, Lampiran Pelabuhan, Pajak Pasal, Pegawai Adalah, Uang Peraturan, Tambahan Ketentuan, Wilayah Agama, Peraturan Berlaku, Pemerintah Government, Daerah Perkataan",16,No,DOKUMEN HUKUM: Undang-Undang Nomor 8 Tahun 1996 tentang Pengesahan Convention On Psychotropic Substances 1971 (konvensi Psikotropika 1971)  Pasal 1: M...
554,akn_id_act_uu_1996_9.json,1996,1995 - 1999,Domain Pajak,Barat Lembaran,"Domain Pajak, Domain Hak, Domain Negara, Domain Barat","Barat Lembaran, Pegawai Adalah, Desa Kota, Pengadilan Surat, Tingkat Kecamatan, Wilayah Agama, Peraturan Berlaku, Daerah Papua, Daerah Perkataan, Hak Ciptaan",14,No,DOKUMEN HUKUM: Undang-Undang Nomor 9 Tahun 1996 tentang Pembentukan Kotamadya Daerah Tingkat Ii Bekasi  Pasal 1: Dalam Undang - undang ini yang dimaks...
555,akn_id_act_uu_1997_1.json,1997,1995 - 1999,Domain Tambahan,Perhitungan Ketentuan,"Domain Tambahan, Domain Pajak, Domain Negara","Perhitungan Ketentuan, Lampiran Pelabuhan, Uang Peraturan, Adalah Dana, Tambahan Ketentuan, Laporan Huruf, Pajak Pasal, Peraturan Berlaku, Daerah Perkataan",12,No,DOKUMEN HUKUM: Undang-Undang Nomor 1 Tahun 1997 tentang Perhitungan Anggaran Negara Tahun Anggaran 1994/1995  Pasal 3: Sisa Anggaran Lebih Perhitungan...
556,akn_id_act_uu_1997_10.json,1997,1995 - 1999,Belum Diklasifikasi,Pengetahuan Ilmu,,Pengetahuan Ilmu,1,Yes,DOKUMEN HUKUM: Undang-Undang Nomor 10 Tahun 1997 tentang KETENAGANUKLIRAN  Pasal 1: Dalam undang - undang ini yang dimaksud dengan: 1. Ketenaganuklira...
557,akn_id_act_uu_1997_12.json,1997,1995 - 1999,Belum Diklasifikasi,Hak Ciptaan,,Hak Ciptaan,1,Yes,DOKUMEN HUKUM: Undang-Undang Nomor 12 Tahun 1997 tentang Perubahan Uu 6-1982 Tentang Hak Cipta Sebagaimana Telah Diubah dengan Uu 7-1987  Pasal 1: 1. ...
558,akn_id_act_uu_1997_13.json,1997,1995 - 1999,Domain Tambahan,Paling Adalah,"Domain Tambahan, Domain Hak, Domain Negara, Domain Barat","Paling Adalah, Negara Republik, Lampiran Pelabuhan, Uang Peraturan, Pegawai Adalah, Pengetahuan Ilmu, Pengadilan Surat, Pemerintah Government, Daerah Papua, Daerah Perkataan, Hak Ciptaan",15,No,DOKUMEN HUKUM: Undang-Undang Nomor 13 Tahun 1997 tentang Perubahan Uu 6-1989 Tentang Paten  Pasal 1: 1. Paten adalah hak khusus yang diberikan Negara ...
559,akn_id_act_uu_1997_15.json,1997,1995 - 1999,Domain Tambahan,Perhitungan Ketentuan,"Domain Tambahan, Domain Pajak, Domain Hak, Domain Negara, Domain Barat","Perhitungan Ketentuan, Barat Lembaran, Negara Republik, Pajak Pasal, Pegawai Adalah, Uang Peraturan, Wilayah Agama, Peraturan Berlaku, Daerah Perkataan",14,No,DOKUMEN HUKUM: Undang-Undang Nomor 15 Tahun 1997 tentang Ketransmigrasian  Pasal 1: Dalam Undang - undang ini yang dimaksud dengan: 1. Ketransmigrasia...
560,akn_id_act_uu_1997_16.json,1997,1995 - 1999,Belum Diklasifikasi,Pengetahuan Ilmu,,Pengetahuan Ilmu,1,Yes,DOKUMEN HUKUM: Undang-Undang Nomor 16 Tahun 1997 tentang STATISTIK  Pasal 1: Dalam Undang - undang ini yang dimaksud dengan : 1. Statistik adalah data...
561,akn_id_act_uu_1997_17.json,1997,1995 - 1999,Domain Barat,Negara Republik,"Domain Barat, Domain Tambahan, Domain Pajak, Domain Hak, Domain Negara","Negara Republik, Pegawai Adalah, Pengadilan Surat, Paling Adalah, Barat Lembaran, Adalah Dana, Tambahan Ketentuan, Peraturan Berlaku, Daerah Papua, Hak Ciptaan, Desa Kota, Wilayah Agama, Daerah Perkataan, Perhitungan Ketentuan, Uang Peraturan, Pajak Pasal",21,No,DOKUMEN HUKUM: Undang-Undang Nomor 17 Tahun 1997 tentang BADAN PENYELESAIAN SENGKETA PAJAK  Pasal I: Bagian Pertama Pengertian  Pasal 1: Dalam Undang ...
562,akn_id_act_uu_1997_19.json,1997,1995 - 1999,Domain Hak,Adalah Dana,"Domain Hak, Domain Negara, Domain Barat","Adalah Dana, Desa Kota, Pengetahuan Ilmu, Pengadilan Surat, Daerah Papua, Hak Ciptaan",9,No,DOKUMEN HUKUM: Undang-Undang Nomor 19 Tahun 1997 tentang PENAGIHAN PAJAK DENGAN SURAT PAKSA  Pasal 1: Dalam Undang - undang ini yang dimaksud dengan: ...
563,akn_id_act_uu_1997_20.json,1997,1995 - 1999,Domain Pajak,Pegawai Adalah,"Domain Pajak, Domain Hak, Domain Barat, Domain Negara","Pegawai Adalah, Uang Peraturan, Adalah Dana, Desa Kota, Pengadilan Surat, Pajak Pasal, Daerah Perkataan, Hak Ciptaan",12,No,DOKUMEN HUKUM: Undang-Undang Nomor 20 Tahun 1997 tentang Penerimaan Negara Bukan Pajak  Pasal 1: Dalam Undang - undang ini yang dimaksud dengan : 1. P...
564,akn_id_act_uu_1997_21.json,1997,1995 - 1999,Domain Hak,Pengadilan Surat,Domain Hak,"Pengadilan Surat, Adalah Dana",3,No,DOKUMEN HUKUM: Undang-Undang Nomor 21 Tahun 1997 tentang Bea Perolehan Hak Atas Tanah dan Bangunan  Pasal 1: • Dalam Undang-undang ini yang dimaksud d...
565,akn_id_act_uu_1997_22.json,1997,1995 - 1999,Domain Hak,Pegawai Adalah,"Domain Hak, Domain Barat","Pegawai Adalah, Pengadilan Surat, Paling Adalah, Daerah Perkataan, Hak Ciptaan",7,No,DOKUMEN HUKUM: Undang-Undang Nomor 22 Tahun 1997 tentang Narkotika  Pasal 1: Dalam Undang - undang ini yang dimaksud dengan: 1. Narkotika adalah zat a...
566,akn_id_act_uu_1997_23.json,1997,1995 - 1999,Belum Diklasifikasi,Pengetahuan Ilmu,,Pengetahuan Ilmu,1,Yes,DOKUMEN HUKUM: Undang-Undang Nomor 23 Tahun 1997 tentang Pengelolaan Lingkungan Hidup  Pasal 1: Dalam Undang - undang ini yang dimaksud dengan: 1. Lin...
567,akn_id_act_uu_1997_24.json,1997,1995 - 1999,Domain Tambahan,Paling Adalah,"Domain Tambahan, Domain Hak, Domain Negara, Domain Barat","Paling Adalah, Negara Republik, Lampiran Pelabuhan, Uang Peraturan, Pegawai Adalah, Pengadilan Surat, Laporan Huruf, Daerah Papua, Daerah Perkataan, Hak Ciptaan",14,No,DOKUMEN HUKUM: Undang-Undang Nomor 24 Tahun 1997 tentang Penyiaran  Pasal 1: Dalam Undang - undang ini yang dimaksud dengan: 1. Penyiaran adalah kegia...
568,akn_id_act_uu_1997_25.json,1997,1995 - 1999,Domain Pajak,Paling Adalah,"Domain Pajak, Domain Hak, Domain Negara, Domain Barat","Paling Adalah, Uang Peraturan, Pegawai Adalah, Desa Kota, Pengadilan Surat, Peraturan Berlaku, Daerah Papua, Daerah Perkataan, Hak Ciptaan",13,No,DOKUMEN HUKUM: Undang-Undang Nomor 25 Tahun 1997 tentang Ketenagakerjaan  Pasal 1: Dalam undang-undang ini yang dimaksud dengan: 1. Ketenagakerjaan ad...
569,akn_id_act_uu_1997_26.json,1997,1995 - 1999,Domain Hak,Pegawai Adalah,"Domain Hak, Domain Negara, Domain Barat","Pegawai Adalah, Desa Kota, Pengetahuan Ilmu, Pengadilan Surat, Pemerintah Government, Daerah Papua, Hak Ciptaan",10,No,DOKUMEN HUKUM: Undang-Undang Nomor 26 Tahun 1997 tentang Hukum Disiplin Prajurit Angkatan Bersenjata Ri  Pasal 1: Dalam Undang - undang ini yang dimak...
570,akn_id_act_uu_1997_27.json,1997,1995 - 1999,Domain Hak,Pengetahuan Ilmu,Domain Hak,Pengetahuan Ilmu,2,No,"DOKUMEN HUKUM: Undang-Undang Nomor 27 Tahun 1997 tentang MOBILISASI DAN DEMOBILISASI  Pasal 1: Dalam undang-undang ini, yang dimaksud dengan: 1. Keada..."
571,akn_id_act_uu_1997_28.json,1997,1995 - 1999,Domain Hak,Pegawai Adalah,"Domain Hak, Domain Negara, Domain Barat","Pegawai Adalah, Desa Kota, Pengetahuan Ilmu, Pengadilan Surat, Tingkat Kecamatan, Pemerintah Government, Daerah Papua, Daerah Perkataan, Hak Ciptaan",12,No,DOKUMEN HUKUM: Undang-Undang Nomor 28 Tahun 1997 tentang Kepolisian Negara Ri  Pasal 1: Dalam Undang - undang ini yang dimaksud dengan : 1. Kepolisian...
572,akn_id_act_uu_1997_29.json,1997,1995 - 1999,Domain Hak,Barat Lembaran,"Domain Hak, Domain Negara, Domain Barat","Barat Lembaran, Paling Adalah, Pegawai Adalah, Desa Kota, Pengadilan Surat, Tingkat Kecamatan, Wilayah Agama, Daerah Papua, Daerah Perkataan, Hak Ciptaan",13,No,DOKUMEN HUKUM: Undang-Undang Nomor 29 Tahun 1997 tentang Pembentukan Kotamadya Daerah Tingkat Ii Tarakan  Pasal 1: Dalam Undang - undang ini yang dima...
573,akn_id_act_uu_1997_3.json,1997,1995 - 1999,Domain Pajak,Barat Lembaran,"Domain Pajak, Domain Hak, Domain Negara, Domain Barat","Barat Lembaran, Paling Adalah, Uang Peraturan, Pegawai Adalah, Desa Kota, Pengadilan Surat, Tingkat Kecamatan, Wilayah Agama, Peraturan Berlaku, Daerah Papua, Daerah Perkataan, Hak Ciptaan",16,No,DOKUMEN HUKUM: Undang-Undang Nomor 3 Tahun 1997 tentang Pengadilan Anak  Pasal 1: Dalam Undang - undang ini yang dimaksud dengan: 1. Anak adalah orang...
574,akn_id_act_uu_1997_30.json,1997,1995 - 1999,Domain Tambahan,Perhitungan Ketentuan,"Domain Tambahan, Domain Pajak, Domain Negara","Perhitungan Ketentuan, Lampiran Pelabuhan, Uang Peraturan, Adalah Dana, Tambahan Ketentuan, Laporan Huruf, Pajak Pasal, Peraturan Berlaku, Daerah Perkataan",12,No,DOKUMEN HUKUM: Undang-Undang Nomor 30 Tahun 1997 tentang Perhitungan Anggaran Negara Tahun Anggaran 1995/1996  Pasal 3: Sisa Anggaran Lebih Perhitunga...
575,akn_id_act_uu_1997_32.json,1997,1995 - 1999,Domain Hak,Paling Adalah,"Domain Hak, Domain Negara, Domain Barat","Paling Adalah, Uang Peraturan, Pegawai Adalah, Adalah Dana, Desa Kota, Pengetahuan Ilmu, Pengadilan Surat, Daerah Papua, Daerah Perkataan, Hak Ciptaan",13,No,DOKUMEN HUKUM: Undang-Undang Nomor 32 Tahun 1997 tentang Perdagangan Berjangka Komoditi  Pasal 1: Dalam Undang - undang ini yang dimaksud dengan: 1. P...
576,akn_id_act_uu_1997_4.json,1997,1995 - 1999,Domain Hak,Pengetahuan Ilmu,Domain Hak,"Pengetahuan Ilmu, Hak Ciptaan, Desa Kota",4,No,DOKUMEN HUKUM: Undang-Undang Nomor 4 Tahun 1997 tentang Penyandang Cacat  Pasal 1: Dalam Undang - undang ini yang dimaksud dengan: 1. Penyandang cacat...
577,akn_id_act_uu_1997_5.json,1997,1995 - 1999,Domain Hak,Pegawai Adalah,"Domain Hak, Domain Negara, Domain Barat","Pegawai Adalah, Desa Kota, Pengadilan Surat, Paling Adalah, Daerah Perkataan, Hak Ciptaan",9,No,DOKUMEN HUKUM: Undang-Undang Nomor 5 Tahun 1997 tentang Psikotropika  Pasal 1: Dalam undang - undang ini yang dimaksud dengan : 1. Psikotropika adalah...
578,akn_id_act_uu_1997_6.json,1997,1995 - 1999,Belum Diklasifikasi,Laporan Huruf,,"Laporan Huruf, Adalah Dana",2,Yes,DOKUMEN HUKUM: Undang-Undang Nomor 6 Tahun 1997 tentang Anggaran Pendapatan dan Belanja Negara Tahun Anggaran 1997/1998  Pasal 1: Dalam Undang-undang ...
579,akn_id_act_uu_1997_8.json,1997,1995 - 1999,Domain Barat,Negara Republik,"Domain Barat, Domain Tambahan, Domain Pajak, Domain Hak, Domain Negara","Negara Republik, Pegawai Adalah, Pengadilan Surat, Paling Adalah, Barat Lembaran, Tambahan Ketentuan, Tingkat Kecamatan, Peraturan Berlaku, Pemerintah Government, Daerah Papua, Hak Ciptaan, Lampiran Pelabuhan, Desa Kota, Wilayah Agama, Daerah Perkataan, Perhitungan Ketentuan, Uang Peraturan, Pajak Pasal",23,No,DOKUMEN HUKUM: Undang-Undang Nomor 8 Tahun 1997 tentang Dokumen Perusahaan  Pasal 1: Dalam Undang - undang ini yang dimaksud dengan: 1. Perusahaan ada...
580,akn_id_act_uu_1997_9.json,1997,1995 - 1999,Domain Tambahan,Negara Republik,"Domain Tambahan, Domain Pajak, Domain Negara, Domain Barat","Negara Republik, Lampiran Pelabuhan, Uang Peraturan, Pegawai Adalah, Tambahan Ketentuan, Peraturan Berlaku, Pemerintah Government, Daerah Papua",12,No,DOKUMEN HUKUM: Undang-Undang Nomor 9 Tahun 1997 tentang Pengesahan Treaty On The Southeast Asia Nuclear Weapon Free Zone (traktat Kawasan Bebas Senjat...
581,akn_id_act_uu_1998_1.json,1998,1995 - 1999,Domain Tambahan,Perhitungan Ketentuan,"Domain Tambahan, Domain Pajak, Domain Hak, Domain Negara, Domain Barat","Perhitungan Ketentuan, Barat Lembaran, Negara Republik, Lampiran Pelabuhan, Pajak Pasal, Pegawai Adalah, Uang Peraturan, Tambahan Ketentuan, Wilayah Agama, Peraturan Berlaku, Pemerintah Government, Daerah Perkataan",17,No,DOKUMEN HUKUM: Undang-Undang Nomor 1 Tahun 1998 tentang Penetapan Perpu 1-1997 Tentang Penangguhan Mulai Berlakunya Uu 21-1997 Tentang Bea Perolehan H...
582,akn_id_act_uu_1998_10.json,1998,1995 - 1999,Domain Barat,Negara Republik,"Domain Barat, Domain Tambahan, Domain Pajak, Domain Hak, Domain Negara","Negara Republik, Pegawai Adalah, Pengadilan Surat, Laporan Huruf, Paling Adalah, Barat Lembaran, Adalah Dana, Tambahan Ketentuan, Peraturan Berlaku, Pemerintah Government, Daerah Papua, Hak Ciptaan, Lampiran Pelabuhan, Wilayah Agama, Daerah Perkataan, Uang Peraturan, Pajak Pasal",22,No,DOKUMEN HUKUM: Undang-Undang Nomor 10 Tahun 1998 tentang Perubahan Uu 7-1992 Tentang Perbankan  Pasal 1: Dalam Undang - undang ini yang dimaksud denga...
583,akn_id_act_uu_1998_11.json,1998,1995 - 1999,Domain Tambahan,Perhitungan Ketentuan,"Domain Tambahan, Domain Pajak, Domain Hak, Domain Negara, Domain Barat","Perhitungan Ketentuan, Negara Republik, Lampiran Pelabuhan, Pajak Pasal, Pegawai Adalah, Uang Peraturan, Tambahan Ketentuan, Wilayah Agama, Peraturan Berlaku, Pemerintah Government, Daerah Perkataan",16,No,DOKUMEN HUKUM: Undang-Undang Nomor 11 Tahun 1998 tentang Perubahan Berlakunya Uu 25-1997 Tentang Ketenagakerjaan  Pasal I: 1. Ketentuan Pasal 199 Unda...
584,akn_id_act_uu_1998_12.json,1998,1995 - 1999,Domain Hak,Barat Lembaran,"Domain Hak, Domain Barat","Barat Lembaran, Pegawai Adalah, Desa Kota, Pengadilan Surat, Tingkat Kecamatan, Daerah Perkataan, Daerah Papua",9,No,DOKUMEN HUKUM: Undang-Undang Nomor 12 Tahun 1998 tentang Pembentukan Kabupaten Daerah Tk Ii Toba Samosir dan Kabupaten Daerah Tk Ii Mandailing Natal  ...
585,akn_id_act_uu_1998_13.json,1998,1995 - 1999,Domain Hak,Pengetahuan Ilmu,Domain Hak,Pengetahuan Ilmu,2,No,DOKUMEN HUKUM: Undang-Undang Nomor 13 Tahun 1998 tentang KESEJAHTERAAN LANJUT USIA  Pasal 1: Dalam Undang - undang ini yang dimaksud dengan: 1. Keseja...
586,akn_id_act_uu_1998_2.json,1998,1995 - 1999,Domain Barat,Negara Republik,"Domain Barat, Domain Tambahan, Domain Pajak, Domain Hak, Domain Negara","Negara Republik, Pegawai Adalah, Laporan Huruf, Barat Lembaran, Adalah Dana, Tambahan Ketentuan, Peraturan Berlaku, Pemerintah Government, Lampiran Pelabuhan, Wilayah Agama, Daerah Perkataan, Perhitungan Ketentuan, Uang Peraturan, Pajak Pasal",19,No,DOKUMEN HUKUM: Undang-Undang Nomor 2 Tahun 1998 tentang Perubahan Anggaran Pendapatan dan Belanja Negara Tahun Anggaran 1997/1998  Pasal 6: Ketentuan-...
587,akn_id_act_uu_1998_3.json,1998,1995 - 1999,Domain Tambahan,Perhitungan Ketentuan,"Domain Tambahan, Domain Pajak, Domain Negara","Perhitungan Ketentuan, Uang Peraturan, Adalah Dana, Tambahan Ketentuan, Laporan Huruf",8,No,DOKUMEN HUKUM: Undang-Undang Nomor 3 Tahun 1998 tentang Anggaran Pendapatan dan Belanja Negara Tahun Anggaran 1998/1999  Pasal 1: Dalam Undang - undan...
588,akn_id_act_uu_1998_4.json,1998,1995 - 1999,Domain Tambahan,Perhitungan Ketentuan,"Domain Tambahan, Domain Pajak, Domain Hak, Domain Negara, Domain Barat","Perhitungan Ketentuan, Barat Lembaran, Negara Republik, Lampiran Pelabuhan, Pajak Pasal, Pegawai Adalah, Uang Peraturan, Tambahan Ketentuan, Pengadilan Surat, Wilayah Agama, Peraturan Berlaku, Pemerintah Government, Daerah Perkataan",18,No,DOKUMEN HUKUM: Undang-Undang Nomor 4 Tahun 1998 tentang Penetapan Perpu 1-1998 Tentang Perubahan Uu Kepailitan Menjadi Uu  Pasal 1: Peraturan Pemerint...
589,akn_id_act_uu_1998_5.json,1998,1995 - 1999,Domain Pajak,Perhitungan Ketentuan,"Domain Pajak, Domain Hak, Domain Negara","Perhitungan Ketentuan, Negara Republik, Pajak Pasal, Peraturan Berlaku",7,No,"DOKUMEN HUKUM: Undang-Undang Nomor 5 Tahun 1998 tentang Pengesahan Convention Against Torture and Other Cruel, Inhuman, Or Degrading Treatment Or Puni..."
590,akn_id_act_uu_1998_6.json,1998,1995 - 1999,Domain Tambahan,Negara Republik,"Domain Tambahan, Domain Pajak, Domain Hak, Domain Negara, Domain Barat","Negara Republik, Lampiran Pelabuhan, Uang Peraturan, Pegawai Adalah, Tambahan Ketentuan, Pengetahuan Ilmu, Pengadilan Surat, Peraturan Berlaku, Pemerintah Government, Daerah Papua, Daerah Perkataan, Hak Ciptaan",17,No,"DOKUMEN HUKUM: Undang-Undang Nomor 6 Tahun 1998 tentang Pengesahan Convention On The Prohibition of The Development, Production, Stockpiling, and Use ..."
591,akn_id_act_uu_1998_7.json,1998,1995 - 1999,Domain Tambahan,Perhitungan Ketentuan,"Domain Tambahan, Domain Pajak, Domain Negara","Perhitungan Ketentuan, Negara Republik, Lampiran Pelabuhan, Uang Peraturan, Tambahan Ketentuan, Laporan Huruf, Pajak Pasal, Peraturan Berlaku, Daerah Perkataan",12,No,DOKUMEN HUKUM: Undang-Undang Nomor 7 Tahun 1998 tentang Perubahan Uu 3-1998 Tentang Anggaran Pendapatan dan Belanja Negara Tahun Anggaran 1998/1999  P...
592,akn_id_act_uu_1998_8.json,1998,1995 - 1999,Domain Tambahan,Perhitungan Ketentuan,"Domain Tambahan, Domain Pajak, Domain Negara","Perhitungan Ketentuan, Lampiran Pelabuhan, Uang Peraturan, Adalah Dana, Tambahan Ketentuan, Laporan Huruf, Pajak Pasal, Peraturan Berlaku",11,No,DOKUMEN HUKUM: Undang-Undang Nomor 8 Tahun 1998 tentang Perhitungan Anggaran Negara Tahun Anggaran 1996/1997  Pasal 3: Sisa Anggaran Lebih Perhitungan...
593,akn_id_act_uu_1998_9.json,1998,1995 - 1999,Domain Hak,Hak Ciptaan,Domain Hak,Hak Ciptaan,2,No,DOKUMEN HUKUM: Undang-Undang Nomor 9 Tahun 1998 tentang Kemerdekaan Menyampaikan Pendapat di Muka Umum  Pasal 1: Dalam Undang-undang ini yang dimaksud...
594,akn_id_act_uu_1999_1.json,1999,1995 - 1999,Domain Hak,Paling Adalah,"Domain Hak, Domain Negara, Domain Barat","Paling Adalah, Adalah Dana, Pegawai Adalah, Desa Kota, Pengadilan Surat, Daerah Papua, Daerah Perkataan, Hak Ciptaan",11,No,DOKUMEN HUKUM: Undang-Undang Nomor 1 Tahun 1999 tentang Pengesahan Perjanjian Antara Ri dan Australia Mengenai Bantuan Timbal Balik dalam Masalah Pida...
595,akn_id_act_uu_1999_10.json,1999,1995 - 1999,Domain Hak,Barat Lembaran,"Domain Hak, Domain Negara, Domain Barat","Barat Lembaran, Paling Adalah, Pegawai Adalah, Desa Kota, Pengadilan Surat, Tingkat Kecamatan, Wilayah Agama, Daerah Papua, Daerah Perkataan, Hak Ciptaan",13,No,DOKUMEN HUKUM: Undang-Undang Nomor 10 Tahun 1999 tentang Pembentukan Kabupaten Daerah Tingkat Ii Bengkayang  Pasal 1: Dalam Undang-undang ini yang dim...
596,akn_id_act_uu_1999_11.json,1999,1995 - 1999,Domain Hak,Barat Lembaran,"Domain Hak, Domain Negara, Domain Barat","Barat Lembaran, Pegawai Adalah, Desa Kota, Pengadilan Surat, Tingkat Kecamatan, Wilayah Agama, Daerah Perkataan, Daerah Papua",11,No,DOKUMEN HUKUM: Undang-Undang Nomor 11 Tahun 1999 tentang Pembentukan Kotamadya Daerah Tingkat Ii Ternate  Pasal 1: Dalam Undang-unda ng ini yang dimak...
597,akn_id_act_uu_1999_12.json,1999,1995 - 1999,Domain Hak,Barat Lembaran,"Domain Hak, Domain Barat","Barat Lembaran, Desa Kota, Pengadilan Surat, Tingkat Kecamatan, Daerah Perkataan, Daerah Papua",8,No,"DOKUMEN HUKUM: Undang-Undang Nomor 12 Tahun 1999 tentang Pembentukan Kabupaten Daerah Tingkat Ii Waykana, Kabupaten Dati Ii Lampung Timur, dan Kotamad..."
598,akn_id_act_uu_1999_13.json,1999,1995 - 1999,Domain Hak,Barat Lembaran,"Domain Hak, Domain Negara, Domain Barat","Barat Lembaran, Paling Adalah, Pegawai Adalah, Desa Kota, Pengadilan Surat, Tingkat Kecamatan, Wilayah Agama, Daerah Papua, Daerah Perkataan, Hak Ciptaan",13,No,DOKUMEN HUKUM: Undang-Undang Nomor 13 Tahun 1999 tentang Pembentukan Kabupaten Daerah Tingkat Ii Luwu Utara  Pasal 1: Dalam Undang-undang ini yang dim...
599,akn_id_act_uu_1999_14.json,1999,1995 - 1999,Domain Hak,Barat Lembaran,"Domain Hak, Domain Negara, Domain Barat","Barat Lembaran, Paling Adalah, Negara Republik, Uang Peraturan, Pegawai Adalah, Desa Kota, Pengadilan Surat, Tingkat Kecamatan, Wilayah Agama, Daerah Papua, Daerah Perkataan, Hak Ciptaan",15,No,DOKUMEN HUKUM: Undang-Undang Nomor 14 Tahun 1999 tentang Pembentukan Kabupaten Daerah Tingkat Ii Aceh Singkit  Pasal 1: Dalam Undang-undang ini yang d...
600,akn_id_act_uu_1999_15.json,1999,1995 - 1999,Domain Hak,Barat Lembaran,"Domain Hak, Domain Barat","Barat Lembaran, Desa Kota, Tingkat Kecamatan, Daerah Perkataan, Daerah Papua",7,No,DOKUMEN HUKUM: Undang-Undang Nomor 15 Tahun 1999 tentang Pembentukan Kotamadya Daerah Tingkat Ii Depok dan Kotamadya Dati Ii Cilegon  Pasal 1: Dalam U...
601,akn_id_act_uu_1999_17.json,1999,1995 - 1999,Belum Diklasifikasi,Pengetahuan Ilmu,,Pengetahuan Ilmu,1,Yes,DOKUMEN HUKUM: Undang-Undang Nomor 17 Tahun 1999 tentang Penyelenggaraan Ibadah Haji  Pasal 1: Dalam Undang-undang ini yang dimaksud dengan: 1 Warga n...
602,akn_id_act_uu_1999_18.json,1999,1995 - 1999,Domain Hak,Pengetahuan Ilmu,Domain Hak,"Pengetahuan Ilmu, Desa Kota, Pengadilan Surat, Hak Ciptaan",5,No,DOKUMEN HUKUM: Undang-Undang Nomor 18 Tahun 1999 tentang Jasa Konstruksi  Pasal 1: Dalam Undang-undang ini yang dimaksud dengan :  PRESIDEN 1. Jasa ko...
603,akn_id_act_uu_1999_2.json,1999,1995 - 1999,Domain Tambahan,Barat Lembaran,"Domain Tambahan, Domain Pajak, Domain Hak, Domain Negara, Domain Barat","Barat Lembaran, Negara Republik, Lampiran Pelabuhan, Uang Peraturan, Pegawai Adalah, Tambahan Ketentuan, Desa Kota, Pengadilan Surat, Tingkat Kecamatan, Pemerintah Government, Daerah Perkataan, Daerah Papua",17,No,DOKUMEN HUKUM: Undang-Undang Nomor 2 Tahun 1999 tentang PARTAI POLITIK  Pasal 3: Pembentukan Partai Politik tidak boleh membahayakan persatuan dan kes...
604,akn_id_act_uu_1999_20.json,1999,1995 - 1999,Domain Tambahan,Negara Republik,"Domain Tambahan, Domain Pajak, Domain Hak, Domain Negara, Domain Barat","Negara Republik, Lampiran Pelabuhan, Uang Peraturan, Pegawai Adalah, Tambahan Ketentuan, Pengadilan Surat, Peraturan Berlaku, Pemerintah Government, Paling Adalah, Daerah Perkataan, Daerah Papua",16,No,DOKUMEN HUKUM: Undang-Undang Nomor 20 Tahun 1999 tentang Pengesahan Ilo Convention Number 138 Concerning Minimum Age For Admission to Employment (konv...
605,akn_id_act_uu_1999_21.json,1999,1995 - 1999,Domain Tambahan,Negara Republik,"Domain Tambahan, Domain Pajak, Domain Hak, Domain Negara, Domain Barat","Negara Republik, Lampiran Pelabuhan, Uang Peraturan, Pegawai Adalah, Tambahan Ketentuan, Pengadilan Surat, Wilayah Agama, Peraturan Berlaku, Pemerintah Government, Daerah Papua, Daerah Perkataan, Hak Ciptaan",17,No,DOKUMEN HUKUM: Undang-Undang Nomor 21 Tahun 1999 tentang Pengesahan Ilo Convention Number 111 Concerning Discrimination In Respect of Employment Aand ...
606,akn_id_act_uu_1999_22.json,1999,1995 - 1999,Domain Hak,Barat Lembaran,"Domain Hak, Domain Negara, Domain Barat","Barat Lembaran, Paling Adalah, Pegawai Adalah, Desa Kota, Pengadilan Surat, Tingkat Kecamatan, Wilayah Agama, Peraturan Berlaku, Daerah Papua, Daerah Perkataan, Hak Ciptaan",14,No,DOKUMEN HUKUM: Undang-Undang Nomor 22 Tahun 1999 tentang Pemerintahan Daerah  Pasal 1: Dalam Undang-undang ini yang dimaksud dengan : a. Pemerintah Pu...
607,akn_id_act_uu_1999_23.json,1999,1995 - 1999,Domain Tambahan,Negara Republik,"Domain Tambahan, Domain Pajak, Domain Hak, Domain Negara, Domain Barat","Negara Republik, Pegawai Adalah, Pengadilan Surat, Laporan Huruf, Paling Adalah, Barat Lembaran, Adalah Dana, Tambahan Ketentuan, Tingkat Kecamatan, Pemerintah Government, Daerah Papua, Hak Ciptaan, Lampiran Pelabuhan, Desa Kota, Daerah Perkataan, Uang Peraturan",21,No,DOKUMEN HUKUM: Undang-Undang Nomor 23 Tahun 1999 tentang BANK INDONESIA  Pasal 1: Dalam Undang-undang ini yang dimaksudkan dengan : 1. Dewan Gubernur ...
608,akn_id_act_uu_1999_24.json,1999,1995 - 1999,Domain Barat,Negara Republik,"Domain Barat, Domain Tambahan, Domain Pajak, Domain Hak, Domain Negara","Negara Republik, Pegawai Adalah, Paling Adalah, Barat Lembaran, Tambahan Ketentuan, Tingkat Kecamatan, Peraturan Berlaku, Pemerintah Government, Daerah Papua, Hak Ciptaan, Lampiran Pelabuhan, Wilayah Agama, Daerah Perkataan, Uang Peraturan, Pajak Pasal",20,No,DOKUMEN HUKUM: Undang-Undang Nomor 24 Tahun 1999 tentang LALU LINTAS DEVISA DAN SISTEM NILAI TUKAR  Pasal 1: Dalam Undang-undang ini yang dimaksud den...
609,akn_id_act_uu_1999_25.json,1999,1995 - 1999,Domain Pajak,Barat Lembaran,"Domain Pajak, Domain Hak, Domain Negara, Domain Barat","Barat Lembaran, Adalah Dana, Desa Kota, Tingkat Kecamatan, Daerah Perkataan, Daerah Papua",10,No,DOKUMEN HUKUM: Undang-Undang Nomor 25 Tahun 1999 tentang Perimbangan Keuangan Antara Pemerintah Pusat dan Daerah  Pasal 1: Dalam Undang-undang ini yan...
610,akn_id_act_uu_1999_26.json,1999,1995 - 1999,Domain Barat,Negara Republik,"Domain Barat, Domain Tambahan, Domain Pajak, Domain Hak, Domain Negara","Negara Republik, Pegawai Adalah, Pengadilan Surat, Paling Adalah, Barat Lembaran, Tambahan Ketentuan, Peraturan Berlaku, Pemerintah Government, Hak Ciptaan, Lampiran Pelabuhan, Wilayah Agama, Daerah Perkataan, Perhitungan Ketentuan, Uang Peraturan, Pajak Pasal",20,No,DOKUMEN HUKUM: Undang-Undang Nomor 26 Tahun 1999 tentang Pencabutan Uu 11/pnps/tahun 1963 Tentang Pemberantasan Kegiatan Subversi  Pasal 1: Mencabut U...
611,akn_id_act_uu_1999_27.json,1999,1995 - 1999,Domain Hak,Pegawai Adalah,"Domain Hak, Domain Negara, Domain Barat","Pegawai Adalah, Pengadilan Surat, Paling Adalah, Daerah Perkataan, Hak Ciptaan",8,No,DOKUMEN HUKUM: Undang-Undang Nomor 27 Tahun 1999 tentang Perubahan Kitab Undang-undang Hukum Pidana yang Berkaitan dengan Kejahatan Terhadap Keamanan ...
612,akn_id_act_uu_1999_29.json,1999,1995 - 1999,Domain Pajak,Negara Republik,Domain Pajak,"Negara Republik, Peraturan Berlaku, Pajak Pasal",4,No,"DOKUMEN HUKUM: Undang-Undang Nomor 29 Tahun 1999 tentang Pengesahan International Convention On The Elimination of All Forms of Racial Discrimination,..."
613,akn_id_act_uu_1999_3.json,1999,1995 - 1999,Domain Tambahan,Barat Lembaran,"Domain Tambahan, Domain Pajak, Domain Hak, Domain Negara, Domain Barat","Barat Lembaran, Paling Adalah, Negara Republik, Uang Peraturan, Pegawai Adalah, Tambahan Ketentuan, Desa Kota, Pengadilan Surat, Tingkat Kecamatan, Daerah Papua, Daerah Perkataan, Hak Ciptaan",17,No,"DOKUMEN HUKUM: Undang-Undang Nomor 3 Tahun 1999 tentang PEMILIHAN UMUM  Pasal 2: Perencanaan, pelaksanaan, pengawasan Pemilihan Umum didasarkan atas p..."
614,akn_id_act_uu_1999_30.json,1999,1995 - 1999,Domain Hak,Pengadilan Surat,"Domain Hak, Domain Negara, Domain Barat","Pengadilan Surat, Wilayah Agama, Daerah Perkataan, Hak Ciptaan",7,No,DOKUMEN HUKUM: Undang-Undang Nomor 30 Tahun 1999 tentang Arbitrase dan Alternatif Penyelesaian Sengketa  Pasal 1: Dalam Undang-undang ini yang dimaksu...
615,akn_id_act_uu_1999_31.json,1999,1995 - 1999,Domain Pajak,Uang Peraturan,"Domain Pajak, Domain Hak, Domain Negara, Domain Barat","Uang Peraturan, Pegawai Adalah, Pengadilan Surat, Laporan Huruf, Paling Adalah, Daerah Perkataan",10,No,DOKUMEN HUKUM: Undang-Undang Nomor 31 Tahun 1999 tentang PEMBERANTASAN TINDAK PIDANA KORUPSI  Pasal 1: Dalam Undang-undang ini yang dimaksud dengan : ...
616,akn_id_act_uu_1999_32.json,1999,1995 - 1999,Domain Tambahan,Perhitungan Ketentuan,"Domain Tambahan, Domain Pajak, Domain Hak, Domain Negara, Domain Barat","Perhitungan Ketentuan, Negara Republik, Lampiran Pelabuhan, Pajak Pasal, Uang Peraturan, Tambahan Ketentuan, Laporan Huruf, Peraturan Berlaku, Pemerintah Government, Daerah Perkataan",15,No,DOKUMEN HUKUM: Undang-Undang Nomor 32 Tahun 1999 tentang Perubahan Uu 3-1998 Tentang Anggaran Pendapatan dan Belanja Negara Tahun Anggaran 1998/1999 S...
617,akn_id_act_uu_1999_33.json,1999,1995 - 1999,Domain Tambahan,Perhitungan Ketentuan,"Domain Tambahan, Domain Pajak, Domain Negara","Perhitungan Ketentuan, Lampiran Pelabuhan, Uang Peraturan, Adalah Dana, Tambahan Ketentuan, Laporan Huruf, Pajak Pasal, Peraturan Berlaku",11,No,DOKUMEN HUKUM: Undang-Undang Nomor 33 Tahun 1999 tentang Perhitungan Anggaran Negara Tahun Anggaran 1997/1998  Pasal 3: Sisa Anggaran Kurang Perhitung...
618,akn_id_act_uu_1999_34.json,1999,1995 - 1999,Domain Tambahan,Negara Republik,"Domain Tambahan, Domain Pajak, Domain Hak, Domain Negara, Domain Barat","Negara Republik, Pegawai Adalah, Pengadilan Surat, Paling Adalah, Barat Lembaran, Tingkat Kecamatan, Peraturan Berlaku, Pemerintah Government, Daerah Papua, Hak Ciptaan, Lampiran Pelabuhan, Desa Kota, Wilayah Agama, Daerah Perkataan, Uang Peraturan",20,No,DOKUMEN HUKUM: Undang-Undang Nomor 34 Tahun 1999 tentang Pemerintahan Provinsi Daerah Khusus Ibukota Negara Ri Jakarta  Pasal 3: Propinsi Daerah Khusu...
619,akn_id_act_uu_1999_36.json,1999,1995 - 1999,Domain Tambahan,Barat Lembaran,"Domain Tambahan, Domain Hak, Domain Negara, Domain Barat","Barat Lembaran, Paling Adalah, Negara Republik, Uang Peraturan, Pegawai Adalah, Desa Kota, Pengadilan Surat, Tingkat Kecamatan, Daerah Papua, Daerah Perkataan, Hak Ciptaan",15,No,DOKUMEN HUKUM: Undang-Undang Nomor 36 Tahun 1999 tentang TELEKOMUNIKASI  Pasal 1: Dalam Undang-undang ini yang dimaksud dengan: 1. Telekomunikasi adal...
620,akn_id_act_uu_1999_37.json,1999,1995 - 1999,Belum Diklasifikasi,Pemerintah Government,,"Pemerintah Government, Daerah Papua",2,Yes,DOKUMEN HUKUM: Undang-Undang Nomor 37 Tahun 1999 tentang Hubungan Luar Negeri  Pasal 1: Dalam Undang-undang ini yang dimaksud dengan : 1. Hubungan Lua...
621,akn_id_act_uu_1999_38.json,1999,1995 - 1999,Domain Hak,Negara Republik,"Domain Hak, Domain Negara, Domain Barat","Negara Republik, Pegawai Adalah, Desa Kota, Pengetahuan Ilmu, Pengadilan Surat, Daerah Papua, Hak Ciptaan",10,No,DOKUMEN HUKUM: Undang-Undang Nomor 38 Tahun 1999 tentang Pengelolaan Zakat  Pasal 1: Dalam Undang-undang ini yang dimaksud dengan : 1. Pengelolaan zak...
622,akn_id_act_uu_1999_39.json,1999,1995 - 1999,Domain Hak,Paling Adalah,"Domain Hak, Domain Barat","Paling Adalah, Desa Kota, Pengetahuan Ilmu, Pengadilan Surat, Daerah Papua, Daerah Perkataan, Hak Ciptaan",9,No,DOKUMEN HUKUM: Undang-Undang Nomor 39 Tahun 1999 tentang Hak Asasi Manusia  Pasal 1: Dalam Undang-undang ini yang dimaksud dengan : 1. Hak Asasi Manus...
623,akn_id_act_uu_1999_40.json,1999,1995 - 1999,Belum Diklasifikasi,Pengetahuan Ilmu,,Pengetahuan Ilmu,1,Yes,"DOKUMEN HUKUM: Undang-Undang Nomor 40 Tahun 1999 tentang Pers  Pasal 1: Dalam Undang-undang ini, yang dimaksud dengan : 1. Pers adalah lembaga sosial ..."
624,akn_id_act_uu_1999_41.json,1999,1995 - 1999,Domain Hak,Desa Kota,"Domain Hak, Domain Barat","Desa Kota, Pengetahuan Ilmu, Tingkat Kecamatan, Daerah Perkataan, Hak Ciptaan",7,No,DOKUMEN HUKUM: Undang-Undang Nomor 41 Tahun 1999 tentang KEHUTANAN  Pasal 1: Dalam undang-undang ini yang dimaksud dengan: 1. Kehutanan adalah sistem ...
625,akn_id_act_uu_1999_42.json,1999,1995 - 1999,Domain Hak,Adalah Dana,"Domain Hak, Domain Negara, Domain Barat","Adalah Dana, Pegawai Adalah, Desa Kota, Pengadilan Surat, Paling Adalah, Daerah Perkataan, Hak Ciptaan",10,No,DOKUMEN HUKUM: Undang-Undang Nomor 42 Tahun 1999 tentang Jaminan Fidusia  Pasal 1: Dalam Undang-undang ini yang dimaksud dengan: 1. Fidusia adalah pen...
626,akn_id_act_uu_1999_43.json,1999,1995 - 1999,Domain Hak,Pegawai Adalah,"Domain Hak, Domain Barat","Pegawai Adalah, Desa Kota, Pengetahuan Ilmu, Pengadilan Surat, Daerah Papua",7,No,DOKUMEN HUKUM: Undang-Undang Nomor 43 Tahun 1999 tentang Perubahan Uu 8-1974 Tentang Pokok-pokok Kepegawaian  Pasal 1: Beberapa ketentuan dalam Undang...
627,akn_id_act_uu_1999_46.json,1999,1995 - 1999,Domain Barat,Negara Republik,"Domain Barat, Domain Tambahan, Domain Pajak, Domain Hak, Domain Negara","Negara Republik, Pegawai Adalah, Pengadilan Surat, Paling Adalah, Barat Lembaran, Tambahan Ketentuan, Tingkat Kecamatan, Peraturan Berlaku, Pemerintah Government, Daerah Papua, Hak Ciptaan, Lampiran Pelabuhan, Desa Kota, Wilayah Agama, Daerah Perkataan, Uang Peraturan, Pajak Pasal",22,No,"DOKUMEN HUKUM: Undang-Undang Nomor 46 Tahun 1999 tentang Pembentukan Provinsi Maluku Utara, Kabupaten Buru, dan Kabupaten Maluku Tenggara Barat  Pasal..."
628,akn_id_act_uu_1999_47.json,1999,1995 - 1999,Domain Hak,Barat Lembaran,"Domain Hak, Domain Barat","Barat Lembaran, Desa Kota, Pengadilan Surat, Tingkat Kecamatan, Daerah Perkataan, Daerah Papua",8,No,"DOKUMEN HUKUM: Undang-Undang Nomor 47 Tahun 1999 tentang Pembentukan Kabupaten Nunukan, Kabupaten Malinau, Kabupaten Kutai Barat, Kabupaten Kutai Timu..."
629,akn_id_act_uu_1999_48.json,1999,1995 - 1999,Domain Hak,Barat Lembaran,"Domain Hak, Domain Negara, Domain Barat","Barat Lembaran, Pegawai Adalah, Desa Kota, Pengadilan Surat, Tingkat Kecamatan, Daerah Perkataan, Daerah Papua",10,No,DOKUMEN HUKUM: Undang-Undang Nomor 48 Tahun 1999 tentang Pembentukan Kabupaten Bireuen dan Kabupaten Simeulue  Pasal 1: Dalam Undang-undang ini yang d...
630,akn_id_act_uu_1999_5.json,1999,1995 - 1999,Domain Hak,Desa Kota,"Domain Hak, Domain Barat","Desa Kota, Pengadilan Surat, Paling Adalah, Daerah Perkataan, Hak Ciptaan",7,No,DOKUMEN HUKUM: Undang-Undang Nomor 5 Tahun 1999 tentang Larangan Praktek Monopoli dan Persaingan Usaha Tidak Sehat  Pasal 1: Dalaln UNDANG-UNDANG ini ...
631,akn_id_act_uu_1999_52.json,1999,1995 - 1999,Domain Hak,Barat Lembaran,"Domain Hak, Domain Negara, Domain Barat","Barat Lembaran, Desa Kota, Pengadilan Surat, Tingkat Kecamatan, Wilayah Agama, Daerah Perkataan, Daerah Papua",10,No,DOKUMEN HUKUM: Undang-Undang Nomor 52 Tahun 1999 tentang Pembentukan Kabupaten Lembata  Pasal 1: Dalam Undang-undang ini yang dimaksud dengan: a. Daer...
632,akn_id_act_uu_1999_53.json,1999,1995 - 1999,Domain Hak,Barat Lembaran,"Domain Hak, Domain Barat","Barat Lembaran, Desa Kota, Pengadilan Surat, Tingkat Kecamatan, Daerah Perkataan, Daerah Papua",8,No,"DOKUMEN HUKUM: Undang-Undang Nomor 53 Tahun 1999 tentang Pembentukan Kabupaten Pelalawan, Kabupaten Rokan Hilir, Kabupaten Siak, Kabupaten Karimun, Ka..."
633,akn_id_act_uu_1999_54.json,1999,1995 - 1999,Domain Hak,Barat Lembaran,"Domain Hak, Domain Barat","Barat Lembaran, Desa Kota, Tingkat Kecamatan, Daerah Papua",6,No,"DOKUMEN HUKUM: Undang-Undang Nomor 54 Tahun 1999 tentang Pembentukan Kabupaten Sarolangun, Kabupaten Tebo, Kabupaten Muaro Jambi, dan Kabupaten Tanjun..."
634,akn_id_act_uu_1999_55.json,1999,1995 - 1999,Domain Hak,Barat Lembaran,"Domain Hak, Domain Negara, Domain Barat","Barat Lembaran, Desa Kota, Pengadilan Surat, Tingkat Kecamatan, Wilayah Agama, Peraturan Berlaku, Daerah Perkataan, Daerah Papua",11,No,DOKUMEN HUKUM: Undang-Undang Nomor 55 Tahun 1999 tentang Pembentukan Kabupaten Landak  Pasal 1: Dalam Undang-undang ini yang dimaksud dengan: a. Daera...
635,akn_id_act_uu_1999_56.json,1999,1995 - 1999,Domain Pajak,Paling Adalah,"Domain Pajak, Domain Hak, Domain Negara, Domain Barat","Paling Adalah, Uang Peraturan, Pegawai Adalah, Desa Kota, Pengadilan Surat, Peraturan Berlaku, Daerah Papua, Daerah Perkataan, Hak Ciptaan",13,No,DOKUMEN HUKUM: Undang-Undang Nomor 56 Tahun 1999 tentang Rakyat Terlatih  Pasal 1: Dalam Undang-undang ini yang dimaksud dengan : 1. Rakyat Terlatih a...
636,akn_id_act_uu_1999_7.json,1999,1995 - 1999,Domain Tambahan,Perhitungan Ketentuan,"Domain Tambahan, Domain Pajak, Domain Hak, Domain Negara","Perhitungan Ketentuan, Uang Peraturan, Adalah Dana, Tambahan Ketentuan, Laporan Huruf, Pajak Pasal",10,No,DOKUMEN HUKUM: Undang-Undang Nomor 7 Tahun 1999 tentang Anggaran Pendapatan dan Belanja Negara Tahun Anggaran 1999/2000  Pasal 1: Dalam Undang-undang ...
637,akn_id_act_uu_1999_8.json,1999,1995 - 1999,Domain Hak,Pengadilan Surat,Domain Hak,"Pengadilan Surat, Hak Ciptaan, Pengetahuan Ilmu",4,No,DOKUMEN HUKUM: Undang-Undang Nomor 8 Tahun 1999 tentang PERLINDUNGAN KONSUMEN  Pasal 1: Dalam Undang-undang ini yang dimaksud dengan: 1. Perlindungan ...
638,akn_id_act_uu_1999_9.json,1999,1995 - 1999,Domain Hak,Barat Lembaran,"Domain Hak, Domain Negara, Domain Barat","Barat Lembaran, Paling Adalah, Pegawai Adalah, Desa Kota, Pengadilan Surat, Tingkat Kecamatan, Wilayah Agama, Daerah Papua, Daerah Perkataan, Hak Ciptaan",13,No,DOKUMEN HUKUM: Undang-Undang Nomor 9 Tahun 1999 tentang Pembentukan Kotamadya Daerah Tingkat Ii Banjarbaru  Pasal 1: Dalam Undang-undang ini yang dima...
639,akn_id_act_uu_2000_1.json,2000,2000 - 2004,Domain Tambahan,Negara Republik,"Domain Tambahan, Domain Pajak, Domain Hak, Domain Negara, Domain Barat","Negara Republik, Pegawai Adalah, Pengadilan Surat, Paling Adalah, Tambahan Ketentuan, Peraturan Berlaku, Pemerintah Government, Daerah Papua, Hak Ciptaan, Lampiran Pelabuhan, Desa Kota, Wilayah Agama, Daerah Perkataan, Uang Peraturan",19,No,DOKUMEN HUKUM: Undang-Undang Nomor 1 Tahun 2000 tentang Pengesahan Ilo Convention Number 182 Concerning The Prohibition and The Immediate Action For T...
640,akn_id_act_uu_2000_10.json,2000,2000 - 2004,Domain Barat,Negara Republik,"Domain Barat, Domain Tambahan, Domain Pajak, Domain Hak, Domain Negara","Negara Republik, Pegawai Adalah, Pengadilan Surat, Barat Lembaran, Tambahan Ketentuan, Tingkat Kecamatan, Peraturan Berlaku, Pemerintah Government, Daerah Papua, Lampiran Pelabuhan, Wilayah Agama, Daerah Perkataan, Perhitungan Ketentuan, Uang Peraturan, Pajak Pasal",20,No,DOKUMEN HUKUM: Undang-Undang Nomor 10 Tahun 2000 tentang Perubahan Uu 50-1999 Tentang Pembentukan Kabupaten Boalemo  Pasal II: Undang-undang ini mulai...
641,akn_id_act_uu_2000_11.json,2000,2000 - 2004,Domain Tambahan,Perhitungan Ketentuan,"Domain Tambahan, Domain Pajak, Domain Hak, Domain Negara, Domain Barat","Perhitungan Ketentuan, Barat Lembaran, Negara Republik, Lampiran Pelabuhan, Pajak Pasal, Pegawai Adalah, Uang Peraturan, Tambahan Ketentuan, Tingkat Kecamatan, Wilayah Agama, Peraturan Berlaku, Pemerintah Government, Daerah Perkataan",18,No,"DOKUMEN HUKUM: Undang-Undang Nomor 11 Tahun 2000 tentang Perubahan Uu 51-1999 Tentang Pembentukan Kabupaten Buol, Kabupaten Morowali, dan Kabupaten Ba..."
642,akn_id_act_uu_2000_12.json,2000,2000 - 2004,Domain Tambahan,Perhitungan Ketentuan,"Domain Tambahan, Domain Pajak, Domain Barat, Domain Negara","Perhitungan Ketentuan, Barat Lembaran, Negara Republik, Lampiran Pelabuhan, Uang Peraturan, Tambahan Ketentuan, Wilayah Agama, Pajak Pasal, Peraturan Berlaku, Daerah Perkataan",14,No,DOKUMEN HUKUM: Undang-Undang Nomor 12 Tahun 2000 tentang Perubahan Uu 52-1999 Tentang Pembentukan Kabupaten Lembata  Pasal II: Undang-undang ini mulai...
643,akn_id_act_uu_2000_13.json,2000,2000 - 2004,Domain Tambahan,Perhitungan Ketentuan,"Domain Tambahan, Domain Pajak, Domain Barat, Domain Negara","Perhitungan Ketentuan, Barat Lembaran, Negara Republik, Tambahan Ketentuan, Tingkat Kecamatan, Wilayah Agama, Pajak Pasal, Peraturan Berlaku, Daerah Perkataan",13,No,"DOKUMEN HUKUM: Undang-Undang Nomor 13 Tahun 2000 tentang Perubahan Uu 53-1999 Tentang Pembentukan Kabupaten Pelalawan, Kabupaten Rokan Hulu, Kabupaten..."
644,akn_id_act_uu_2000_14.json,2000,2000 - 2004,Domain Tambahan,Perhitungan Ketentuan,"Domain Tambahan, Domain Pajak, Domain Barat, Domain Negara","Perhitungan Ketentuan, Barat Lembaran, Negara Republik, Lampiran Pelabuhan, Uang Peraturan, Tambahan Ketentuan, Tingkat Kecamatan, Wilayah Agama, Pajak Pasal, Peraturan Berlaku, Pemerintah Government, Daerah Perkataan",16,No,"DOKUMEN HUKUM: Undang-Undang Nomor 14 Tahun 2000 tentang Perubahan Uu 54-1999 Tentang Pembentukan Kabupaten Sarolangun, Kabupaten Tebo, Kabupaten Muar..."
645,akn_id_act_uu_2000_15.json,2000,2000 - 2004,Domain Tambahan,Perhitungan Ketentuan,"Domain Tambahan, Domain Pajak, Domain Barat, Domain Negara","Perhitungan Ketentuan, Barat Lembaran, Negara Republik, Lampiran Pelabuhan, Uang Peraturan, Tambahan Ketentuan, Wilayah Agama, Pajak Pasal, Peraturan Berlaku, Daerah Perkataan",14,No,DOKUMEN HUKUM: Undang-Undang Nomor 15 Tahun 2000 tentang Perubahan Uu 55-1999 Tentang Pembentukan Kabupaten Landak  Pasal II: Undang-undang ini mulai ...
646,akn_id_act_uu_2000_16.json,2000,2000 - 2004,Domain Tambahan,Perhitungan Ketentuan,"Domain Tambahan, Domain Pajak, Domain Negara","Perhitungan Ketentuan, Negara Republik, Lampiran Pelabuhan, Uang Peraturan, Tambahan Ketentuan, Wilayah Agama, Pajak Pasal, Peraturan Berlaku, Daerah Perkataan",12,No,DOKUMEN HUKUM: Undang-Undang Nomor 16 Tahun 2000 tentang Perubahan Kedua Uu 6-1983 Tentang Ketentuan Umum dan Tata Cara Perpajakan  Pasal II: Undang-u...
647,akn_id_act_uu_2000_18.json,2000,2000 - 2004,Domain Tambahan,Perhitungan Ketentuan,"Domain Tambahan, Domain Pajak, Domain Hak, Domain Negara","Perhitungan Ketentuan, Uang Peraturan, Tambahan Ketentuan, Pajak Pasal, Peraturan Berlaku, Daerah Perkataan",10,No,DOKUMEN HUKUM: Undang-Undang Nomor 18 Tahun 2000 tentang Perubahan Kedua Uu 8-1983 Tentang Pajak Pertambahan Nilai Barang dan Jasa dan Pajak Penjualan...
648,akn_id_act_uu_2000_19.json,2000,2000 - 2004,Domain Tambahan,Perhitungan Ketentuan,"Domain Tambahan, Domain Pajak, Domain Hak, Domain Negara","Perhitungan Ketentuan, Negara Republik, Lampiran Pelabuhan, Uang Peraturan, Adalah Dana, Tambahan Ketentuan, Wilayah Agama, Pajak Pasal, Peraturan Berlaku, Daerah Perkataan",14,No,DOKUMEN HUKUM: Undang-Undang Nomor 19 Tahun 2000 tentang Perubahan Uu 19-1997 Tentang Penagihan Pajak dengan Surat Paksa
649,akn_id_act_uu_2000_2.json,2000,2000 - 2004,Belum Diklasifikasi,Adalah Dana,,Adalah Dana,1,Yes,DOKUMEN HUKUM: Undang-Undang Nomor 2 Tahun 2000 tentang Anggaran Pendapatan dan Belanja Negara Tahun Anggaran 2000  Pasal 1: Dalam Undang - undang ini...
650,akn_id_act_uu_2000_20.json,2000,2000 - 2004,Domain Barat,Negara Republik,"Domain Barat, Domain Tambahan, Domain Pajak, Domain Hak, Domain Negara","Negara Republik, Pegawai Adalah, Pengadilan Surat, Paling Adalah, Barat Lembaran, Tambahan Ketentuan, Tingkat Kecamatan, Peraturan Berlaku, Pemerintah Government, Hak Ciptaan, Desa Kota, Wilayah Agama, Daerah Perkataan, Perhitungan Ketentuan, Uang Peraturan, Pajak Pasal",21,No,DOKUMEN HUKUM: Undang-Undang Nomor 20 Tahun 2000 tentang Perubahan Uu 21-1997 Tentang Bea Perolehan Hak Atas Tanah dan Bangunan  Pasal 27A: Dengan ber...
651,akn_id_act_uu_2000_22.json,2000,2000 - 2004,Domain Tambahan,Perhitungan Ketentuan,"Domain Tambahan, Domain Pajak, Domain Negara","Perhitungan Ketentuan, Negara Republik, Lampiran Pelabuhan, Uang Peraturan, Adalah Dana, Pegawai Adalah, Tambahan Ketentuan, Laporan Huruf, Pajak Pasal, Pemerintah Government",13,No,DOKUMEN HUKUM: Undang-Undang Nomor 22 Tahun 2000 tentang Perhitungan Anggaran Negara Tahun Anggaran 1998/1999  Pasal 3: Sisa Anggaran Lebih Perhitunga...
652,akn_id_act_uu_2000_23.json,2000,2000 - 2004,Domain Negara,Barat Lembaran,"Domain Negara, Domain Barat","Barat Lembaran, Desa Kota, Tingkat Kecamatan, Daerah Papua",6,No,DOKUMEN HUKUM: Undang-Undang Nomor 23 Tahun 2000 tentang Pembentukan Propinsi Banten  Pasal 1: Dalam undang - undang ini yang dimaksud dengan: 1. Daer...
653,akn_id_act_uu_2000_24.json,2000,2000 - 2004,Domain Hak,Negara Republik,"Domain Hak, Domain Negara, Domain Barat","Negara Republik, Pegawai Adalah, Desa Kota, Pengetahuan Ilmu, Pengadilan Surat, Pemerintah Government, Daerah Papua, Daerah Perkataan, Hak Ciptaan",12,No,DOKUMEN HUKUM: Undang-Undang Nomor 24 Tahun 2000 tentang Perjanjian Internasional  Pasal 1: Dalam undang-undang ini yang dimaksud dengan 1. Perjanjian...
654,akn_id_act_uu_2000_25.json,2000,2000 - 2004,Domain Barat,Pegawai Adalah,"Domain Barat, Domain Tambahan, Domain Pajak, Domain Hak, Domain Negara","Pegawai Adalah, Pengadilan Surat, Laporan Huruf, Paling Adalah, Barat Lembaran, Adalah Dana, Tambahan Ketentuan, Tingkat Kecamatan, Peraturan Berlaku, Pemerintah Government, Daerah Papua, Hak Ciptaan, Lampiran Pelabuhan, Desa Kota, Daerah Perkataan, Perhitungan Ketentuan, Uang Peraturan, Pajak Pasal",23,No,DOKUMEN HUKUM: Undang-Undang Nomor 25 Tahun 2000 tentang Program Pembangunan Nasional (propenas) Tahun 2000-2004  Pasal 1: Program Pembangunan Nasiona...
655,akn_id_act_uu_2000_26.json,2000,2000 - 2004,Domain Pajak,Barat Lembaran,"Domain Pajak, Domain Hak, Domain Barat, Domain Negara","Barat Lembaran, Paling Adalah, Negara Republik, Pegawai Adalah, Uang Peraturan, Desa Kota, Pengadilan Surat, Wilayah Agama, Pajak Pasal, Peraturan Berlaku, Daerah Papua, Daerah Perkataan, Hak Ciptaan",17,No,DOKUMEN HUKUM: Undang-Undang Nomor 26 Tahun 2000 tentang Pengadilan Hak Asasi Manusia  Pasal 1: Dalam Undang - undang ini yang dimaksud dengan : 1. Ha...
656,akn_id_act_uu_2000_27.json,2000,2000 - 2004,Domain Tambahan,Barat Lembaran,"Domain Tambahan, Domain Pajak, Domain Hak, Domain Negara, Domain Barat","Barat Lembaran, Negara Republik, Uang Peraturan, Pegawai Adalah, Desa Kota, Pengadilan Surat, Tingkat Kecamatan, Wilayah Agama, Pemerintah Government, Daerah Papua, Daerah Perkataan, Hak Ciptaan",17,No,DOKUMEN HUKUM: Undang-Undang Nomor 27 Tahun 2000 tentang Pembentukan Propinsi Kepulauan Bangka Belitung  Pasal 1: Dalam undang-undang ini yang dimaksu...
657,akn_id_act_uu_2000_28.json,2000,2000 - 2004,Domain Barat,Negara Republik,"Domain Barat, Domain Tambahan, Domain Pajak, Domain Hak, Domain Negara","Negara Republik, Pegawai Adalah, Pengadilan Surat, Barat Lembaran, Tambahan Ketentuan, Peraturan Berlaku, Pemerintah Government, Hak Ciptaan, Lampiran Pelabuhan, Wilayah Agama, Daerah Perkataan, Perhitungan Ketentuan, Uang Peraturan, Pajak Pasal",19,No,DOKUMEN HUKUM: Undang-Undang Nomor 28 Tahun 2000 tentang Penetapan Perpu 3-2000 Tentang Perubahan Uu 11-1998 Tentang Perubahan Berlakunya Uu 25-1997 T...
658,akn_id_act_uu_2000_29.json,2000,2000 - 2004,Domain Hak,Paling Adalah,"Domain Hak, Domain Negara, Domain Barat","Paling Adalah, Negara Republik, Uang Peraturan, Pegawai Adalah, Desa Kota, Pengetahuan Ilmu, Pengadilan Surat, Tingkat Kecamatan, Pemerintah Government, Daerah Papua, Daerah Perkataan, Hak Ciptaan",15,No,DOKUMEN HUKUM: Undang-Undang Nomor 29 Tahun 2000 tentang Perlindungan Varietas Tanaman  Pasal 1: Dalam Undang - undang ini yang dimaksud dengan : 1. P...
659,akn_id_act_uu_2000_3.json,2000,2000 - 2004,Domain Barat,Negara Republik,"Domain Barat, Domain Tambahan, Domain Pajak, Domain Hak, Domain Negara","Negara Republik, Pegawai Adalah, Laporan Huruf, Barat Lembaran, Adalah Dana, Tambahan Ketentuan, Peraturan Berlaku, Pemerintah Government, Daerah Papua, Lampiran Pelabuhan, Wilayah Agama, Daerah Perkataan, Perhitungan Ketentuan, Uang Peraturan, Pajak Pasal",20,No,DOKUMEN HUKUM: Undang-Undang Nomor 3 Tahun 2000 tentang Perubahan Uu 7-1999 Tentang Anggaran Pendapatan dan Belanja Negara Tahun Anggaran 1999/2000  P...
660,akn_id_act_uu_2000_30.json,2000,2000 - 2004,Domain Hak,Hak Ciptaan,Domain Hak,Hak Ciptaan,2,No,DOKUMEN HUKUM: Undang-Undang Nomor 30 Tahun 2000 tentang Rahasia Dagang  Pasal 1: Dalam Undang - undang ini yang dimaksud dengan: 1. Rahasia Dagang ad...
661,akn_id_act_uu_2000_31.json,2000,2000 - 2004,Domain Hak,Hak Ciptaan,Domain Hak,Hak Ciptaan,2,No,DOKUMEN HUKUM: Undang-Undang Nomor 31 Tahun 2000 tentang DESAIN INDUSTRI  Pasal 1: Dalam Undang - undang ini yang dimaksud dengan: 1. Desain Industri ...
662,akn_id_act_uu_2000_32.json,2000,2000 - 2004,Domain Hak,Pegawai Adalah,"Domain Hak, Domain Negara, Domain Barat","Pegawai Adalah, Desa Kota, Pengetahuan Ilmu, Pengadilan Surat, Tingkat Kecamatan, Daerah Papua, Daerah Perkataan, Hak Ciptaan",11,No,"DOKUMEN HUKUM: Undang-Undang Nomor 32 Tahun 2000 tentang Desain Tata Letak Sirkuit Terpadu  Pasal 1: Dalam Undang-undang ini, yang dimaksud dengan: 1...."
663,akn_id_act_uu_2000_33.json,2000,2000 - 2004,Domain Tambahan,Perhitungan Ketentuan,"Domain Tambahan, Domain Pajak, Domain Negara","Perhitungan Ketentuan, Lampiran Pelabuhan, Uang Peraturan, Tambahan Ketentuan, Laporan Huruf, Pajak Pasal, Peraturan Berlaku, Daerah Perkataan",11,No,DOKUMEN HUKUM: Undang-Undang Nomor 33 Tahun 2000 tentang Perubahan Uu 2-2000 Tentang Anggaran Pendapatan dan Belanja Negara Tahun Anggaran 2000  Pasal...
664,akn_id_act_uu_2000_34.json,2000,2000 - 2004,Domain Barat,Negara Republik,"Domain Barat, Domain Tambahan, Domain Pajak, Domain Hak, Domain Negara","Negara Republik, Pegawai Adalah, Pengadilan Surat, Barat Lembaran, Adalah Dana, Tambahan Ketentuan, Tingkat Kecamatan, Peraturan Berlaku, Pemerintah Government, Hak Ciptaan, Lampiran Pelabuhan, Desa Kota, Wilayah Agama, Daerah Perkataan, Perhitungan Ketentuan, Uang Peraturan, Pajak Pasal",22,No,DOKUMEN HUKUM: Undang-Undang Nomor 34 Tahun 2000 tentang Perubahan Uu 18-1997 Tentang Pajak Daerah dan Retribusi Daerah  Pasal II: Pada saat Undang-un...
665,akn_id_act_uu_2000_35.json,2000,2000 - 2004,Domain Hak,Uang Peraturan,"Domain Hak, Domain Negara, Domain Barat","Uang Peraturan, Adalah Dana, Laporan Huruf",6,No,DOKUMEN HUKUM: Undang-Undang Nomor 35 Tahun 2000 tentang Anggaran Pendapatan dan Belanja Negara Tahun Anggaran 2001  Pasal 1: Dalam Undang - undang in...
666,akn_id_act_uu_2000_36.json,2000,2000 - 2004,Domain Barat,Negara Republik,"Domain Barat, Domain Tambahan, Domain Pajak, Domain Hak, Domain Negara","Negara Republik, Pegawai Adalah, Barat Lembaran, Tambahan Ketentuan, Tingkat Kecamatan, Peraturan Berlaku, Pemerintah Government, Daerah Papua, Hak Ciptaan, Lampiran Pelabuhan, Wilayah Agama, Daerah Perkataan, Perhitungan Ketentuan, Uang Peraturan, Pajak Pasal",20,No,DOKUMEN HUKUM: Undang-Undang Nomor 36 Tahun 2000 tentang Penetapan Perpu 1-2000 Tentang Kawasan Perdagangan Bebas dan Pelabuhan Bebas Menjadi Uu  Pasa...
667,akn_id_act_uu_2000_37.json,2000,2000 - 2004,Domain Barat,Negara Republik,"Domain Barat, Domain Tambahan, Domain Pajak, Domain Hak, Domain Negara","Negara Republik, Pegawai Adalah, Barat Lembaran, Tambahan Ketentuan, Tingkat Kecamatan, Peraturan Berlaku, Pemerintah Government, Daerah Papua, Hak Ciptaan, Lampiran Pelabuhan, Wilayah Agama, Daerah Perkataan, Perhitungan Ketentuan, Uang Peraturan, Pajak Pasal",20,No,DOKUMEN HUKUM: Undang-Undang Nomor 37 Tahun 2000 tentang Penetapan Perpu 2-2000 Tentang Kawasan Perdagangan Bebas dan Pelabuhan Bebas Sabang Menjadi U...
668,akn_id_act_uu_2000_38.json,2000,2000 - 2004,Domain Tambahan,Barat Lembaran,"Domain Tambahan, Domain Pajak, Domain Hak, Domain Negara, Domain Barat","Barat Lembaran, Negara Republik, Lampiran Pelabuhan, Uang Peraturan, Pegawai Adalah, Desa Kota, Tingkat Kecamatan, Wilayah Agama, Peraturan Berlaku, Pemerintah Government, Daerah Perkataan, Daerah Papua",17,No,DOKUMEN HUKUM: Undang-Undang Nomor 38 Tahun 2000 tentang Pembentukan Propinsi Gorontalo  Pasal 1: Dalam undang-undang ini yang dimaksud dengan : 1. Da...
669,akn_id_act_uu_2000_4.json,2000,2000 - 2004,Domain Tambahan,Perhitungan Ketentuan,"Domain Tambahan, Domain Pajak, Domain Hak, Domain Negara, Domain Barat","Perhitungan Ketentuan, Negara Republik, Lampiran Pelabuhan, Pajak Pasal, Pegawai Adalah, Uang Peraturan, Tambahan Ketentuan, Peraturan Berlaku, Pemerintah Government, Daerah Perkataan, Daerah Papua",16,No,DOKUMEN HUKUM: Undang-Undang Nomor 4 Tahun 2000 tentang Perubahan Uu 3-1999 Tentang Pemilihan Umum  Pasal II: Undang - Undang ini mulai berlaku pada t...
670,akn_id_act_uu_2000_5.json,2000,2000 - 2004,Domain Tambahan,Perhitungan Ketentuan,"Domain Tambahan, Domain Pajak, Domain Barat, Domain Negara","Perhitungan Ketentuan, Barat Lembaran, Negara Republik, Lampiran Pelabuhan, Uang Peraturan, Tambahan Ketentuan, Tingkat Kecamatan, Wilayah Agama, Pajak Pasal, Peraturan Berlaku, Pemerintah Government, Daerah Perkataan",16,No,"DOKUMEN HUKUM: Undang-Undang Nomor 5 Tahun 2000 tentang Perubahan Uu 45-1999 Tentang Pembentukan Propinsi Irian Jaya Tengah, Propinsi Irian Jaya Barat..."
671,akn_id_act_uu_2000_6.json,2000,2000 - 2004,Domain Tambahan,Perhitungan Ketentuan,"Domain Tambahan, Domain Pajak, Domain Barat, Domain Negara","Perhitungan Ketentuan, Barat Lembaran, Negara Republik, Tambahan Ketentuan, Tingkat Kecamatan, Wilayah Agama, Pajak Pasal, Peraturan Berlaku, Daerah Perkataan",13,No,"DOKUMEN HUKUM: Undang-Undang Nomor 6 Tahun 2000 tentang Perubahan Uu 46-1999 Tentang Pembentukan Propinsi Maluku Utara, Kabupaten Buru, dan Kabupaten ..."
672,akn_id_act_uu_2000_7.json,2000,2000 - 2004,Domain Tambahan,Perhitungan Ketentuan,"Domain Tambahan, Domain Pajak, Domain Hak, Domain Negara, Domain Barat","Perhitungan Ketentuan, Barat Lembaran, Negara Republik, Lampiran Pelabuhan, Pajak Pasal, Uang Peraturan, Tambahan Ketentuan, Tingkat Kecamatan, Wilayah Agama, Peraturan Berlaku, Pemerintah Government, Daerah Perkataan",17,No,"DOKUMEN HUKUM: Undang-Undang Nomor 7 Tahun 2000 tentang Perubahan Uu 47-1999 Tentang Pembentukan Kabupaten Nunukan, Kabupaten Malinau, Kabupaten Kutai..."
673,akn_id_act_uu_2000_8.json,2000,2000 - 2004,Domain Tambahan,Perhitungan Ketentuan,"Domain Tambahan, Domain Pajak, Domain Barat, Domain Negara","Perhitungan Ketentuan, Barat Lembaran, Negara Republik, Tambahan Ketentuan, Wilayah Agama, Pajak Pasal, Peraturan Berlaku, Daerah Perkataan",12,No,DOKUMEN HUKUM: Undang-Undang Nomor 8 Tahun 2000 tentang Perubahan Uu 48-1999 Tentang Pembentukan Kabupaten Bireuen dan Kabupaten Simeuleu  Pasal II: U...
674,akn_id_act_uu_2001_1.json,2001,2000 - 2004,Domain Tambahan,Barat Lembaran,"Domain Tambahan, Domain Pajak, Domain Hak, Domain Negara, Domain Barat","Barat Lembaran, Negara Republik, Lampiran Pelabuhan, Uang Peraturan, Pegawai Adalah, Tambahan Ketentuan, Wilayah Agama, Peraturan Berlaku, Pemerintah Government, Daerah Perkataan, Daerah Papua",16,No,DOKUMEN HUKUM: Undang-Undang Nomor 1 Tahun 2001 tentang Pengesahan Persetujuan Antara Pemerintah Ri dan Pemerintah Hongkong untuk Penyerahan Pelanggar...
675,akn_id_act_uu_2001_10.json,2001,2000 - 2004,Domain Barat,Barat Lembaran,Domain Barat,"Barat Lembaran, Desa Kota, Tingkat Kecamatan, Daerah Papua",5,No,DOKUMEN HUKUM: Undang-Undang Nomor 10 Tahun 2001 tentang Pembentukan Kota Tasikmalaya  Pasal 1: Dalam undang-undang ini yang dimaksudkan dengan: 1. Da...
676,akn_id_act_uu_2001_11.json,2001,2000 - 2004,Domain Tambahan,Barat Lembaran,"Domain Tambahan, Domain Hak, Domain Negara, Domain Barat","Barat Lembaran, Negara Republik, Pegawai Adalah, Desa Kota, Tingkat Kecamatan, Wilayah Agama, Peraturan Berlaku, Pemerintah Government, Daerah Papua, Daerah Perkataan, Hak Ciptaan",15,No,DOKUMEN HUKUM: Undang-Undang Nomor 11 Tahun 2001 tentang Pembentukan Kota Batu  Pasal 1: Dalam Undang - undang ini yang dimaksud dengan : 1. Daerah ad...
677,akn_id_act_uu_2001_12.json,2001,2000 - 2004,Domain Tambahan,Barat Lembaran,"Domain Tambahan, Domain Hak, Domain Negara, Domain Barat","Barat Lembaran, Negara Republik, Pegawai Adalah, Desa Kota, Tingkat Kecamatan, Wilayah Agama, Pemerintah Government, Daerah Papua, Daerah Perkataan, Hak Ciptaan",14,No,DOKUMEN HUKUM: Undang-Undang Nomor 12 Tahun 2001 tentang Pembentukan Kota Singkawang  Pasal 1: Dalam Undang - undang ini yang dimaksud dengan : 1. Dae...
678,akn_id_act_uu_2001_13.json,2001,2000 - 2004,Domain Barat,Barat Lembaran,Domain Barat,"Barat Lembaran, Desa Kota, Tingkat Kecamatan, Daerah Papua",5,No,DOKUMEN HUKUM: Undang-Undang Nomor 13 Tahun 2001 tentang Pembentukan Kota Bau-bau  Pasal 1: Dalam Undang - undang ini yang dimaksud dengan : 1. Daerah...
679,akn_id_act_uu_2001_14.json,2001,2000 - 2004,Domain Tambahan,Paling Adalah,"Domain Tambahan, Domain Pajak, Domain Hak, Domain Negara, Domain Barat","Paling Adalah, Negara Republik, Uang Peraturan, Pegawai Adalah, Desa Kota, Pengetahuan Ilmu, Pengadilan Surat, Peraturan Berlaku, Pemerintah Government, Daerah Papua, Daerah Perkataan, Hak Ciptaan",17,No,DOKUMEN HUKUM: Undang-Undang Nomor 14 Tahun 2001 tentang PATEN  Pasal 1: Dalam Undang-undang ini yang dimaksud dengan: 1. Paten adalah hak eksklusif y...
680,akn_id_act_uu_2001_15.json,2001,2000 - 2004,Domain Pajak,Uang Peraturan,"Domain Pajak, Domain Hak, Domain Negara, Domain Barat","Uang Peraturan, Pegawai Adalah, Adalah Dana, Pengadilan Surat, Paling Adalah, Daerah Perkataan, Hak Ciptaan",11,No,DOKUMEN HUKUM: Undang-Undang Nomor 15 Tahun 2001 tentang MEREK  Pasal 1: Dalam Undang - undang ini yang dimaksud dengan: 1. Merek adalah tanda yang be...
681,akn_id_act_uu_2001_16.json,2001,2000 - 2004,Domain Pajak,Paling Adalah,"Domain Pajak, Domain Hak, Domain Negara, Domain Barat","Paling Adalah, Uang Peraturan, Pegawai Adalah, Adalah Dana, Desa Kota, Pengetahuan Ilmu, Pengadilan Surat, Wilayah Agama, Peraturan Berlaku, Daerah Papua, Daerah Perkataan, Hak Ciptaan",16,No,DOKUMEN HUKUM: Undang-Undang Nomor 16 Tahun 2001 tentang Yayasan  Pasal 1: Dalam Undang - undang ini yang dimaksud dengan: 1. Yayasan adalah badan huk...
682,akn_id_act_uu_2001_17.json,2001,2000 - 2004,Domain Tambahan,Perhitungan Ketentuan,"Domain Tambahan, Domain Pajak, Domain Negara","Perhitungan Ketentuan, Lampiran Pelabuhan, Uang Peraturan, Adalah Dana, Tambahan Ketentuan, Laporan Huruf, Pajak Pasal, Peraturan Berlaku",11,No,DOKUMEN HUKUM: Undang-Undang Nomor 17 Tahun 2001 tentang Perhitungan Anggaran Negara Tahun Anggaran 1999/2000  Pasal 3: Sisa Anggaran Lebih Tahun Angg...
683,akn_id_act_uu_2001_18.json,2001,2000 - 2004,Domain Hak,Barat Lembaran,"Domain Hak, Domain Negara, Domain Barat","Barat Lembaran, Pegawai Adalah, Desa Kota, Pengadilan Surat, Tingkat Kecamatan, Wilayah Agama, Daerah Papua",10,No,DOKUMEN HUKUM: Undang-Undang Nomor 18 Tahun 2001 tentang Otonomi Khusus Bagi Provinsi Daerah Istimewa Aceh Sebagai Provinsi Nanggroe Aceh Darussalam  ...
684,akn_id_act_uu_2001_19.json,2001,2000 - 2004,Domain Tambahan,Uang Peraturan,"Domain Tambahan, Domain Pajak, Domain Hak, Domain Negara, Domain Barat","Uang Peraturan, Adalah Dana, Tambahan Ketentuan, Laporan Huruf",9,No,"DOKUMEN HUKUM: Undang-Undang Nomor 19 Tahun 2001 tentang Anggaran Pendapatan dan Belanja Negara Tahun 2002  Pasal 1: Dalam Undang-undang ini, yang dim..."
685,akn_id_act_uu_2001_2.json,2001,2000 - 2004,Domain Hak,Barat Lembaran,"Domain Hak, Domain Negara, Domain Barat","Barat Lembaran, Negara Republik, Pegawai Adalah, Desa Kota, Pengadilan Surat, Tingkat Kecamatan, Pemerintah Government, Daerah Papua, Daerah Perkataan, Hak Ciptaan",13,No,DOKUMEN HUKUM: Undang-Undang Nomor 2 Tahun 2001 tentang Pembentukan Kota Lhokseumawe  Pasal 1: Dalam Undang - undang ini yang dimaksud dengan : 1. Dae...
686,akn_id_act_uu_2001_20.json,2001,2000 - 2004,Domain Hak,Paling Adalah,"Domain Hak, Domain Negara, Domain Barat","Paling Adalah, Uang Peraturan, Pegawai Adalah, Adalah Dana, Pengadilan Surat, Laporan Huruf, Daerah Papua, Daerah Perkataan, Hak Ciptaan",12,No,DOKUMEN HUKUM: Undang-Undang Nomor 20 Tahun 2001 tentang Perubahan Uu 31-1999 Tentang Pemberantasan Tindak Pidana Korupsi  Pasal 8: Dipidana dengan pi...
687,akn_id_act_uu_2001_21.json,2001,2000 - 2004,Domain Hak,Desa Kota,"Domain Hak, Domain Barat","Desa Kota, Tingkat Kecamatan, Daerah Papua",5,No,DOKUMEN HUKUM: Undang-Undang Nomor 21 Tahun 2001 tentang Otonomi Khusus Bagi Provinsi Papua  Pasal 1: Dalam Undang - undang ini yang dimaksud dengan: ...
688,akn_id_act_uu_2001_22.json,2001,2000 - 2004,Domain Pajak,Paling Adalah,"Domain Pajak, Domain Hak, Domain Barat, Domain Negara","Paling Adalah, Pegawai Adalah, Uang Peraturan, Adalah Dana, Desa Kota, Pengetahuan Ilmu, Pengadilan Surat, Pajak Pasal, Peraturan Berlaku, Daerah Papua, Daerah Perkataan, Hak Ciptaan",16,No,DOKUMEN HUKUM: Undang-Undang Nomor 22 Tahun 2001 tentang MINYAK DAN GAS BUMI  Pasal 1: Dalam Undang - undang ini yang dimaksud dengan: 1. Minyak Bumi ...
689,akn_id_act_uu_2001_3.json,2001,2000 - 2004,Domain Hak,Barat Lembaran,"Domain Hak, Domain Negara, Domain Barat","Barat Lembaran, Pegawai Adalah, Desa Kota, Tingkat Kecamatan, Daerah Perkataan, Daerah Papua",9,No,DOKUMEN HUKUM: Undang-Undang Nomor 3 Tahun 2001 tentang Pembentukan Kota Langsa  Pasal 1: Dalam Undang - undang ini yang dimaksud dengan : 1. Daerah a...
690,akn_id_act_uu_2001_4.json,2001,2000 - 2004,Domain Hak,Barat Lembaran,"Domain Hak, Domain Negara, Domain Barat","Barat Lembaran, Negara Republik, Pegawai Adalah, Desa Kota, Pengadilan Surat, Tingkat Kecamatan, Wilayah Agama, Pemerintah Government, Daerah Papua, Daerah Perkataan, Hak Ciptaan",14,No,DOKUMEN HUKUM: Undang-Undang Nomor 4 Tahun 2001 tentang Pembentukan Kota Padang Sidempuan  Pasal 1: Dalam undang - undang ini yang dimaksudkan dengan:...
691,akn_id_act_uu_2001_5.json,2001,2000 - 2004,Domain Tambahan,Barat Lembaran,"Domain Tambahan, Domain Hak, Domain Negara, Domain Barat","Barat Lembaran, Negara Republik, Uang Peraturan, Pegawai Adalah, Desa Kota, Pengadilan Surat, Tingkat Kecamatan, Wilayah Agama, Pemerintah Government, Daerah Papua, Daerah Perkataan, Hak Ciptaan",16,No,DOKUMEN HUKUM: Undang-Undang Nomor 5 Tahun 2001 tentang Pembentukan Kota Tanjung Pinang  Pasal 1: Dalam Undang - undang ini yang dimaksud dengan : 1. ...
692,akn_id_act_uu_2001_6.json,2001,2000 - 2004,Domain Tambahan,Barat Lembaran,"Domain Tambahan, Domain Hak, Domain Negara, Domain Barat","Barat Lembaran, Negara Republik, Pegawai Adalah, Desa Kota, Pengadilan Surat, Tingkat Kecamatan, Wilayah Agama, Pemerintah Government, Daerah Papua, Daerah Perkataan, Hak Ciptaan",15,No,DOKUMEN HUKUM: Undang-Undang Nomor 6 Tahun 2001 tentang Pembentukan Kota Prabumulih  Pasal 1: Dalam Undang - undang ini yang dimaksud dengan : 1. Daer...
693,akn_id_act_uu_2001_7.json,2001,2000 - 2004,Domain Tambahan,Barat Lembaran,"Domain Tambahan, Domain Hak, Domain Negara, Domain Barat","Barat Lembaran, Negara Republik, Lampiran Pelabuhan, Uang Peraturan, Pegawai Adalah, Desa Kota, Tingkat Kecamatan, Wilayah Agama, Pemerintah Government, Daerah Perkataan, Daerah Papua",15,No,DOKUMEN HUKUM: Undang-Undang Nomor 7 Tahun 2001 tentang Pembentukan Kota Lubuk Linggau  Pasal 1: Dalam Undang - undang ini yang dimaksud dengan : 1. D...
694,akn_id_act_uu_2001_8.json,2001,2000 - 2004,Domain Hak,Barat Lembaran,"Domain Hak, Domain Negara, Domain Barat","Barat Lembaran, Negara Republik, Pegawai Adalah, Desa Kota, Tingkat Kecamatan, Wilayah Agama, Daerah Papua, Daerah Perkataan, Hak Ciptaan",12,No,DOKUMEN HUKUM: Undang-Undang Nomor 8 Tahun 2001 tentang Pembentukan Kota Pagar Alam  Pasal 1: Dalam Undang - undang ini yang dimaksud dengan : 1. Daer...
695,akn_id_act_uu_2001_9.json,2001,2000 - 2004,Domain Hak,Barat Lembaran,"Domain Hak, Domain Barat","Barat Lembaran, Desa Kota, Tingkat Kecamatan, Daerah Papua",6,No,DOKUMEN HUKUM: Undang-Undang Nomor 9 Tahun 2001 tentang Pembentukan Kota Cimahi  Pasal 1: Dalam undang-undang ini yang dimaksudkan dengan: 1. Daerah a...
696,akn_id_act_uu_2002_1.json,2002,2000 - 2004,Domain Tambahan,Perhitungan Ketentuan,"Domain Tambahan, Domain Pajak, Domain Negara","Perhitungan Ketentuan, Lampiran Pelabuhan, Uang Peraturan, Tambahan Ketentuan, Laporan Huruf, Pajak Pasal, Peraturan Berlaku, Daerah Perkataan",11,No,DOKUMEN HUKUM: Undang-Undang Nomor 1 Tahun 2002 tentang Perubahan Uu 35-2000 Tentang Anggaran Pendapatan dan Belanja Negara Tahun Anggaran 2001  Pasal...
697,akn_id_act_uu_2002_10.json,2002,2000 - 2004,Domain Tambahan,Barat Lembaran,"Domain Tambahan, Domain Hak, Domain Negara, Domain Barat","Barat Lembaran, Negara Republik, Lampiran Pelabuhan, Uang Peraturan, Pegawai Adalah, Desa Kota, Pengadilan Surat, Tingkat Kecamatan, Wilayah Agama, Pemerintah Government, Daerah Papua, Daerah Perkataan, Hak Ciptaan",17,No,DOKUMEN HUKUM: Undang-Undang Nomor 10 Tahun 2002 tentang Pembentukan Kabupaten Parigi Moutong di Provinsi Sulawesi Tengah  Pasal 1: Dalam Undang - und...
698,akn_id_act_uu_2002_11.json,2002,2000 - 2004,Domain Hak,Barat Lembaran,"Domain Hak, Domain Negara, Domain Barat","Barat Lembaran, Pegawai Adalah, Desa Kota, Pengadilan Surat, Tingkat Kecamatan, Daerah Perkataan, Daerah Papua",10,No,DOKUMEN HUKUM: Undang-Undang Nomor 11 Tahun 2002 tentang Pembentukan Kabupaten Mamasa dan Kota Palopo di Provinsi Sulawesi Selatan  Pasal 1: Dalam Und...
699,akn_id_act_uu_2002_12.json,2002,2000 - 2004,Domain Hak,Barat Lembaran,"Domain Hak, Domain Negara, Domain Barat","Barat Lembaran, Negara Republik, Pegawai Adalah, Desa Kota, Tingkat Kecamatan, Daerah Papua",9,No,DOKUMEN HUKUM: Undang-Undang Nomor 12 Tahun 2002 tentang Pembentukan Kota Pariaman di Provinsi Sumatera Barat  Pasal 1: Dalam Undang - undang ini yang...
700,akn_id_act_uu_2002_13.json,2002,2000 - 2004,Domain Hak,Barat Lembaran,"Domain Hak, Domain Negara, Domain Barat","Barat Lembaran, Desa Kota, Tingkat Kecamatan, Daerah Papua",7,No,DOKUMEN HUKUM: Undang-Undang Nomor 13 Tahun 2002 tentang Pembentukan Kota Bima di Provinsi Nusa Tenggara Barat  Pasal 1: Dalam undang - undang ini yan...
701,akn_id_act_uu_2002_15.json,2002,2000 - 2004,Domain Tambahan,Paling Adalah,"Domain Tambahan, Domain Hak, Domain Negara, Domain Barat","Paling Adalah, Negara Republik, Uang Peraturan, Pegawai Adalah, Adalah Dana, Tambahan Ketentuan, Pengadilan Surat, Laporan Huruf, Daerah Papua, Daerah Perkataan, Hak Ciptaan",15,No,DOKUMEN HUKUM: Undang-Undang Nomor 15 Tahun 2002 tentang Tindak Pidana Pencucian Uang  Pasal 1: Dalam Undang - undang ini yang dimaksud dengan: 1. Set...
702,akn_id_act_uu_2002_16.json,2002,2000 - 2004,Domain Pajak,Negara Republik,"Domain Pajak, Domain Hak, Domain Negara, Domain Barat","Negara Republik, Wilayah Agama, Peraturan Berlaku, Pemerintah Government, Daerah Perkataan",9,No,DOKUMEN HUKUM: Undang-Undang Nomor 16 Tahun 2002 tentang Pengesahan Treaty On Principles Concerning The Activities of States In The Exploration and Us...
703,akn_id_act_uu_2002_17.json,2002,2000 - 2004,Domain Tambahan,Perhitungan Ketentuan,"Domain Tambahan, Domain Pajak, Domain Negara","Perhitungan Ketentuan, Uang Peraturan, Adalah Dana, Tambahan Ketentuan, Laporan Huruf, Pajak Pasal",9,No,DOKUMEN HUKUM: Undang-Undang Nomor 17 Tahun 2002 tentang Perhitungan Anggaran Negara Tahun Anggaran 2000  Pasal 6: Sisa Lebih Pembiayaan Anggaran Tahu...
704,akn_id_act_uu_2002_18.json,2002,2000 - 2004,Belum Diklasifikasi,Pengetahuan Ilmu,,Pengetahuan Ilmu,1,Yes,"DOKUMEN HUKUM: Undang-Undang Nomor 18 Tahun 2002 tentang Sistem Nasional Penelitian, Pengembangan, dan Penerapan Ilmu Pengetahuan dan Teknologi  Pasal..."
705,akn_id_act_uu_2002_19.json,2002,2000 - 2004,Domain Hak,Paling Adalah,"Domain Hak, Domain Negara, Domain Barat","Paling Adalah, Pegawai Adalah, Desa Kota, Pengadilan Surat, Peraturan Berlaku, Daerah Papua, Daerah Perkataan, Hak Ciptaan",11,No,DOKUMEN HUKUM: Undang-Undang Nomor 19 Tahun 2002 tentang HAK CIPTA  Pasal 1: Dalam Undang - undang ini yang dimaksud dengan: Hak Cipta adalah hak eksk...
706,akn_id_act_uu_2002_2.json,2002,2000 - 2004,Domain Hak,Negara Republik,"Domain Hak, Domain Negara, Domain Barat","Negara Republik, Pegawai Adalah, Desa Kota, Pengetahuan Ilmu, Pengadilan Surat, Tingkat Kecamatan, Pemerintah Government, Daerah Papua, Hak Ciptaan",12,No,DOKUMEN HUKUM: Undang-Undang Nomor 2 Tahun 2002 tentang KEPOLISIAN NEGARA RI  Pasal 1: Dalam Undang - Undang ini yang dimaksud dengan: 1. Kepolisian a...
707,akn_id_act_uu_2002_20.json,2002,2000 - 2004,Domain Pajak,Paling Adalah,"Domain Pajak, Domain Hak, Domain Barat, Domain Negara","Paling Adalah, Pegawai Adalah, Uang Peraturan, Adalah Dana, Desa Kota, Pengetahuan Ilmu, Pengadilan Surat, Pajak Pasal, Daerah Papua, Daerah Perkataan, Hak Ciptaan",15,No,DOKUMEN HUKUM: Undang-Undang Nomor 20 Tahun 2002 tentang KETENAGALISTRIKAN  Pasal 1: Dalam Undang - undang ini yang dimaksud dengan: 1. Ketenagalistri...
708,akn_id_act_uu_2002_21.json,2002,2000 - 2004,Domain Tambahan,Perhitungan Ketentuan,"Domain Tambahan, Domain Pajak, Domain Hak, Domain Negara","Perhitungan Ketentuan, Lampiran Pelabuhan, Uang Peraturan, Adalah Dana, Tambahan Ketentuan, Laporan Huruf, Pajak Pasal, Peraturan Berlaku, Daerah Perkataan",13,No,DOKUMEN HUKUM: Undang-Undang Nomor 21 Tahun 2002 tentang Perubahan Uu 19-2001 Tentang Anggaran Pendapatan dan Belanja Negara Tahun Anggaran 2002  Pasa...
709,akn_id_act_uu_2002_22.json,2002,2000 - 2004,Domain Barat,Negara Republik,"Domain Barat, Domain Tambahan, Domain Pajak, Domain Hak, Domain Negara","Negara Republik, Pegawai Adalah, Pengadilan Surat, Paling Adalah, Barat Lembaran, Tambahan Ketentuan, Peraturan Berlaku, Pemerintah Government, Daerah Papua, Lampiran Pelabuhan, Wilayah Agama, Daerah Perkataan, Perhitungan Ketentuan, Uang Peraturan, Pajak Pasal",20,No,"DOKUMEN HUKUM: Undang-Undang Nomor 22 Tahun 2002 tentang Grasi  Pasal 1: Dalam Undang - Undang ini, yang dimaksud dengan : 1. Grasi adalah pengampunan..."
710,akn_id_act_uu_2002_24.json,2002,2000 - 2004,Domain Tambahan,Negara Republik,"Domain Tambahan, Domain Hak, Domain Negara, Domain Barat","Negara Republik, Lampiran Pelabuhan, Uang Peraturan, Pegawai Adalah, Adalah Dana, Tambahan Ketentuan, Pemerintah Government, Daerah Papua",12,No,DOKUMEN HUKUM: Undang-Undang Nomor 24 Tahun 2002 tentang Surat Utang Negara  Pasal 1: Dalam Undang - undang ini yang dimaksud dengan : 1. Surat Utang ...
711,akn_id_act_uu_2002_25.json,2002,2000 - 2004,Domain Tambahan,Barat Lembaran,"Domain Tambahan, Domain Hak, Domain Negara, Domain Barat","Barat Lembaran, Negara Republik, Uang Peraturan, Pegawai Adalah, Desa Kota, Tingkat Kecamatan, Wilayah Agama, Daerah Perkataan, Daerah Papua",13,No,DOKUMEN HUKUM: Undang-Undang Nomor 25 Tahun 2002 tentang Pembentukan Provinsi Kepulauan Riau  Pasal 1: Dalam undang-undang ini yang dimaksud dengan : ...
712,akn_id_act_uu_2002_26.json,2002,2000 - 2004,Domain Barat,Barat Lembaran,Domain Barat,"Barat Lembaran, Desa Kota, Tingkat Kecamatan, Daerah Papua",5,No,"DOKUMEN HUKUM: Undang-Undang Nomor 26 Tahun 2002 tentang Pembentukan Kabupaten Sarmi, Kabupaten Keerom, Kabupaten Sorong Selatan, Kabupaten Raja Ampat..."
713,akn_id_act_uu_2002_28.json,2002,2000 - 2004,Domain Hak,Pengetahuan Ilmu,Domain Hak,Pengetahuan Ilmu,2,No,DOKUMEN HUKUM: Undang-Undang Nomor 28 Tahun 2002 tentang Bangunan Gedung  Pasal 1: Dalam undang - undang ini yang dimaksud dengan : 1. Bangunan gedung...
714,akn_id_act_uu_2002_29.json,2002,2000 - 2004,Domain Hak,Uang Peraturan,"Domain Hak, Domain Negara, Domain Barat","Uang Peraturan, Adalah Dana, Laporan Huruf",6,No,"DOKUMEN HUKUM: Undang-Undang Nomor 29 Tahun 2002 tentang Anggaran Pendapatan Belanja Negara Tahun 2003  Pasal 1: Dalam Undang-undang ini, yang dimaksu..."
715,akn_id_act_uu_2002_3.json,2002,2000 - 2004,Domain Hak,Pegawai Adalah,"Domain Hak, Domain Negara, Domain Barat","Pegawai Adalah, Hak Ciptaan, Desa Kota, Pengetahuan Ilmu, Pemerintah Government, Daerah Papua",9,No,DOKUMEN HUKUM: Undang-Undang Nomor 3 Tahun 2002 tentang PERTAHANAN NEGARA  Pasal 1: Dalam Undang - Undang ini yang dimaksud dengan: 1. Pertahanan nega...
716,akn_id_act_uu_2002_30.json,2002,2000 - 2004,Domain Tambahan,Paling Adalah,"Domain Tambahan, Domain Pajak, Domain Hak, Domain Negara, Domain Barat","Paling Adalah, Uang Peraturan, Pegawai Adalah, Desa Kota, Pengadilan Surat, Daerah Papua, Daerah Perkataan, Hak Ciptaan",13,No,DOKUMEN HUKUM: Undang-Undang Nomor 30 Tahun 2002 tentang Komisi Pemberantasan Tindak Pidana Korupsi  Pasal 1: Dalam Undang - Undang ini yang dimaksud ...
717,akn_id_act_uu_2002_31.json,2002,2000 - 2004,Domain Tambahan,Perhitungan Ketentuan,"Domain Tambahan, Domain Pajak, Domain Hak, Domain Negara, Domain Barat","Perhitungan Ketentuan, Tambahan Ketentuan, Desa Kota, Pengadilan Surat, Daerah Perkataan, Daerah Papua",11,No,DOKUMEN HUKUM: Undang-Undang Nomor 31 Tahun 2002 tentang PARTAI POLITIK  Pasal 1: Dalam undang - undang ini yang dimaksud dengan: Partai Politik adala...
718,akn_id_act_uu_2002_4.json,2002,2000 - 2004,Domain Hak,Barat Lembaran,"Domain Hak, Domain Barat","Barat Lembaran, Desa Kota, Tingkat Kecamatan, Daerah Papua",6,No,"DOKUMEN HUKUM: Undang-Undang Nomor 4 Tahun 2002 tentang Pembentukan Kabupaten Aceh Barat Daya, Kabupaten Gayo Lues, Kabupaten Aceh Jaya, Kabupaten Nan..."
719,akn_id_act_uu_2002_5.json,2002,2000 - 2004,Domain Hak,Barat Lembaran,"Domain Hak, Domain Negara, Domain Barat","Barat Lembaran, Desa Kota, Tingkat Kecamatan, Wilayah Agama, Daerah Perkataan, Daerah Papua",9,No,"DOKUMEN HUKUM: Undang-Undang Nomor 5 Tahun 2002 tentang Pembentukan Kabupaten Katingan, Kabupaten Seruyan, Kabupaten Sukamara, Kabupaten Lamandau, Kab..."
720,akn_id_act_uu_2002_6.json,2002,2000 - 2004,Domain Hak,Barat Lembaran,"Domain Hak, Domain Negara, Domain Barat","Barat Lembaran, Paling Adalah, Pegawai Adalah, Desa Kota, Pengadilan Surat, Tingkat Kecamatan, Wilayah Agama, Daerah Papua, Daerah Perkataan, Hak Ciptaan",13,No,DOKUMEN HUKUM: Undang-Undang Nomor 6 Tahun 2002 tentang Pembentukan Kabupaten Banyuasin Di Provinsi Sumatera Selatan  Pasal 1: Dalam UNDANG-UNDANG ini...
721,akn_id_act_uu_2002_7.json,2002,2000 - 2004,Domain Tambahan,Barat Lembaran,"Domain Tambahan, Domain Hak, Domain Negara, Domain Barat","Barat Lembaran, Negara Republik, Uang Peraturan, Pegawai Adalah, Desa Kota, Pengadilan Surat, Tingkat Kecamatan, Pemerintah Government, Daerah Perkataan, Daerah Papua",14,No,DOKUMEN HUKUM: Undang-Undang Nomor 7 Tahun 2002 tentang Pembentukan Kabupaten Penajam Paser Utara di Provinsi Kalimantan Timur  Pasal 1: Dalam Undang ...
722,akn_id_act_uu_2002_8.json,2002,2000 - 2004,Domain Hak,Barat Lembaran,"Domain Hak, Domain Negara, Domain Barat","Barat Lembaran, Pegawai Adalah, Desa Kota, Tingkat Kecamatan, Daerah Papua",8,No,DOKUMEN HUKUM: Undang-Undang Nomor 8 Tahun 2002 tentang Pembentukan Kabupaten Kepulauan Talaud di Provinsi Sulawesi Utara  Pasal 1: Dalam Undang - und...
723,akn_id_act_uu_2002_9.json,2002,2000 - 2004,Domain Hak,Barat Lembaran,"Domain Hak, Domain Negara, Domain Barat","Barat Lembaran, Pegawai Adalah, Desa Kota, Pengadilan Surat, Tingkat Kecamatan, Daerah Perkataan, Daerah Papua",10,No,DOKUMEN HUKUM: Undang-Undang Nomor 9 Tahun 2002 tentang Pembentukan Kabupaten Rote-ndao di Provinsi Nusa Tenggara Timur  Pasal 1: Dalam Undang - undan...
724,akn_id_act_uu_2003_22.json,2003,2000 - 2004,Domain Barat,Negara Republik,"Domain Barat, Domain Tambahan, Domain Pajak, Domain Hak, Domain Negara","Negara Republik, Pegawai Adalah, Pengadilan Surat, Paling Adalah, Barat Lembaran, Tambahan Ketentuan, Tingkat Kecamatan, Peraturan Berlaku, Pemerintah Government, Daerah Papua, Hak Ciptaan, Lampiran Pelabuhan, Desa Kota, Wilayah Agama, Daerah Perkataan, Uang Peraturan, Pajak Pasal",22,No,"DOKUMEN HUKUM: Undang-Undang Nomor 22 Tahun 2003 tentang SUSUNAN DAN KEDUDUKAN MAJELIS PERMUSYAWARATAN RAKYAT, DEWAN PERWAKILAN RAKYAT, DEWAN PERWAKIL..."
725,akn_id_act_uu_2012_10.json,2012,2010 - 2014,Domain Pajak,Negara Republik,"Domain Pajak, Domain Hak","Negara Republik, Peraturan Berlaku, Hak Ciptaan",5,No,DOKUMEN HUKUM: Undang-Undang Nomor 10 Tahun 2012 tentang Pengesahan Optional Protocol to The Convention on The Rights of The Child on The Sale of Chil...
726,akn_id_act_uu_2012_11.json,2012,2010 - 2014,Domain Hak,Pengadilan Surat,Domain Hak,"Pengadilan Surat, Paling Adalah",3,No,DOKUMEN HUKUM: Undang-Undang Nomor 11 Tahun 2012 tentang SISTEM PERADILAN PIDANA ANAK  Pasal 1: Dalam Undang-Undang ini yang dimaksud dengan: 1. Siste...
727,akn_id_act_uu_2012_12.json,2012,2010 - 2014,Belum Diklasifikasi,Pengetahuan Ilmu,,Pengetahuan Ilmu,1,Yes,DOKUMEN HUKUM: Undang-Undang Nomor 12 Tahun 2012 tentang Pendidikan Tinggi  Pasal 1: Dalam Undang-Undang ini yang dimaksud dengan: 1. Pendidikan adala...
728,akn_id_act_uu_2012_13.json,2012,2010 - 2014,Domain Hak,Barat Lembaran,"Domain Hak, Domain Negara, Domain Barat","Barat Lembaran, Negara Republik, Uang Peraturan, Pegawai Adalah, Desa Kota, Pengetahuan Ilmu, Pengadilan Surat, Tingkat Kecamatan, Wilayah Agama, Pemerintah Government, Daerah Papua, Daerah Perkataan, Hak Ciptaan",16,No,DOKUMEN HUKUM: Undang-Undang Nomor 13 Tahun 2012 tentang Keistimewaan Daerah Istimewa Yogyakarta  Pasal 1: Dalam Undang - Undang ini yang dimaksud den...
729,akn_id_act_uu_2012_14.json,2012,2010 - 2014,Domain Tambahan,Perhitungan Ketentuan,"Domain Tambahan, Domain Pajak, Domain Hak, Domain Negara","Perhitungan Ketentuan, Uang Peraturan, Adalah Dana, Tambahan Ketentuan, Laporan Huruf, Paling Adalah, Daerah Perkataan",11,No,DOKUMEN HUKUM: Undang-Undang Nomor 14 Tahun 2012 tentang Pertanggungjawaban Atas Pelaksanaan Anggaran Pendapatan dan Belanja Negara Tahun Anggaran 201...
730,akn_id_act_uu_2012_15.json,2012,2010 - 2014,Belum Diklasifikasi,Pegawai Adalah,,"Pegawai Adalah, Daerah Papua",2,Yes,DOKUMEN HUKUM: Undang-Undang Nomor 15 Tahun 2012 tentang VETERAN REPUBLIK INDONESIA  Pasal 1: Dalam Undang-Undang ini yang dimaksud dengan: 1. Veteran...
731,akn_id_act_uu_2012_16.json,2012,2010 - 2014,Domain Hak,Desa Kota,"Domain Hak, Domain Barat","Desa Kota, Pengetahuan Ilmu, Pengadilan Surat, Daerah Papua, Daerah Perkataan, Hak Ciptaan",8,No,DOKUMEN HUKUM: Undang-Undang Nomor 16 Tahun 2012 tentang Industri Pertahanan  Pasal 1: Dalam Undang-Undang ini yang dimaksud dengan: 1. Industri Perta...
732,akn_id_act_uu_2012_2.json,2012,2010 - 2014,Domain Hak,Adalah Dana,"Domain Hak, Domain Negara, Domain Barat","Adalah Dana, Desa Kota, Pengetahuan Ilmu, Pengadilan Surat, Daerah Papua, Daerah Perkataan, Hak Ciptaan",10,No,DOKUMEN HUKUM: Undang-Undang Nomor 2 Tahun 2012 tentang Pengadaan Tanah Bagi Pembangunan untuk Kepentingan Umum  Pasal 1: Dalam Undang - Undang ini ya...
733,akn_id_act_uu_2012_22.json,2012,2010 - 2014,Domain Negara,Barat Lembaran,"Domain Negara, Domain Barat","Barat Lembaran, Tingkat Kecamatan, Wilayah Agama",5,No,DOKUMEN HUKUM: Undang-Undang Nomor 22 Tahun 2012 tentang Pembentukan Kabupaten Pesisir Barat di Provinsi Lampung  Pasal 1: Dalam U ndang - U ndang ini...
734,akn_id_act_uu_2012_23.json,2012,2010 - 2014,Domain Barat,Tingkat Kecamatan,Domain Barat,"Tingkat Kecamatan, Barat Lembaran, Daerah Papua",4,No,DOKUMEN HUKUM: Undang-Undang Nomor 23 Tahun 2012 tentang Pembentukan Kabupaten Manokwari Selatan di Provinsi Papua Barat  Pasal 1: Dalam Undang-Undang...
735,akn_id_act_uu_2012_24.json,2012,2010 - 2014,Domain Barat,Tingkat Kecamatan,Domain Barat,"Tingkat Kecamatan, Barat Lembaran, Daerah Papua",4,No,DOKUMEN HUKUM: Undang-Undang Nomor 24 Tahun 2012 tentang Pembentukan Kabupaten Pegunungan Arfak di Provinsi Papua Barat  Pasal 1: Dalam Undang-Undang ...
736,akn_id_act_uu_2012_3.json,2012,2010 - 2014,Domain Tambahan,Negara Republik,"Domain Tambahan, Domain Pajak, Domain Hak, Domain Negara, Domain Barat","Negara Republik, Pegawai Adalah, Pengadilan Surat, Barat Lembaran, Tambahan Ketentuan, Tingkat Kecamatan, Peraturan Berlaku, Pemerintah Government, Daerah Papua, Hak Ciptaan, Lampiran Pelabuhan, Desa Kota, Wilayah Agama, Daerah Perkataan, Uang Peraturan",20,No,DOKUMEN HUKUM: Undang-Undang Nomor 3 Tahun 2012 tentang Pengesahan Persetujuan antara Pemerintah Republik Indonesia dan Pemerintah Daerah Administrasi...
737,akn_id_act_uu_2012_4.json,2012,2010 - 2014,Domain Hak,Adalah Dana,"Domain Hak, Domain Negara","Adalah Dana, Uang Peraturan, Laporan Huruf",5,No,DOKUMEN HUKUM: Undang-Undang Nomor 4 Tahun 2012 tentang Perubahan Atas Undang-undang Nomor 22 Tahun 2011 Tentang Anggaran Pendapatan dan Belanja Negar...
738,akn_id_act_uu_2012_5.json,2012,2010 - 2014,Domain Tambahan,Perhitungan Ketentuan,"Domain Tambahan, Domain Pajak, Domain Negara","Perhitungan Ketentuan, Negara Republik, Peraturan Berlaku, Pemerintah Government, Daerah Perkataan",8,No,DOKUMEN HUKUM: Undang-Undang Nomor 5 Tahun 2012 tentang Pengesahan ASEAN Convention on Counter Terrorism (Konvensi ASEAN Mengenai Pemberantahasan Tero...
739,akn_id_act_uu_2012_6.json,2012,2010 - 2014,Domain Pajak,Negara Republik,"Domain Pajak, Domain Negara","Negara Republik, Peraturan Berlaku",4,No,DOKUMEN HUKUM: Undang-Undang Nomor 6 Tahun 2012 tentang Pengesahan International Convention on The Protection of The Rights of All Migrant Workers and...
740,akn_id_act_uu_2012_7.json,2012,2010 - 2014,Belum Diklasifikasi,Desa Kota,,Desa Kota,1,Yes,DOKUMEN HUKUM: Undang-Undang Nomor 7 Tahun 2012 tentang Penanganan Konflik Sosial  Pasal 1: Dalam Undang-Undang ini yang dimaksud dengan: 1. Konflik S...
741,akn_id_act_uu_2012_8.json,2012,2010 - 2014,Domain Tambahan,Barat Lembaran,"Domain Tambahan, Domain Hak, Domain Negara, Domain Barat","Barat Lembaran, Paling Adalah, Negara Republik, Lampiran Pelabuhan, Uang Peraturan, Pegawai Adalah, Adalah Dana, Tambahan Ketentuan, Desa Kota, Pengadilan Surat, Tingkat Kecamatan, Daerah Papua, Daerah Perkataan, Hak Ciptaan",18,No,"DOKUMEN HUKUM: Undang-Undang Nomor 8 Tahun 2012 tentang PEMILIHAN UMUM ANGGOTA DEWAN PERWAKILAN RAKYAT, DEWAN PERWAKILAN DAERAH, DAN DEWAN PERWAKILAN ..."
742,akn_id_act_uu_2013_1.json,2013,2010 - 2014,Domain Hak,Uang Peraturan,"Domain Hak, Domain Negara, Domain Barat","Uang Peraturan, Adalah Dana, Desa Kota, Pengadilan Surat, Paling Adalah, Daerah Perkataan, Hak Ciptaan",10,No,DOKUMEN HUKUM: Undang-Undang Nomor 1 Tahun 2013 tentang Lembaga Keuangan Mikro  Pasal 1: Dalam Undang-Undang ini yang dimaksud dengan: 1. Lembaga Keua...
743,akn_id_act_uu_2013_10.json,2013,2010 - 2014,Domain Tambahan,Negara Republik,"Domain Tambahan, Domain Pajak, Domain Hak, Domain Negara","Negara Republik, Peraturan Berlaku, Pemerintah Government, Daerah Perkataan, Hak Ciptaan",9,No,DOKUMEN HUKUM: Undang-Undang Nomor 10 Tahun 2013 tentang Pengesahan Rotterdam Convention on The Prior Informed Consent Procedure for Certain Hazardous...
744,akn_id_act_uu_2013_11.json,2013,2010 - 2014,Belum Diklasifikasi,Hak Ciptaan,,Hak Ciptaan,1,Yes,DOKUMEN HUKUM: Undang-Undang Nomor 11 Tahun 2013 tentang Pengesahan Nagoya Protocol on Access to Genetic Resources and The Fair and Equitable Sharing ...
745,akn_id_act_uu_2013_12.json,2013,2010 - 2014,Domain Barat,Negara Republik,"Domain Barat, Domain Tambahan, Domain Pajak, Domain Hak, Domain Negara","Negara Republik, Pegawai Adalah, Pengadilan Surat, Barat Lembaran, Adalah Dana, Tambahan Ketentuan, Tingkat Kecamatan, Peraturan Berlaku, Pemerintah Government, Daerah Papua, Hak Ciptaan, Lampiran Pelabuhan, Desa Kota, Wilayah Agama, Daerah Perkataan, Uang Peraturan, Pajak Pasal",22,No,DOKUMEN HUKUM: Undang-Undang Nomor 12 Tahun 2013 tentang Pembentukan Kabupaten Morowali Utara di Provinsi Sulawesi Tengah  Pasal 1: Dalam U ndang - U ...
746,akn_id_act_uu_2013_13.json,2013,2010 - 2014,Domain Tambahan,Barat Lembaran,"Domain Tambahan, Domain Hak, Domain Negara, Domain Barat","Barat Lembaran, Negara Republik, Lampiran Pelabuhan, Uang Peraturan, Pegawai Adalah, Desa Kota, Tingkat Kecamatan, Daerah Papua",12,No,DOKUMEN HUKUM: Undang-Undang Nomor 13 Tahun 2013 tentang Pembentukan Kabupaten Konawe Kepulauan di Provinsi Sulawesi Tenggara  Pasal 1: Dalam Undang-U...
747,akn_id_act_uu_2013_14.json,2013,2010 - 2014,Domain Barat,Barat Lembaran,Domain Barat,"Barat Lembaran, Desa Kota, Tingkat Kecamatan, Daerah Papua",5,No,DOKUMEN HUKUM: Undang-Undang Nomor 14 Tahun 2013 tentang Perubahan atas Undang-Undang Nomor 56 Tahun 2008 Tentang Pembentukan Kabupaten Tambrauw di Pr...
748,akn_id_act_uu_2013_15.json,2013,2010 - 2014,Domain Tambahan,Perhitungan Ketentuan,"Domain Tambahan, Domain Pajak, Domain Hak, Domain Negara","Perhitungan Ketentuan, Negara Republik, Lampiran Pelabuhan, Uang Peraturan, Tambahan Ketentuan, Laporan Huruf, Pajak Pasal, Peraturan Berlaku, Pemerintah Government, Daerah Perkataan",14,No,DOKUMEN HUKUM: Undang-Undang Nomor 15 Tahun 2013 tentang Perubahan atas Undang-Undang Nomor 19 Tahun 2012 tentang Anggaran dan Pendapatan Belanja Nega...
749,akn_id_act_uu_2013_16.json,2013,2010 - 2014,Domain Barat,Negara Republik,"Domain Barat, Domain Tambahan, Domain Pajak, Domain Hak, Domain Negara","Negara Republik, Pegawai Adalah, Pengadilan Surat, Paling Adalah, Barat Lembaran, Adalah Dana, Tambahan Ketentuan, Tingkat Kecamatan, Peraturan Berlaku, Pemerintah Government, Daerah Papua, Hak Ciptaan, Lampiran Pelabuhan, Desa Kota, Wilayah Agama, Daerah Perkataan, Perhitungan Ketentuan, Uang Peraturan, Pajak Pasal",24,No,DOKUMEN HUKUM: Undang-Undang Nomor 16 Tahun 2013 tentang Pembentukan Kabupaten Musi Rawas Utara di Provinsi Sumatra Selatan  Pasal 1: Dalam U ndang - ...
750,akn_id_act_uu_2013_17.json,2013,2010 - 2014,Domain Tambahan,Negara Republik,"Domain Tambahan, Domain Pajak, Domain Hak, Domain Negara, Domain Barat","Negara Republik, Pegawai Adalah, Pengadilan Surat, Paling Adalah, Barat Lembaran, Tingkat Kecamatan, Peraturan Berlaku, Pemerintah Government, Daerah Papua, Hak Ciptaan, Desa Kota, Wilayah Agama, Daerah Perkataan, Uang Peraturan",19,No,DOKUMEN HUKUM: Undang-Undang Nomor 17 Tahun 2013 tentang ORGANISASI KEMASYARAKATAN  Pasal 1: Dalam Undang-Undang ini yang dimaksud dengan: 1. Organisa...
751,akn_id_act_uu_2013_18.json,2013,2010 - 2014,Domain Hak,Paling Adalah,"Domain Hak, Domain Negara, Domain Barat","Paling Adalah, Pegawai Adalah, Desa Kota, Pengetahuan Ilmu, Pengadilan Surat, Tingkat Kecamatan, Daerah Papua, Daerah Perkataan, Hak Ciptaan",12,No,DOKUMEN HUKUM: Undang-Undang Nomor 18 Tahun 2013 tentang Pencegahan dan Pemberantasan Perusakan Hutan  Pasal 1: Dalam Undang-Undang ini yang dimaksud ...
752,akn_id_act_uu_2013_19.json,2013,2010 - 2014,Domain Barat,Pegawai Adalah,"Domain Barat, Domain Tambahan, Domain Pajak, Domain Hak, Domain Negara","Pegawai Adalah, Pengetahuan Ilmu, Pengadilan Surat, Laporan Huruf, Paling Adalah, Barat Lembaran, Adalah Dana, Tingkat Kecamatan, Daerah Papua, Hak Ciptaan, Desa Kota, Daerah Perkataan, Uang Peraturan, Pajak Pasal",19,No,DOKUMEN HUKUM: Undang-Undang Nomor 19 Tahun 2013 tentang Perlindungan dan Pemberdayaan Petani  Pasal 1: Dalam Undang - Undang ini yang dimaks ud denga...
753,akn_id_act_uu_2013_2.json,2013,2010 - 2014,Domain Tambahan,Barat Lembaran,"Domain Tambahan, Domain Pajak, Domain Hak, Domain Negara, Domain Barat","Barat Lembaran, Uang Peraturan, Pegawai Adalah, Desa Kota, Pengadilan Surat, Tingkat Kecamatan, Wilayah Agama, Daerah Perkataan, Daerah Papua",14,No,DOKUMEN HUKUM: Undang-Undang Nomor 2 Tahun 2013 tentang Pembentukan Kabupaten Mahakam Ulu di Provinsi Kalimantan Timur  Pasal 1: Dalam Undang-Undang i...
754,akn_id_act_uu_2013_20.json,2013,2010 - 2014,Belum Diklasifikasi,Desa Kota,,Desa Kota,1,Yes,DOKUMEN HUKUM: Undang-Undang Nomor 20 Tahun 2013 tentang Pendidikan Kodekteran  Pasal 1: Dalam Undang - Undang ini yang dimaksud dengan : 1. Pendidika...
755,akn_id_act_uu_2013_21.json,2013,2010 - 2014,Domain Hak,Paling Adalah,"Domain Hak, Domain Negara, Domain Barat","Paling Adalah, Pegawai Adalah, Desa Kota, Pengadilan Surat, Daerah Papua, Daerah Perkataan, Hak Ciptaan",10,No,DOKUMEN HUKUM: Undang-Undang Nomor 21 Tahun 2013 tentang Keantariksaan  Pasal 1: Dalam Undang-Undang ini yang dimaksud dengan: 1. Antariksa adalah rua...
756,akn_id_act_uu_2013_22.json,2013,2010 - 2014,Domain Tambahan,Perhitungan Ketentuan,"Domain Tambahan, Domain Pajak, Domain Hak, Domain Negara","Perhitungan Ketentuan, Uang Peraturan, Adalah Dana, Tambahan Ketentuan, Laporan Huruf, Paling Adalah, Daerah Perkataan",11,No,DOKUMEN HUKUM: Undang-Undang Nomor 22 Tahun 2013 tentang Pertanggungjawaban atas Pelaksanaan Anggaran Pendapatan dan Belanja Negara Tahun Anggaran 201...
757,akn_id_act_uu_2013_23.json,2013,2010 - 2014,Belum Diklasifikasi,Adalah Dana,,Adalah Dana,1,Yes,"DOKUMEN HUKUM: Undang-Undang Nomor 23 Tahun 2013 tentang Anggaran Pendapatan dan Belanja Negara Tahun Anggaran 2014  Pasal 1: Dalam Undang-Undang ini,..."
758,akn_id_act_uu_2013_24.json,2013,2010 - 2014,Domain Pajak,Paling Adalah,"Domain Pajak, Domain Hak, Domain Negara, Domain Barat","Paling Adalah, Uang Peraturan, Pegawai Adalah, Adalah Dana, Desa Kota, Pengadilan Surat, Laporan Huruf, Daerah Papua, Daerah Perkataan, Hak Ciptaan",14,No,DOKUMEN HUKUM: Undang-Undang Nomor 24 Tahun 2013 tentang Perubahan atas Undang-Undang Nomor 23 Tahun 2006 tentang Administrasi Kependudukan  Pasal 1: ...
759,akn_id_act_uu_2013_3.json,2013,2010 - 2014,Domain Tambahan,Barat Lembaran,"Domain Tambahan, Domain Hak, Domain Negara, Domain Barat","Barat Lembaran, Negara Republik, Uang Peraturan, Pegawai Adalah, Desa Kota, Tingkat Kecamatan, Wilayah Agama, Daerah Perkataan, Daerah Papua",13,No,DOKUMEN HUKUM: Undang-Undang Nomor 3 Tahun 2013 tentang Pembentukan Kabupaten Malaka di Provinsi Nusa Tenggara Timur  Pasal 1: Dalam U ndang - U ndang...
760,akn_id_act_uu_2013_4.json,2013,2010 - 2014,Domain Tambahan,Barat Lembaran,"Domain Tambahan, Domain Pajak, Domain Hak, Domain Negara, Domain Barat","Barat Lembaran, Uang Peraturan, Pegawai Adalah, Adalah Dana, Tambahan Ketentuan, Desa Kota, Pengadilan Surat, Tingkat Kecamatan, Wilayah Agama, Daerah Perkataan, Daerah Papua",16,No,DOKUMEN HUKUM: Undang-Undang Nomor 4 Tahun 2013 tentang Pembentukan Kabupaten Mamuju Tengah di Provinsi Sulawesi Barat  Pasal 1: Dalam U ndang - U nda...
761,akn_id_act_uu_2013_5.json,2013,2010 - 2014,Domain Hak,Barat Lembaran,"Domain Hak, Domain Negara, Domain Barat","Barat Lembaran, Negara Republik, Uang Peraturan, Pegawai Adalah, Desa Kota, Pengadilan Surat, Tingkat Kecamatan, Pemerintah Government, Daerah Papua, Daerah Perkataan, Hak Ciptaan",14,No,DOKUMEN HUKUM: Undang-Undang Nomor 5 Tahun 2013 tentang Pembentukan Kabupaten Bangga Laut di Provinsi Sulawesi Tengah  Pasal 1: Dalam U ndang - U ndan...
762,akn_id_act_uu_2013_6.json,2013,2010 - 2014,Domain Hak,Barat Lembaran,"Domain Hak, Domain Negara, Domain Barat","Barat Lembaran, Uang Peraturan, Pegawai Adalah, Desa Kota, Pengadilan Surat, Tingkat Kecamatan, Daerah Perkataan, Daerah Papua",11,No,DOKUMEN HUKUM: Undang-Undang Nomor 6 Tahun 2013 tentang Pembentukan Kabupaten Pulau Taliabu di Provinsi Maluku Utara  Pasal 1: Dalam Undang-Undang ini...
763,akn_id_act_uu_2013_7.json,2013,2010 - 2014,Domain Tambahan,Barat Lembaran,"Domain Tambahan, Domain Pajak, Domain Hak, Domain Negara, Domain Barat","Barat Lembaran, Negara Republik, Lampiran Pelabuhan, Uang Peraturan, Pegawai Adalah, Tambahan Ketentuan, Desa Kota, Tingkat Kecamatan, Pemerintah Government, Daerah Perkataan, Daerah Papua",16,No,DOKUMEN HUKUM: Undang-Undang Nomor 7 Tahun 2013 tentang Pembentukan Kabupaten Penukal Abab Lematang Ilir di Provinsi Sumatera Selatan  Pasal 1: Dalam ...
764,akn_id_act_uu_2013_8.json,2013,2010 - 2014,Domain Hak,Barat Lembaran,"Domain Hak, Domain Negara, Domain Barat","Barat Lembaran, Negara Republik, Pegawai Adalah, Desa Kota, Pengadilan Surat, Tingkat Kecamatan, Wilayah Agama, Daerah Perkataan, Daerah Papua",12,No,DOKUMEN HUKUM: Undang-Undang Nomor 8 Tahun 2013 tentang Pembentukan Kabupaten Kolaka Timur di Provinsi Sulawesi Tenggara  Pasal 1: Dalam U ndang - U n...
765,akn_id_act_uu_2013_9.json,2013,2010 - 2014,Domain Pajak,Paling Adalah,"Domain Pajak, Domain Hak, Domain Negara, Domain Barat","Paling Adalah, Uang Peraturan, Pegawai Adalah, Desa Kota, Pengadilan Surat, Peraturan Berlaku, Daerah Papua, Daerah Perkataan, Hak Ciptaan",13,No,DOKUMEN HUKUM: Undang-Undang Nomor 9 Tahun 2013 tentang Pencegahan dan Pemberantasan Tindak Pidana Pendanaan Terorisme  Pasal 1: Dalam Undang-Undang i...
766,akn_id_act_uu_2014_10.json,2014,2010 - 2014,Domain Tambahan,Negara Republik,"Domain Tambahan, Domain Pajak, Domain Hak, Domain Negara","Negara Republik, Peraturan Berlaku, Pemerintah Government",7,No,DOKUMEN HUKUM: Undang-Undang Nomor 10 Tahun 2014 tentang Pengesahan International Convention For The Suppression Of Acts Of Nuclear Terrorism (Konvens...
767,akn_id_act_uu_2014_11.json,2014,2010 - 2014,Domain Hak,Pegawai Adalah,Domain Hak,"Pegawai Adalah, Pengetahuan Ilmu",3,No,DOKUMEN HUKUM: Undang-Undang Nomor 11 Tahun 2014 tentang Keinsinyuran  Pasal 1: Dalam Undang-Undang ini yang dimaksud dengan: 1. Keinsinyuran adalah k...
768,akn_id_act_uu_2014_12.json,2014,2010 - 2014,Domain Hak,Adalah Dana,"Domain Hak, Domain Negara","Adalah Dana, Pengetahuan Ilmu",4,No,DOKUMEN HUKUM: Undang-Undang Nomor 12 Tahun 2014 tentang Perubahan atas Undang-Undang Nomor 23 Tahun 2013 Tentang Anggaran Pendapatan dan Belanja Nega...
769,akn_id_act_uu_2014_13.json,2014,2010 - 2014,Domain Tambahan,Negara Republik,"Domain Tambahan, Domain Pajak, Domain Hak, Domain Negara, Domain Barat","Negara Republik, Lampiran Pelabuhan, Uang Peraturan, Pegawai Adalah, Tambahan Ketentuan, Wilayah Agama, Peraturan Berlaku, Pemerintah Government, Daerah Perkataan, Daerah Papua",15,No,DOKUMEN HUKUM: Undang-Undang Nomor 13 Tahun 2014 tentang Pengesahan Perjanjian Ekstradisi antara Republik Indonesia dan Republik India (Extradition Tr...
770,akn_id_act_uu_2014_14.json,2014,2010 - 2014,Domain Tambahan,Barat Lembaran,"Domain Tambahan, Domain Pajak, Domain Hak, Domain Negara, Domain Barat","Barat Lembaran, Pajak Pasal, Desa Kota, Tingkat Kecamatan, Wilayah Agama, Peraturan Berlaku, Daerah Perkataan, Daerah Papua",13,No,DOKUMEN HUKUM: Undang-Undang Nomor 14 Tahun 2014 tentang Pembentukan Kabupaten Muna Barat di Provinsi Sulawesi Tenggara  Pasal 1: Dalam Undang - Undan...
771,akn_id_act_uu_2014_16.json,2014,2010 - 2014,Domain Hak,Barat Lembaran,"Domain Hak, Domain Negara, Domain Barat","Barat Lembaran, Desa Kota, Tingkat Kecamatan, Daerah Perkataan, Daerah Papua",8,No,DOKUMEN HUKUM: Undang-Undang Nomor 16 Tahun 2014 tentang Pembentukan Kabupaten Buton Selatan di Provinsi Sulawesi Tenggara  Pasal 1: Dalam U ndang - U...
772,akn_id_act_uu_2014_17.json,2014,2010 - 2014,Domain Barat,Negara Republik,"Domain Barat, Domain Tambahan, Domain Pajak, Domain Hak, Domain Negara","Negara Republik, Pegawai Adalah, Pengadilan Surat, Paling Adalah, Barat Lembaran, Tambahan Ketentuan, Tingkat Kecamatan, Peraturan Berlaku, Pemerintah Government, Daerah Papua, Hak Ciptaan, Lampiran Pelabuhan, Desa Kota, Wilayah Agama, Daerah Perkataan, Perhitungan Ketentuan, Uang Peraturan, Pajak Pasal",23,No,"DOKUMEN HUKUM: Undang-Undang Nomor 17 Tahun 2014 tentang Majelis Permusyawaratan Rakyat, Dewan Perwakilan Rakyat, Dewan Perwakilan Daerah, dan Dewan P..."
773,akn_id_act_uu_2014_18.json,2014,2010 - 2014,Domain Hak,Pegawai Adalah,"Domain Hak, Domain Barat","Pegawai Adalah, Desa Kota, Paling Adalah, Daerah Perkataan",6,No,DOKUMEN HUKUM: Undang-Undang Nomor 18 Tahun 2014 tentang Kesehatan Jiwa  Pasal 1: Dalam Undang-Undang ini yang dimaksud dengan: 1. Kesehatan Jiwa adal...
774,akn_id_act_uu_2014_19.json,2014,2010 - 2014,Domain Tambahan,Negara Republik,"Domain Tambahan, Domain Pajak, Domain Hak, Domain Negara, Domain Barat","Negara Republik, Lampiran Pelabuhan, Uang Peraturan, Pegawai Adalah, Tambahan Ketentuan, Pengadilan Surat, Peraturan Berlaku, Pemerintah Government, Daerah Perkataan, Daerah Papua",15,No,DOKUMEN HUKUM: Undang-Undang Nomor 19 Tahun 2014 tentang Pengesahan Persetujuan Tentang Kerja Sama Industri Pertahanan antara Pemerintah Republik Indo...
775,akn_id_act_uu_2014_2.json,2014,2010 - 2014,Domain Hak,Desa Kota,"Domain Hak, Domain Barat","Desa Kota, Pengadilan Surat, Hak Ciptaan",5,No,DOKUMEN HUKUM: Undang-Undang Nomor 2 Tahun 2014 tentang Perubahan atas Undang-Undang Nomor 30 Tahun 2004 Tentang Jabatan Notaris  Pasal 1: Dalam Undan...
776,akn_id_act_uu_2014_20.json,2014,2010 - 2014,Domain Pajak,Uang Peraturan,"Domain Pajak, Domain Hak, Domain Negara, Domain Barat","Uang Peraturan, Pegawai Adalah, Pengadilan Surat, Laporan Huruf, Paling Adalah, Daerah Perkataan, Hak Ciptaan",11,No,DOKUMEN HUKUM: Undang-Undang Nomor 20 Tahun 2014 tentang Standardisasi dan Penilaian Kesesuaian  Pasal 1: Dalam Undang - Undang ini yang dimaksud deng...
777,akn_id_act_uu_2014_21.json,2014,2010 - 2014,Domain Pajak,Uang Peraturan,"Domain Pajak, Domain Hak, Domain Negara, Domain Barat","Uang Peraturan, Pegawai Adalah, Desa Kota, Pengadilan Surat, Paling Adalah, Daerah Perkataan, Hak Ciptaan",11,No,DOKUMEN HUKUM: Undang-Undang Nomor 21 Tahun 2014 tentang PANAS BUMI  Pasal 1: Dalam Undang-Undang ini yang dimaksud dengan: 1. Panas Bumi adalah sumbe...
778,akn_id_act_uu_2014_24.json,2014,2010 - 2014,Domain Tambahan,Perhitungan Ketentuan,"Domain Tambahan, Domain Pajak, Domain Hak, Domain Negara","Perhitungan Ketentuan, Uang Peraturan, Adalah Dana, Tambahan Ketentuan, Pengadilan Surat, Laporan Huruf, Paling Adalah, Daerah Perkataan",12,No,DOKUMEN HUKUM: Undang-Undang Nomor 24 Tahun 2014 tentang Pertanggungjawaban atas Pelaksanaan Anggaran Pendapatan dan Belanja Negara Tahun Anggaran 201...
779,akn_id_act_uu_2014_25.json,2014,2010 - 2014,Domain Hak,Pegawai Adalah,"Domain Hak, Domain Negara, Domain Barat","Pegawai Adalah, Pengadilan Surat, Daerah Perkataan, Hak Ciptaan",7,No,DOKUMEN HUKUM: Undang-Undang Nomor 25 Tahun 2014 tentang HUKUM DISIPLIN MILITER  Pasal 1: Dalam Undang-Undang ini yang dimaksud dengan: 1. Militer ada...
780,akn_id_act_uu_2014_27.json,2014,2010 - 2014,Domain Hak,Adalah Dana,"Domain Hak, Domain Negara","Adalah Dana, Pengetahuan Ilmu, Laporan Huruf",5,No,"DOKUMEN HUKUM: Undang-Undang Nomor 27 Tahun 2014 tentang Anggaran Pendapatan Dan Belanja Negara Tahun Anggaran 2015  Pasal 1: Dalam Undang-Undang ini,..."
781,akn_id_act_uu_2014_28.json,2014,2010 - 2014,Domain Pajak,Paling Adalah,"Domain Pajak, Domain Hak, Domain Barat, Domain Negara","Paling Adalah, Negara Republik, Pegawai Adalah, Uang Peraturan, Desa Kota, Pengadilan Surat, Wilayah Agama, Pajak Pasal, Peraturan Berlaku, Daerah Papua, Daerah Perkataan, Hak Ciptaan",16,No,DOKUMEN HUKUM: Undang-Undang Nomor 28 Tahun 2014 tentang Hak Cipta  Pasal 1: Dalam Undang-Undang ini yang dimaksud dengan: 1. Hak Cipta adalah hak eks...
782,akn_id_act_uu_2014_29.json,2014,2010 - 2014,Domain Hak,Pegawai Adalah,"Domain Hak, Domain Negara, Domain Barat","Pegawai Adalah, Desa Kota, Pengadilan Surat, Daerah Papua, Daerah Perkataan, Hak Ciptaan",9,No,DOKUMEN HUKUM: Undang-Undang Nomor 29 Tahun 2014 tentang Pencarian dan Pertolongan  Pasal 1: Dalam Undang-Undang ini yang dimaksud dengan: 1. Pencaria...
783,akn_id_act_uu_2014_3.json,2014,2010 - 2014,Domain Barat,Negara Republik,"Domain Barat, Domain Tambahan, Domain Pajak, Domain Hak, Domain Negara","Negara Republik, Pegawai Adalah, Pengetahuan Ilmu, Pengadilan Surat, Paling Adalah, Barat Lembaran, Tingkat Kecamatan, Peraturan Berlaku, Pemerintah Government, Daerah Papua, Hak Ciptaan, Desa Kota, Wilayah Agama, Daerah Perkataan, Uang Peraturan, Pajak Pasal",21,No,DOKUMEN HUKUM: Undang-Undang Nomor 3 Tahun 2014 tentang PERINDUSTRIAN  Pasal 1: Dalam Undang - Undang ini yang dimaksud dengan: 1. Perindustrian adala...
784,akn_id_act_uu_2014_30.json,2014,2010 - 2014,Domain Hak,Adalah Dana,"Domain Hak, Domain Negara, Domain Barat","Adalah Dana, Desa Kota, Pengetahuan Ilmu, Pengadilan Surat, Daerah Papua, Hak Ciptaan",9,No,DOKUMEN HUKUM: Undang-Undang Nomor 30 Tahun 2014 tentang Administrasi Pemerintahan  Pasal 1: Dalam Undang-Undang ini yang dimaksud dengan: 1. Administ...
785,akn_id_act_uu_2014_31.json,2014,2010 - 2014,Domain Hak,Paling Adalah,"Domain Hak, Domain Negara, Domain Barat","Paling Adalah, Uang Peraturan, Pegawai Adalah, Desa Kota, Pengadilan Surat, Daerah Papua, Daerah Perkataan, Hak Ciptaan",11,No,DOKUMEN HUKUM: Undang-Undang Nomor 31 Tahun 2014 tentang Perubahan atas Undang-Undang Nomor 13 Tahun 2006 Tentang Perlindungan Saksi dan Korban  Pasal...
786,akn_id_act_uu_2014_32.json,2014,2010 - 2014,Domain Tambahan,Negara Republik,"Domain Tambahan, Domain Hak, Domain Negara, Domain Barat","Negara Republik, Lampiran Pelabuhan, Uang Peraturan, Pegawai Adalah, Desa Kota, Pengetahuan Ilmu, Pemerintah Government, Daerah Papua, Hak Ciptaan",13,No,DOKUMEN HUKUM: Undang-Undang Nomor 32 Tahun 2014 tentang Kelautan  Pasal I: pasal I Dalam Undang-Undang ini yang dimaksud dengan: 1. Laut adalah ruang...
787,akn_id_act_uu_2014_33.json,2014,2010 - 2014,Domain Hak,Daerah Perkataan,Domain Hak,Daerah Perkataan,2,No,DOKUMEN HUKUM: Undang-Undang Nomor 33 Tahun 2014 tentang Jaminan Produk Halal  Pasal 1: Dalam Undang-Undang ini yang dimaksud dengan: 1. Produk adalah...
788,akn_id_act_uu_2014_34.json,2014,2010 - 2014,Domain Hak,Uang Peraturan,"Domain Hak, Domain Negara",Uang Peraturan,3,No,DOKUMEN HUKUM: Undang-Undang Nomor 34 Tahun 2014 tentang Pengelolaan Keuangan Haji  Pasal 1: Dalam Undang-Undang ini yang dimaksud dengan: 1. Keuangan...
789,akn_id_act_uu_2014_35.json,2014,2010 - 2014,Domain Hak,Pegawai Adalah,"Domain Hak, Domain Barat","Pegawai Adalah, Pengadilan Surat, Paling Adalah, Daerah Perkataan, Hak Ciptaan",7,No,DOKUMEN HUKUM: Undang-Undang Nomor 35 Tahun 2014 tentang Perubahan atas Undang-Undang Nomor 23 Tahun 2002 Tentang Perlindungan Anak  Pasal 1: Dalam Un...
790,akn_id_act_uu_2014_36.json,2014,2010 - 2014,Domain Hak,Pegawai Adalah,"Domain Hak, Domain Barat","Pegawai Adalah, Pengetahuan Ilmu, Daerah Papua",5,No,DOKUMEN HUKUM: Undang-Undang Nomor 36 Tahun 2014 tentang Tenaga Kesehatan  Pasal 1: Dalam Undang-Undang ini yang dimaksud dengan: 1. Tenaga Kesehatan ...
791,akn_id_act_uu_2014_37.json,2014,2010 - 2014,Domain Pajak,Barat Lembaran,"Domain Pajak, Domain Hak, Domain Negara, Domain Barat","Barat Lembaran, Uang Peraturan, Pegawai Adalah, Desa Kota, Pengetahuan Ilmu, Pengadilan Surat, Tingkat Kecamatan, Peraturan Berlaku, Daerah Papua, Daerah Perkataan, Hak Ciptaan",15,No,DOKUMEN HUKUM: Undang-Undang Nomor 37 Tahun 2014 tentang Konservasi Tanah dan Air  Pasal I: Dalam Undang-Undang ini yang dimaksud dengan: 1. Tanah dan...
792,akn_id_act_uu_2014_38.json,2014,2010 - 2014,Belum Diklasifikasi,Desa Kota,,Desa Kota,1,Yes,DOKUMEN HUKUM: Undang-Undang Nomor 38 Tahun 2014 tentang Keperawatan  Pasal 1: Dalam Undang-Undang ini yang dimaksud dengan: . Keperawatan adalah kegi...
793,akn_id_act_uu_2014_4.json,2014,2010 - 2014,Domain Barat,Negara Republik,"Domain Barat, Domain Tambahan, Domain Pajak, Domain Hak, Domain Negara","Negara Republik, Pegawai Adalah, Pengadilan Surat, Barat Lembaran, Tambahan Ketentuan, Peraturan Berlaku, Pemerintah Government, Daerah Papua, Lampiran Pelabuhan, Wilayah Agama, Daerah Perkataan, Perhitungan Ketentuan, Uang Peraturan, Pajak Pasal",19,No,DOKUMEN HUKUM: Undang-Undang Nomor 4 Tahun 2014 tentang Penetapan Peraturan Pemerintah Pengganti Undang-Undang Nomor 1 Tahun 2013 Tentang Perubahan Ke...
794,akn_id_act_uu_2014_40.json,2014,2010 - 2014,Domain Hak,Paling Adalah,"Domain Hak, Domain Negara, Domain Barat","Paling Adalah, Uang Peraturan, Pegawai Adalah, Pengadilan Surat, Daerah Papua, Daerah Perkataan, Hak Ciptaan",10,No,"DOKUMEN HUKUM: Undang-Undang Nomor 40 Tahun 2014 tentang Perasuransian  Pasal I: l. Asuransi adalah peg'anjian antara dua pihak, yaitu perusahaan asur..."
795,akn_id_act_uu_2014_42.json,2014,2010 - 2014,Domain Barat,Negara Republik,"Domain Barat, Domain Tambahan, Domain Pajak, Domain Hak, Domain Negara","Negara Republik, Pegawai Adalah, Pengadilan Surat, Barat Lembaran, Tambahan Ketentuan, Tingkat Kecamatan, Peraturan Berlaku, Pemerintah Government, Daerah Papua, Lampiran Pelabuhan, Desa Kota, Wilayah Agama, Daerah Perkataan, Perhitungan Ketentuan, Uang Peraturan, Pajak Pasal",21,No,"DOKUMEN HUKUM: Undang-Undang Nomor 42 Tahun 2014 tentang Perubahan atas Undang-Undang Nomor 17 Tahun 2014 Tentang Majelis Permusyawaratan Rakyat, Dewa..."
796,akn_id_act_uu_2014_5.json,2014,2010 - 2014,Domain Tambahan,Negara Republik,"Domain Tambahan, Domain Hak, Domain Negara, Domain Barat","Negara Republik, Pegawai Adalah, Pengetahuan Ilmu, Pengadilan Surat, Paling Adalah, Barat Lembaran, Tambahan Ketentuan, Tingkat Kecamatan, Pemerintah Government, Daerah Papua, Hak Ciptaan, Lampiran Pelabuhan, Desa Kota, Daerah Perkataan, Uang Peraturan",19,No,DOKUMEN HUKUM: Undang-Undang Nomor 5 Tahun 2014 tentang Aparatur Sipil Negara  Pasal 1: Dalam Undang-Undang ini yang dimaksud dengan: 1. Aparatur Sipi...
797,akn_id_act_uu_2014_6.json,2014,2010 - 2014,Domain Hak,Barat Lembaran,"Domain Hak, Domain Barat","Barat Lembaran, Pegawai Adalah, Desa Kota, Pengetahuan Ilmu, Tingkat Kecamatan, Daerah Papua, Hak Ciptaan",9,No,DOKUMEN HUKUM: Undang-Undang Nomor 6 Tahun 2014 tentang DESA  Pasal 1: Dalam Undang-U ndang ini yang dimaksud dengan: 1. Desa adalah desa dan desa ada...
798,akn_id_act_uu_2014_7.json,2014,2010 - 2014,Domain Tambahan,Paling Adalah,"Domain Tambahan, Domain Pajak, Domain Hak, Domain Negara, Domain Barat","Paling Adalah, Uang Peraturan, Pegawai Adalah, Adalah Dana, Desa Kota, Pengetahuan Ilmu, Pengadilan Surat, Laporan Huruf, Daerah Papua, Daerah Perkataan, Hak Ciptaan",16,No,DOKUMEN HUKUM: Undang-Undang Nomor 7 Tahun 2014 tentang PERDAGANGAN  Pasal 1: Dalam Undang - Undang ini yang dimaksud dengan: 1. Perdagangan adalah ta...
799,akn_id_act_uu_2014_8.json,2014,2010 - 2014,Domain Tambahan,Negara Republik,"Domain Tambahan, Domain Pajak, Domain Hak, Domain Negara, Domain Barat","Negara Republik, Lampiran Pelabuhan, Uang Peraturan, Pegawai Adalah, Tambahan Ketentuan, Pengadilan Surat, Tingkat Kecamatan, Wilayah Agama, Peraturan Berlaku, Pemerintah Government, Daerah Perkataan, Daerah Papua",17,No,DOKUMEN HUKUM: Undang-Undang Nomor 8 Tahun 2014 tentang Pengesahan Perjanjian Antara Republik Indonesia Dan Republik Korea Tentang Bantuan Hukum Timba...
800,akn_id_act_uu_2014_9.json,2014,2010 - 2014,Domain Tambahan,Negara Republik,"Domain Tambahan, Domain Pajak, Domain Hak, Domain Negara, Domain Barat","Negara Republik, Lampiran Pelabuhan, Uang Peraturan, Pegawai Adalah, Tambahan Ketentuan, Pengadilan Surat, Tingkat Kecamatan, Wilayah Agama, Peraturan Berlaku, Pemerintah Government, Daerah Papua, Daerah Perkataan, Hak Ciptaan",18,No,DOKUMEN HUKUM: Undang-Undang Nomor 9 Tahun 2014 tentang Pengesahan Perjanjian antara Republik Indonesia dan Republik India Tentang Bantuan Hukum Timba...
801,akn_id_act_uu_2015_1.json,2015,2015 - 2019,Domain Barat,Negara Republik,"Domain Barat, Domain Tambahan, Domain Pajak, Domain Hak, Domain Negara","Negara Republik, Pegawai Adalah, Pengadilan Surat, Barat Lembaran, Tambahan Ketentuan, Tingkat Kecamatan, Peraturan Berlaku, Pemerintah Government, Daerah Papua, Hak Ciptaan, Lampiran Pelabuhan, Desa Kota, Wilayah Agama, Daerah Perkataan, Perhitungan Ketentuan, Uang Peraturan, Pajak Pasal",22,No,DOKUMEN HUKUM: Undang-Undang Nomor 1 Tahun 2015 tentang Penetapan Peraturan Pemerintah Pengganti Undang-Undang Nomor 1 Tahun 2014 Tentang Pemilihan Gu...
802,akn_id_act_uu_2015_10.json,2015,2015 - 2019,Domain Barat,Negara Republik,"Domain Barat, Domain Tambahan, Domain Pajak, Domain Hak, Domain Negara","Negara Republik, Pegawai Adalah, Pengadilan Surat, Paling Adalah, Barat Lembaran, Tambahan Ketentuan, Peraturan Berlaku, Pemerintah Government, Daerah Papua, Hak Ciptaan, Lampiran Pelabuhan, Wilayah Agama, Daerah Perkataan, Perhitungan Ketentuan, Uang Peraturan, Pajak Pasal",21,No,DOKUMEN HUKUM: Undang-Undang Nomor 10 Tahun 2015 tentang Penetapan Peraturan Pemerintah Pengganti Undang-Undang Nomor 1 Tahun 2015 Tentang Perubahan A...
803,akn_id_act_uu_2015_11.json,2015,2015 - 2019,Domain Barat,Negara Republik,"Domain Barat, Domain Tambahan, Domain Pajak, Domain Hak, Domain Negara","Negara Republik, Pegawai Adalah, Pengadilan Surat, Laporan Huruf, Paling Adalah, Barat Lembaran, Adalah Dana, Tambahan Ketentuan, Peraturan Berlaku, Pemerintah Government, Daerah Papua, Hak Ciptaan, Lampiran Pelabuhan, Wilayah Agama, Daerah Perkataan, Perhitungan Ketentuan, Uang Peraturan, Pajak Pasal",23,No,DOKUMEN HUKUM: Undang-Undang Nomor 11 Tahun 2015 tentang Pencabutan Peraturan Pemerintah Pengganti Undang-Undang Nomor 4 Tahun 2008 Tentang Jaring Pen...
804,akn_id_act_uu_2015_12.json,2015,2015 - 2019,Domain Tambahan,Perhitungan Ketentuan,"Domain Tambahan, Domain Pajak, Domain Hak, Domain Negara","Perhitungan Ketentuan, Uang Peraturan, Adalah Dana, Tambahan Ketentuan, Laporan Huruf, Paling Adalah, Daerah Perkataan",11,No,DOKUMEN HUKUM: Undang-Undang Nomor 12 Tahun 2015 tentang Pertanggungjawaban atas Pelaksanaan Anggaran Pendapatan dan Belanja Negara Tahun Anggaran 201...
805,akn_id_act_uu_2015_13.json,2015,2015 - 2019,Domain Tambahan,Negara Republik,"Domain Tambahan, Domain Pajak, Domain Hak, Domain Negara, Domain Barat","Negara Republik, Lampiran Pelabuhan, Uang Peraturan, Pegawai Adalah, Tambahan Ketentuan, Pengadilan Surat, Tingkat Kecamatan, Wilayah Agama, Peraturan Berlaku, Pemerintah Government, Daerah Perkataan, Daerah Papua",17,No,DOKUMEN HUKUM: Undang-Undang Nomor 13 Tahun 2015 tentang Pengesahan Perjanjian Bantuan Timbal Balik Dalam Masalah Pidana Antara Republik Indonesia dan...
806,akn_id_act_uu_2015_14.json,2015,2015 - 2019,Domain Tambahan,Barat Lembaran,"Domain Tambahan, Domain Pajak, Domain Hak, Domain Negara, Domain Barat","Barat Lembaran, Uang Peraturan, Pegawai Adalah, Adalah Dana, Tambahan Ketentuan, Desa Kota, Pengadilan Surat, Laporan Huruf, Tingkat Kecamatan, Paling Adalah, Daerah Perkataan, Daerah Papua",17,No,DOKUMEN HUKUM: Undang-Undang Nomor 14 Tahun 2015 tentang Anggaran Pendapatan Dan Belanja Negara Tahun Anggaran 2016  Pasal 1: Dalam Undang-Undang ini ...
807,akn_id_act_uu_2015_2.json,2015,2015 - 2019,Domain Barat,Negara Republik,"Domain Barat, Domain Tambahan, Domain Pajak, Domain Hak, Domain Negara","Negara Republik, Pegawai Adalah, Pengadilan Surat, Barat Lembaran, Tambahan Ketentuan, Tingkat Kecamatan, Peraturan Berlaku, Pemerintah Government, Daerah Papua, Hak Ciptaan, Lampiran Pelabuhan, Desa Kota, Wilayah Agama, Daerah Perkataan, Perhitungan Ketentuan, Uang Peraturan, Pajak Pasal",22,No,DOKUMEN HUKUM: Undang-Undang Nomor 2 Tahun 2015 tentang Penetapan Peraturan Pemerintah Pengganti Undang-Undang Nomor 2 Tahun 2014 tentang Perubahan at...
808,akn_id_act_uu_2015_3.json,2015,2015 - 2019,Domain Tambahan,Perhitungan Ketentuan,"Domain Tambahan, Domain Pajak, Domain Hak, Domain Negara","Perhitungan Ketentuan, Lampiran Pelabuhan, Uang Peraturan, Adalah Dana, Tambahan Ketentuan, Laporan Huruf, Pajak Pasal, Peraturan Berlaku, Paling Adalah, Daerah Perkataan",14,No,DOKUMEN HUKUM: Undang-Undang Nomor 3 Tahun 2015 tentang Perubahan Atas Undang-Undang Nomor 27 Tahun 2014 tentang Anggaran Pendapatan dan Belanja Negar...
809,akn_id_act_uu_2015_4.json,2015,2015 - 2019,Domain Barat,Negara Republik,"Domain Barat, Domain Tambahan, Domain Pajak, Domain Hak, Domain Negara","Negara Republik, Pegawai Adalah, Pengadilan Surat, Barat Lembaran, Tambahan Ketentuan, Tingkat Kecamatan, Peraturan Berlaku, Pemerintah Government, Daerah Papua, Hak Ciptaan, Lampiran Pelabuhan, Desa Kota, Wilayah Agama, Daerah Perkataan, Uang Peraturan, Pajak Pasal",21,No,DOKUMEN HUKUM: Undang-Undang Nomor 4 Tahun 2015 tentang Pengesahan Persetujuan Antara Pemerintah Republik Indonesia dan Pemerintah Republik Demokratik...
810,akn_id_act_uu_2015_5.json,2015,2015 - 2019,Domain Tambahan,Barat Lembaran,"Domain Tambahan, Domain Pajak, Domain Hak, Domain Negara, Domain Barat","Barat Lembaran, Negara Republik, Lampiran Pelabuhan, Uang Peraturan, Pegawai Adalah, Tambahan Ketentuan, Wilayah Agama, Peraturan Berlaku, Pemerintah Government, Daerah Perkataan, Daerah Papua",16,No,DOKUMEN HUKUM: Undang-Undang Nomor 5 Tahun 2015 tentang Pengesahan Perjanjian Ekstradisi Antara Republik Indonesia dan Republik Sosialis Viet Nam (Ext...
811,akn_id_act_uu_2015_6.json,2015,2015 - 2019,Domain Tambahan,Negara Republik,"Domain Tambahan, Domain Barat, Domain Negara","Negara Republik, Lampiran Pelabuhan, Uang Peraturan, Pegawai Adalah, Tambahan Ketentuan, Wilayah Agama, Peraturan Berlaku, Pemerintah Government, Daerah Papua",12,No,DOKUMEN HUKUM: Undang-Undang Nomor 6 Tahun 2015 tentang Pengesahan Perjanjian Ekstradisi antara Republik Indonesia dan Papua Nugini (Extradition Treat...
812,akn_id_act_uu_2015_7.json,2015,2015 - 2019,Domain Tambahan,Negara Republik,"Domain Tambahan, Domain Hak, Domain Negara, Domain Barat","Negara Republik, Lampiran Pelabuhan, Uang Peraturan, Pegawai Adalah, Tambahan Ketentuan, Pengadilan Surat, Pemerintah Government, Daerah Papua",12,No,DOKUMEN HUKUM: Undang-Undang Nomor 7 Tahun 2015 tentang Pengesahan Persetujuan antara Pemerintah Republik Indonesia dan Pemerintah Republik Islam Paki...
813,akn_id_act_uu_2015_8.json,2015,2015 - 2019,Domain Hak,Barat Lembaran,"Domain Hak, Domain Barat","Barat Lembaran, Desa Kota, Pengadilan Surat, Tingkat Kecamatan, Daerah Papua",7,No,DOKUMEN HUKUM: Undang-Undang Nomor 8 Tahun 2015 tentang Perubahan Atas Undang-undang Nomor 1 Tahun 2015 Tentang Penetapan Peraturan Pemerintah Penggan...
814,akn_id_act_uu_2015_9.json,2015,2015 - 2019,Domain Tambahan,Perhitungan Ketentuan,"Domain Tambahan, Domain Pajak, Domain Hak, Domain Negara, Domain Barat","Perhitungan Ketentuan, Barat Lembaran, Negara Republik, Lampiran Pelabuhan, Pajak Pasal, Uang Peraturan, Tambahan Ketentuan, Tingkat Kecamatan, Wilayah Agama, Peraturan Berlaku, Pemerintah Government, Daerah Perkataan",17,No,DOKUMEN HUKUM: Undang-Undang Nomor 9 Tahun 2015 tentang Perubahan Kedua Atas Undang-Undang Nomor 23 Tahun 2014 tentang Pemerintahan Daerah  Pasal II: ...
815,akn_id_act_uu_2016_1.json,2016,2015 - 2019,Domain Hak,Uang Peraturan,"Domain Hak, Domain Negara, Domain Barat","Uang Peraturan, Pegawai Adalah, Adalah Dana, Pengadilan Surat, Paling Adalah, Daerah Perkataan, Hak Ciptaan",10,No,DOKUMEN HUKUM: Undang-Undang Nomor 1 Tahun 2016 tentang Penjaminan  Pasal 1: Dalam Undang-Undang ini yang dimaksud dengan: 1. Penjaminan adalah kegiat...
816,akn_id_act_uu_2016_11.json,2016,2015 - 2019,Domain Hak,Paling Adalah,"Domain Hak, Domain Barat, Domain Negara","Paling Adalah, Pegawai Adalah, Uang Peraturan, Adalah Dana, Desa Kota, Pengadilan Surat, Pajak Pasal, Daerah Papua, Daerah Perkataan, Hak Ciptaan",13,No,DOKUMEN HUKUM: Undang-Undang Nomor 11 Tahun 2016 tentang Pengampunan Pajak  Pasal 1: Dalam Undang-Undang ini yang dimaksud dengan: 1. Pengampunan Paja...
817,akn_id_act_uu_2016_12.json,2016,2015 - 2019,Domain Tambahan,Perhitungan Ketentuan,"Domain Tambahan, Domain Pajak, Domain Hak, Domain Negara","Perhitungan Ketentuan, Uang Peraturan, Adalah Dana, Tambahan Ketentuan, Laporan Huruf, Paling Adalah",10,No,DOKUMEN HUKUM: Undang-Undang Nomor 12 Tahun 2016 tentang Perubahan Atas Undang-Undang Nomor 14 Tahun 2015 Tentang Anggaran Pendapatan Dan Belanja Nega...
818,akn_id_act_uu_2016_13.json,2016,2015 - 2019,Domain Hak,Uang Peraturan,"Domain Hak, Domain Negara","Uang Peraturan, Pegawai Adalah, Adalah Dana, Pengadilan Surat, Paling Adalah, Daerah Perkataan, Hak Ciptaan",9,No,DOKUMEN HUKUM: Undang-Undang Nomor 13 Tahun 2016 tentang Paten  Pasal 1: Dalam Undang-Undang ini yang dimaksud dengan: l. Paten adalah hak eksklusif y...
819,akn_id_act_uu_2016_16.json,2016,2015 - 2019,Domain Tambahan,Negara Republik,"Domain Tambahan, Domain Pajak, Domain Negara, Domain Barat","Negara Republik, Lampiran Pelabuhan, Uang Peraturan, Pegawai Adalah, Tambahan Ketentuan, Peraturan Berlaku, Pemerintah Government, Daerah Perkataan, Daerah Papua",13,No,DOKUMEN HUKUM: Undang-Undang Nomor 16 Tahun 2016 tentang Pengesahan Paris Agreement To The United Nations Framework Convention On Climate Change (Pers...
820,akn_id_act_uu_2016_17.json,2016,2015 - 2019,Domain Barat,Negara Republik,"Domain Barat, Domain Tambahan, Domain Pajak, Domain Hak, Domain Negara","Negara Republik, Pegawai Adalah, Pengadilan Surat, Barat Lembaran, Tambahan Ketentuan, Peraturan Berlaku, Pemerintah Government, Daerah Papua, Hak Ciptaan, Lampiran Pelabuhan, Wilayah Agama, Daerah Perkataan, Perhitungan Ketentuan, Uang Peraturan, Pajak Pasal",20,No,DOKUMEN HUKUM: Undang-Undang Nomor 17 Tahun 2016 tentang Penetapan Peraturan Pemerintah Pengganti Undang-Undang Nomor 1 Tahun 2016 Tentang Perubahan K...
821,akn_id_act_uu_2016_18.json,2016,2015 - 2019,Domain Tambahan,Perhitungan Ketentuan,"Domain Tambahan, Domain Pajak, Domain Hak, Domain Negara, Domain Barat","Perhitungan Ketentuan, Barat Lembaran, Uang Peraturan, Pegawai Adalah, Adalah Dana, Tambahan Ketentuan, Desa Kota, Laporan Huruf, Tingkat Kecamatan, Paling Adalah, Daerah Perkataan, Daerah Papua",17,No,DOKUMEN HUKUM: Undang-Undang Nomor 18 Tahun 2016 tentang Anggaran Pendapatan dan Belanja Negara Tahun Anggaran 2017  Pasal 1: Dalam Undang-Undang ini ...
822,akn_id_act_uu_2016_19.json,2016,2015 - 2019,Belum Diklasifikasi,Pengetahuan Ilmu,,Pengetahuan Ilmu,1,Yes,DOKUMEN HUKUM: Undang-Undang Nomor 19 Tahun 2016 tentang Perubahan Atas Undang-Undang Nomor 11 Tahun 2008 Tentang Informasi Dan Transaksi Elektronik  ...
823,akn_id_act_uu_2016_2.json,2016,2015 - 2019,Domain Tambahan,Barat Lembaran,"Domain Tambahan, Domain Pajak, Domain Hak, Domain Negara, Domain Barat","Barat Lembaran, Negara Republik, Lampiran Pelabuhan, Uang Peraturan, Pegawai Adalah, Tambahan Ketentuan, Pengadilan Surat, Tingkat Kecamatan, Wilayah Agama, Peraturan Berlaku, Pemerintah Government, Daerah Perkataan, Daerah Papua",18,No,DOKUMEN HUKUM: Undang-Undang Nomor 2 Tahun 2016 tentang Pengesahan Persetujuan Antara Pemerintah Republik Indonesia dan Pemerintah Republik Polandia T...
824,akn_id_act_uu_2016_20.json,2016,2015 - 2019,Domain Hak,Pengetahuan Ilmu,"Domain Hak, Domain Barat","Pengetahuan Ilmu, Desa Kota, Hak Ciptaan",5,No,DOKUMEN HUKUM: Undang-Undang Nomor 20 Tahun 2016 tentang Merek dan Indikasi Geografis  Pasal 1: Dalam Undang-Undang ini yang dimaksud dengan: 1. Merek...
825,akn_id_act_uu_2016_3.json,2016,2015 - 2019,Domain Tambahan,Negara Republik,"Domain Tambahan, Domain Hak, Domain Negara, Domain Barat","Negara Republik, Lampiran Pelabuhan, Uang Peraturan, Pegawai Adalah, Tambahan Ketentuan, Pemerintah Government, Daerah Perkataan, Daerah Papua",12,No,DOKUMEN HUKUM: Undang-Undang Nomor 3 Tahun 2016 tentang Pengesahan Memorandum Saling Pengertian Antara Pemerintah Republik Indonesia Dan Pemerintah Re...
826,akn_id_act_uu_2016_4.json,2016,2015 - 2019,Domain Hak,Adalah Dana,"Domain Hak, Domain Barat","Adalah Dana, Pengetahuan Ilmu, Pengadilan Surat, Daerah Papua",6,No,DOKUMEN HUKUM: Undang-Undang Nomor 4 Tahun 2016 tentang Tabungan Perumahan Rakyat  Pasal 1: Dalam Undang-Undang ini yang dimaksud dengan: 1. Tabungan ...
827,akn_id_act_uu_2016_6.json,2016,2015 - 2019,Domain Tambahan,Negara Republik,"Domain Tambahan, Domain Pajak, Domain Hak, Domain Negara, Domain Barat","Negara Republik, Pegawai Adalah, Pengetahuan Ilmu, Pengadilan Surat, Barat Lembaran, Tambahan Ketentuan, Tingkat Kecamatan, Peraturan Berlaku, Pemerintah Government, Daerah Papua, Hak Ciptaan, Lampiran Pelabuhan, Desa Kota, Wilayah Agama, Daerah Perkataan, Uang Peraturan",21,No,DOKUMEN HUKUM: Undang-Undang Nomor 6 Tahun 2016 tentang Pengesahan Persetujuan Antara Pemerintah Republik Indonesia Dan Pemerintah Republik Rakyat Chi...
828,akn_id_act_uu_2016_7.json,2016,2015 - 2019,Domain Hak,Desa Kota,"Domain Hak, Domain Barat","Desa Kota, Pengadilan Surat, Daerah Perkataan, Hak Ciptaan",6,No,DOKUMEN HUKUM: Undang-Undang Nomor 7 Tahun 2016 tentang Perlindungan dan Pemberdayaan Nelayan Pembudi Daya Ikan dan Petambak Garam  Pasal 1: Dalam Und...
829,akn_id_act_uu_2016_8.json,2016,2015 - 2019,Domain Pajak,Barat Lembaran,"Domain Pajak, Domain Hak, Domain Negara, Domain Barat","Barat Lembaran, Paling Adalah, Uang Peraturan, Pegawai Adalah, Adalah Dana, Desa Kota, Pengetahuan Ilmu, Pengadilan Surat, Tingkat Kecamatan, Daerah Papua, Daerah Perkataan, Hak Ciptaan",16,No,DOKUMEN HUKUM: Undang-Undang Nomor 8 Tahun 2016 tentang Penyandang Disabilitas  Pasal 1: Dalam Undang-Undang ini yang dimaksud dengan: 1. Penyandang D...
830,akn_id_act_uu_2016_9.json,2016,2015 - 2019,Domain Hak,Desa Kota,"Domain Hak, Domain Negara, Domain Barat","Desa Kota, Pengadilan Surat, Daerah Perkataan",6,No,DOKUMEN HUKUM: Undang-Undang Nomor 9 Tahun 2016 tentang Pencegahan dan Penanganan Krisis Sistem Keuangan  Pasal 1: Dalam Undang-Undang ini yang dimaks...
831,akn_id_act_uu_2017_1.json,2017,2015 - 2019,Domain Tambahan,Barat Lembaran,"Domain Tambahan, Domain Hak, Domain Negara, Domain Barat","Barat Lembaran, Negara Republik, Lampiran Pelabuhan, Uang Peraturan, Pegawai Adalah, Desa Kota, Pengadilan Surat, Tingkat Kecamatan, Wilayah Agama, Pemerintah Government, Daerah Perkataan, Daerah Papua",16,No,DOKUMEN HUKUM: Undang-Undang Nomor 1 Tahun 2017 tentang Pengesahan Perjanjian Antara Republik Indonesia dan Republik Singapura Tentang Penetapan Garis...
832,akn_id_act_uu_2017_10.json,2017,2015 - 2019,Domain Tambahan,Perhitungan Ketentuan,"Domain Tambahan, Domain Negara","Perhitungan Ketentuan, Uang Peraturan, Adalah Dana, Tambahan Ketentuan, Laporan Huruf",7,No,DOKUMEN HUKUM: Undang-Undang Nomor 10 Tahun 2017 tentang Pertanggungjawaban Atas Pelaksanaan Anggaran Pendapatan dan Belanja Negara Tahun Anggaran 201...
833,akn_id_act_uu_2017_11.json,2017,2015 - 2019,Domain Tambahan,Negara Republik,"Domain Tambahan, Domain Pajak, Domain Hak, Domain Negara, Domain Barat","Negara Republik, Lampiran Pelabuhan, Uang Peraturan, Pegawai Adalah, Tambahan Ketentuan, Wilayah Agama, Peraturan Berlaku, Pemerintah Government, Daerah Perkataan, Daerah Papua",15,No,DOKUMEN HUKUM: Undang-Undang Nomor 11 Tahun 2017 tentang Pengesahan Minamata Convention On Mercury (konvensi Minamata Mengenai Merkuri)  Pasal 1: Meng...
834,akn_id_act_uu_2017_12.json,2017,2015 - 2019,Domain Negara,Negara Republik,Domain Negara,"Negara Republik, Pegawai Adalah, Peraturan Berlaku, Pemerintah Government",5,No,"DOKUMEN HUKUM: Undang-Undang Nomor 12 Tahun 2017 tentang Pengesahan Asean Convention Against Trafficking In Persons, Especially Women and Children (ko..."
835,akn_id_act_uu_2017_13.json,2017,2015 - 2019,Domain Tambahan,Barat Lembaran,"Domain Tambahan, Domain Pajak, Domain Hak, Domain Negara, Domain Barat","Barat Lembaran, Negara Republik, Lampiran Pelabuhan, Pajak Pasal, Pegawai Adalah, Uang Peraturan, Tambahan Ketentuan, Wilayah Agama, Peraturan Berlaku, Pemerintah Government, Daerah Perkataan, Daerah Papua",17,No,DOKUMEN HUKUM: Undang-Undang Nomor 13 Tahun 2017 tentang Pengesahan Persetujuan antara Republik Indonesia dan Republik Rakyat China tentang Ekstradisi...
836,akn_id_act_uu_2017_14.json,2017,2015 - 2019,Domain Tambahan,Negara Republik,"Domain Tambahan, Domain Pajak, Domain Hak, Domain Negara, Domain Barat","Negara Republik, Lampiran Pelabuhan, Uang Peraturan, Pegawai Adalah, Tambahan Ketentuan, Wilayah Agama, Peraturan Berlaku, Pemerintah Government, Daerah Papua",14,No,DOKUMEN HUKUM: Undang-Undang Nomor 14 Tahun 2017 tentang Pengesahan Persetujuan antara Pemerintah Republik Indonesia dan Pemerintah Negara Merdeka Pap...
837,akn_id_act_uu_2017_15.json,2017,2015 - 2019,Domain Tambahan,Barat Lembaran,"Domain Tambahan, Domain Pajak, Domain Hak, Domain Negara, Domain Barat","Barat Lembaran, Uang Peraturan, Pegawai Adalah, Adalah Dana, Tambahan Ketentuan, Desa Kota, Pengadilan Surat, Laporan Huruf, Tingkat Kecamatan, Pengetahuan Ilmu, Daerah Papua, Daerah Perkataan, Hak Ciptaan",18,No,DOKUMEN HUKUM: Undang-Undang Nomor 15 Tahun 2017 tentang Anggaran Pendapatan dan Belanja Negara Tahun Anggaran 2018  Pasal 1: Dalam Undang-Undang ini ...
838,akn_id_act_uu_2017_16.json,2017,2015 - 2019,Domain Barat,Negara Republik,"Domain Barat, Domain Tambahan, Domain Pajak, Domain Hak, Domain Negara","Negara Republik, Pegawai Adalah, Pengadilan Surat, Paling Adalah, Barat Lembaran, Tambahan Ketentuan, Tingkat Kecamatan, Peraturan Berlaku, Pemerintah Government, Daerah Papua, Hak Ciptaan, Lampiran Pelabuhan, Desa Kota, Wilayah Agama, Daerah Perkataan, Perhitungan Ketentuan, Uang Peraturan, Pajak Pasal",23,No,DOKUMEN HUKUM: Undang-Undang Nomor 16 Tahun 2017 tentang Penetapan Peraturan Pemerintah Pengganti Undang-Undang Nomor 2 Tahun 2017 tentang Perubahan a...
839,akn_id_act_uu_2017_17.json,2017,2015 - 2019,Domain Tambahan,Negara Republik,"Domain Tambahan, Domain Pajak, Domain Hak, Domain Negara, Domain Barat","Negara Republik, Lampiran Pelabuhan, Uang Peraturan, Pegawai Adalah, Tambahan Ketentuan, Wilayah Agama, Peraturan Berlaku, Pemerintah Government, Daerah Perkataan, Daerah Papua",15,No,DOKUMEN HUKUM: Undang-Undang Nomor 17 Tahun 2017 tentang Pengesahan Protocol Amending The Marrakesh Agreement Establishing The World Trade Organizatio...
840,akn_id_act_uu_2017_18.json,2017,2015 - 2019,Domain Hak,Paling Adalah,"Domain Hak, Domain Negara, Domain Barat","Paling Adalah, Negara Republik, Uang Peraturan, Pegawai Adalah, Pengadilan Surat, Daerah Papua, Daerah Perkataan, Hak Ciptaan",11,No,DOKUMEN HUKUM: Undang-Undang Nomor 18 Tahun 2017 tentang Pelindungan Pekerja Migran Indonesia  Pasal 1: Dalam Undang-Undang ini yang dimaksud dengan: ...
841,akn_id_act_uu_2017_2.json,2017,2015 - 2019,Domain Tambahan,Negara Republik,"Domain Tambahan, Domain Pajak, Domain Hak, Domain Negara, Domain Barat","Negara Republik, Pegawai Adalah, Pengetahuan Ilmu, Pengadilan Surat, Paling Adalah, Barat Lembaran, Tambahan Ketentuan, Tingkat Kecamatan, Peraturan Berlaku, Pemerintah Government, Daerah Papua, Hak Ciptaan, Lampiran Pelabuhan, Desa Kota, Daerah Perkataan, Uang Peraturan",21,No,DOKUMEN HUKUM: Undang-Undang Nomor 2 Tahun 2017 tentang Jasa Konstruksi  Pasal 1: Dalam Undang-Undang ini yang dimaksud dengan: 1. Jasa Konstruksi ada...
842,akn_id_act_uu_2017_3.json,2017,2015 - 2019,Domain Tambahan,Negara Republik,"Domain Tambahan, Domain Hak, Domain Negara, Domain Barat","Negara Republik, Lampiran Pelabuhan, Uang Peraturan, Pegawai Adalah, Desa Kota, Pengetahuan Ilmu, Pengadilan Surat, Pemerintah Government, Daerah Papua, Daerah Perkataan, Hak Ciptaan",15,No,DOKUMEN HUKUM: Undang-Undang Nomor 3 Tahun 2017 tentang Sistem Perbukuan  Pasal 1: Dalam Undang-Undang ini yang dimaksud dengan: 1. Sistem Perbukuan a...
843,akn_id_act_uu_2017_4.json,2017,2015 - 2019,Domain Tambahan,Barat Lembaran,"Domain Tambahan, Domain Pajak, Domain Hak, Domain Negara, Domain Barat","Barat Lembaran, Negara Republik, Lampiran Pelabuhan, Uang Peraturan, Pegawai Adalah, Tambahan Ketentuan, Tingkat Kecamatan, Wilayah Agama, Pemerintah Government, Daerah Perkataan, Daerah Papua",16,No,DOKUMEN HUKUM: Undang-Undang Nomor 4 Tahun 2017 tentang Pengesahan Antara Pemerintah Republik Indonesia dan Pemerintah Republik Filipina Mengenai Pene...
844,akn_id_act_uu_2017_5.json,2017,2015 - 2019,Domain Barat,Negara Republik,"Domain Barat, Domain Tambahan, Domain Pajak, Domain Hak, Domain Negara","Negara Republik, Pegawai Adalah, Pengetahuan Ilmu, Pengadilan Surat, Paling Adalah, Barat Lembaran, Tambahan Ketentuan, Tingkat Kecamatan, Peraturan Berlaku, Pemerintah Government, Daerah Papua, Hak Ciptaan, Lampiran Pelabuhan, Desa Kota, Wilayah Agama, Daerah Perkataan, Uang Peraturan, Pajak Pasal",23,No,DOKUMEN HUKUM: Undang-Undang Nomor 5 Tahun 2017 tentang Pemajuan Kebudayaan  Pasal 1: Dalam Undang-Undang ini yang dimaksud dengan: 1. Kebudayaan adal...
845,akn_id_act_uu_2017_6.json,2017,2015 - 2019,Domain Pajak,Negara Republik,"Domain Pajak, Domain Hak, Domain Negara, Domain Barat","Negara Republik, Pegawai Adalah, Desa Kota, Pengadilan Surat, Peraturan Berlaku, Daerah Perkataan, Hak Ciptaan",11,No,DOKUMEN HUKUM: Undang-Undang Nomor 6 Tahun 2017 tentang Arsitek  Pasal 1: Dalam Undang-Undang ini yang dimaksud dengan: 1. Arsitektur adalah wujud has...
846,akn_id_act_uu_2017_7.json,2017,2015 - 2019,Domain Tambahan,Barat Lembaran,"Domain Tambahan, Domain Hak, Domain Negara, Domain Barat","Barat Lembaran, Paling Adalah, Negara Republik, Lampiran Pelabuhan, Uang Peraturan, Pegawai Adalah, Tambahan Ketentuan, Desa Kota, Pengadilan Surat, Tingkat Kecamatan, Daerah Papua, Daerah Perkataan, Hak Ciptaan",17,No,DOKUMEN HUKUM: Undang-Undang Nomor 7 Tahun 2017 tentang Pemilihan Umum  Pasal 1: Dalam Undang-Undang ini yang dimaksud dengan:  1. Pemilihan Umum yang...
847,akn_id_act_uu_2017_8.json,2017,2015 - 2019,Domain Tambahan,Perhitungan Ketentuan,"Domain Tambahan, Domain Negara","Perhitungan Ketentuan, Uang Peraturan, Adalah Dana, Tambahan Ketentuan, Laporan Huruf",7,No,DOKUMEN HUKUM: Undang-Undang Nomor 8 Tahun 2017 tentang Perubahan Atas Undang-Undang Nomor 18 Tahun 2016 Tentang Anggaran Pendapatan Dan Belanja Negar...
848,akn_id_act_uu_2017_9.json,2017,2015 - 2019,Domain Barat,Negara Republik,"Domain Barat, Domain Tambahan, Domain Pajak, Domain Hak, Domain Negara","Negara Republik, Pegawai Adalah, Pengadilan Surat, Laporan Huruf, Paling Adalah, Barat Lembaran, Adalah Dana, Tambahan Ketentuan, Tingkat Kecamatan, Peraturan Berlaku, Pemerintah Government, Daerah Papua, Hak Ciptaan, Lampiran Pelabuhan, Desa Kota, Wilayah Agama, Daerah Perkataan, Perhitungan Ketentuan, Uang Peraturan, Pajak Pasal",25,No,DOKUMEN HUKUM: Undang-Undang Nomor 9 Tahun 2017 tentang Penetapan Peraturan Pemerintah Pengganti Undang-Undang Nomor 1 Tahun 2017 Tentang Akses Inform...
849,akn_id_act_uu_2018_1.json,2018,2015 - 2019,Domain Hak,Paling Adalah,"Domain Hak, Domain Negara, Domain Barat","Paling Adalah, Uang Peraturan, Pegawai Adalah, Desa Kota, Pengadilan Surat, Peraturan Berlaku, Daerah Papua, Daerah Perkataan, Hak Ciptaan",12,No,DOKUMEN HUKUM: Undang-Undang Nomor 1 Tahun 2018 tentang Kepalangmerahan  Pasal 1: Dalam Undang-Undang ini yang dimaksud dengan:  Pasal 2: Penyelenggar...
850,akn_id_act_uu_2018_10.json,2018,2015 - 2019,Domain Tambahan,Negara Republik,"Domain Tambahan, Domain Pajak, Domain Hak, Domain Negara, Domain Barat","Negara Republik, Lampiran Pelabuhan, Uang Peraturan, Pegawai Adalah, Tambahan Ketentuan, Peraturan Berlaku, Pemerintah Government, Daerah Perkataan, Daerah Papua",14,No,DOKUMEN HUKUM: Undang-Undang Nomor 10 Tahun 2018 tentang Pengesahan Persetujuan Kerja Sama Pertahanan Antara Pemerintah Republik Indonesia dan Pemerin...
851,akn_id_act_uu_2018_11.json,2018,2015 - 2019,Domain Tambahan,Negara Republik,"Domain Tambahan, Domain Pajak, Domain Hak, Domain Negara, Domain Barat","Negara Republik, Lampiran Pelabuhan, Uang Peraturan, Pegawai Adalah, Tambahan Ketentuan, Pengadilan Surat, Wilayah Agama, Peraturan Berlaku, Pemerintah Government, Daerah Perkataan, Daerah Papua",16,No,DOKUMEN HUKUM: Undang-Undang Nomor 11 Tahun 2018 tentang Pengesahan Nota Kesepahaman Antara Kementerian Pertahanan Republik Indonesia dan Kementerian ...
852,akn_id_act_uu_2018_12.json,2018,2015 - 2019,Domain Tambahan,Uang Peraturan,"Domain Tambahan, Domain Pajak, Domain Hak, Domain Negara, Domain Barat","Uang Peraturan, Adalah Dana, Tambahan Ketentuan, Desa Kota, Laporan Huruf, Tingkat Kecamatan, Pengetahuan Ilmu, Daerah Perkataan, Daerah Papua",14,No,DOKUMEN HUKUM: Undang-Undang Nomor 12 Tahun 2018 tentang Anggaran Pendapatan dan Belanja Negara Tahun Anggaran 2019  Pasal 1: Dalam Undang-Undang ini ...
853,akn_id_act_uu_2018_13.json,2018,2015 - 2019,Domain Barat,Negara Republik,"Domain Barat, Domain Tambahan, Domain Pajak, Domain Hak, Domain Negara","Negara Republik, Pegawai Adalah, Pengadilan Surat, Paling Adalah, Barat Lembaran, Tambahan Ketentuan, Tingkat Kecamatan, Peraturan Berlaku, Pemerintah Government, Daerah Papua, Hak Ciptaan, Lampiran Pelabuhan, Desa Kota, Wilayah Agama, Daerah Perkataan, Perhitungan Ketentuan, Uang Peraturan, Pajak Pasal",23,No,DOKUMEN HUKUM: Undang-Undang Nomor 13 Tahun 2018 tentang Serah Simpan Karya Cetak dan Karya Rekam  Pasal 1: Dalam Undang-Undang ini yang dimaksud deng...
854,akn_id_act_uu_2018_2.json,2018,2015 - 2019,Domain Hak,Belum Diklasifikasi,Domain Hak,,1,No,"DOKUMEN HUKUM: Undang-Undang Nomor 2 Tahun 2018 tentang Perubahan Kedua Atas Undang-undang Nomor 17 Tahun 2014 Tentang Majelis Permusyawaratan Rakyat,..."
855,akn_id_act_uu_2018_3.json,2018,2015 - 2019,Domain Tambahan,Negara Republik,"Domain Tambahan, Domain Pajak, Domain Hak, Domain Negara, Domain Barat","Negara Republik, Lampiran Pelabuhan, Uang Peraturan, Pegawai Adalah, Tambahan Ketentuan, Wilayah Agama, Peraturan Berlaku, Pemerintah Government, Daerah Perkataan, Daerah Papua",15,No,DOKUMEN HUKUM: Undang-Undang Nomor 3 Tahun 2018 tentang Pengesahan Persetujuan antara Pemerintah Republik Indonesia dan Pemerintah Kerajaan Thailand t...
856,akn_id_act_uu_2018_4.json,2018,2015 - 2019,Domain Tambahan,Negara Republik,"Domain Tambahan, Domain Pajak, Domain Hak, Domain Negara, Domain Barat","Negara Republik, Lampiran Pelabuhan, Uang Peraturan, Pegawai Adalah, Tambahan Ketentuan, Pemerintah Government, Daerah Perkataan, Daerah Papua",13,No,DOKUMEN HUKUM: Undang-Undang Nomor 4 Tahun 2018 tentang Pengesahan Protocol To Implement The Sixth Package Of Commitments On Financial Services Under ...
857,akn_id_act_uu_2018_5.json,2018,2015 - 2019,Domain Hak,Pegawai Adalah,"Domain Hak, Domain Barat","Pegawai Adalah, Desa Kota, Pengadilan Surat, Paling Adalah, Daerah Perkataan, Hak Ciptaan",8,No,DOKUMEN HUKUM: Undang-Undang Nomor 5 Tahun 2018 tentang Perubahan atas Undang-Undang Nomor 15 Tahun 2003 tentang Penetapan Peraturan Pemerintah Pengga...
858,akn_id_act_uu_2018_6.json,2018,2015 - 2019,Domain Tambahan,Barat Lembaran,"Domain Tambahan, Domain Pajak, Domain Hak, Domain Negara, Domain Barat","Barat Lembaran, Paling Adalah, Negara Republik, Uang Peraturan, Pegawai Adalah, Desa Kota, Pengadilan Surat, Tingkat Kecamatan, Pemerintah Government, Daerah Papua, Daerah Perkataan, Hak Ciptaan",17,No,DOKUMEN HUKUM: Undang-Undang Nomor 6 Tahun 2018 tentang Kekarantinaan Kesehatan  Pasal 1: Dalam Undang-Undang ini yang dimaksud dengan: 1. Kekarantina...
859,akn_id_act_uu_2018_7.json,2018,2015 - 2019,Domain Tambahan,Negara Republik,"Domain Tambahan, Domain Pajak, Domain Hak, Domain Negara, Domain Barat","Negara Republik, Lampiran Pelabuhan, Uang Peraturan, Pegawai Adalah, Tambahan Ketentuan, Wilayah Agama, Peraturan Berlaku, Pemerintah Government, Daerah Perkataan, Daerah Papua",15,No,DOKUMEN HUKUM: Undang-Undang Nomor 7 Tahun 2018 tentang Pengesahan Persetujuan antara Pemerintah Republik Indonesia dan Pemerintah Republik Korea tent...
860,akn_id_act_uu_2018_8.json,2018,2015 - 2019,Domain Tambahan,Uang Peraturan,"Domain Tambahan, Domain Negara","Uang Peraturan, Adalah Dana, Tambahan Ketentuan, Laporan Huruf, Paling Adalah",7,No,DOKUMEN HUKUM: Undang-Undang Nomor 8 Tahun 2018 tentang Pertanggungjawaban atas Pelaksanaan Anggaran Pendapatan dan Belanja Negara Tahun Anggaran 2017...
861,akn_id_act_uu_2018_9.json,2018,2015 - 2019,Domain Barat,Negara Republik,"Domain Barat, Domain Tambahan, Domain Pajak, Domain Hak, Domain Negara","Negara Republik, Pegawai Adalah, Pengadilan Surat, Laporan Huruf, Paling Adalah, Barat Lembaran, Adalah Dana, Tambahan Ketentuan, Tingkat Kecamatan, Peraturan Berlaku, Pemerintah Government, Daerah Papua, Hak Ciptaan, Lampiran Pelabuhan, Desa Kota, Wilayah Agama, Daerah Perkataan, Perhitungan Ketentuan, Uang Peraturan, Pajak Pasal",25,No,DOKUMEN HUKUM: Undang-Undang Nomor 9 Tahun 2018 tentang Penerimaan Negara Bukan Pajak  Pasal 1: Dalam Undang-Undang ini yang dimaksud dengan: Penerima...
862,akn_id_act_uu_2019_1.json,2019,2015 - 2019,Domain Tambahan,Negara Republik,"Domain Tambahan, Domain Pajak, Domain Negara, Domain Barat","Negara Republik, Lampiran Pelabuhan, Uang Peraturan, Pegawai Adalah, Tambahan Ketentuan, Wilayah Agama, Peraturan Berlaku, Pemerintah Government, Daerah Perkataan, Daerah Papua",14,No,DOKUMEN HUKUM: Undang-Undang Nomor 1 Tahun 2019 tentang Pengesahan Perjanjian Antara Republik Indonesia dan Persatuan Emirat Arab Mengenai Ekstradisi ...
863,akn_id_act_uu_2019_10.json,2019,2015 - 2019,Domain Tambahan,Barat Lembaran,"Domain Tambahan, Domain Pajak, Domain Hak, Domain Negara, Domain Barat","Barat Lembaran, Negara Republik, Lampiran Pelabuhan, Uang Peraturan, Pegawai Adalah, Tambahan Ketentuan, Pengadilan Surat, Tingkat Kecamatan, Wilayah Agama, Peraturan Berlaku, Pemerintah Government, Daerah Perkataan, Daerah Papua",18,No,DOKUMEN HUKUM: Undang-Undang Nomor 10 Tahun 2019 tentang Pengesahan Perjanjian antara Republik Indonesia dan Republik Islam Iran tentang Bantuan Timba...
864,akn_id_act_uu_2019_11.json,2019,2015 - 2019,Domain Tambahan,Paling Adalah,"Domain Tambahan, Domain Hak, Domain Negara, Domain Barat","Paling Adalah, Negara Republik, Uang Peraturan, Pegawai Adalah, Desa Kota, Pengetahuan Ilmu, Pengadilan Surat, Pemerintah Government, Daerah Papua, Daerah Perkataan, Hak Ciptaan",15,No,DOKUMEN HUKUM: Undang-Undang Nomor 11 Tahun 2019 tentang Sistem Nasional Ilmu Pengetahuan dan Teknologi  Pasal 2: Sistem Nasional Ilmu Pengetahuan dan...
865,akn_id_act_uu_2019_13.json,2019,2015 - 2019,Domain Barat,Negara Republik,"Domain Barat, Domain Tambahan, Domain Pajak, Domain Hak, Domain Negara","Negara Republik, Pegawai Adalah, Pengadilan Surat, Barat Lembaran, Tambahan Ketentuan, Tingkat Kecamatan, Peraturan Berlaku, Pemerintah Government, Lampiran Pelabuhan, Desa Kota, Wilayah Agama, Daerah Perkataan, Perhitungan Ketentuan, Uang Peraturan, Pajak Pasal",20,No,DOKUMEN HUKUM: Undang-Undang Nomor 13 Tahun 2019 tentang Perubahan Ketiga atas Undang-Undang Nomor 17 Tahun 2014 tentang Majelis Permusyawaratan Rakya...
866,akn_id_act_uu_2019_15.json,2019,2015 - 2019,Domain Tambahan,Negara Republik,"Domain Tambahan, Domain Pajak, Domain Hak, Domain Negara, Domain Barat","Negara Republik, Pegawai Adalah, Pengadilan Surat, Tambahan Ketentuan, Tingkat Kecamatan, Peraturan Berlaku, Pemerintah Government, Daerah Papua, Hak Ciptaan, Lampiran Pelabuhan, Desa Kota, Wilayah Agama, Daerah Perkataan, Perhitungan Ketentuan, Uang Peraturan",20,No,DOKUMEN HUKUM: Undang-Undang Nomor 15 Tahun 2019 tentang Perubahan Atas Undang-undang Nomor 12 Tahun 2011 Tentang Pembentukan Peraturan Perundang-unda...
867,akn_id_act_uu_2019_16.json,2019,2015 - 2019,Domain Tambahan,Perhitungan Ketentuan,"Domain Tambahan, Domain Pajak, Domain Negara","Perhitungan Ketentuan, Negara Republik, Tambahan Ketentuan, Pajak Pasal, Peraturan Berlaku, Daerah Perkataan",9,No,DOKUMEN HUKUM: Undang-Undang Nomor 16 Tahun 2019 tentang Perubahan atas Undang-undang Nomor 1 Tahun 1974 tentang Perkawinan  Pasal 65A: Pada saat Unda...
868,akn_id_act_uu_2019_17.json,2019,2015 - 2019,Domain Hak,Desa Kota,"Domain Hak, Domain Negara, Domain Barat","Desa Kota, Pengetahuan Ilmu, Pengadilan Surat, Tingkat Kecamatan, Daerah Papua, Daerah Perkataan, Hak Ciptaan",10,No,"DOKUMEN HUKUM: Undang-Undang Nomor 17 Tahun 2019 tentang Sumber Daya Air  Pasal 1: Dalam Undang-Undang ini yang dimaksud dengan: . Air air, air, yang ..."
869,akn_id_act_uu_2019_18.json,2019,2015 - 2019,Belum Diklasifikasi,Pengetahuan Ilmu,,Pengetahuan Ilmu,1,Yes,"DOKUMEN HUKUM: Undang-Undang Nomor 18 Tahun 2019 tentang Pesantren  Pasal 1: Dalam Undang-Undang ini yang dimaksud dengan: 1. Pondok Pesantren, Dayah,..."
870,akn_id_act_uu_2019_19.json,2019,2015 - 2019,Domain Tambahan,Paling Adalah,"Domain Tambahan, Domain Pajak, Domain Hak, Domain Negara, Domain Barat","Paling Adalah, Pajak Pasal, Pegawai Adalah, Uang Peraturan, Desa Kota, Pengadilan Surat, Peraturan Berlaku, Daerah Papua, Daerah Perkataan, Hak Ciptaan",15,No,DOKUMEN HUKUM: Undang-Undang Nomor 19 Tahun 2019 tentang Perubahan Kedua atas Undang-Undang Nomor 30 Tahun 2002 tentang Komisi Pemberantasan Tindak Pi...
871,akn_id_act_uu_2019_20.json,2019,2015 - 2019,Domain Barat,Pegawai Adalah,"Domain Barat, Domain Tambahan, Domain Pajak, Domain Hak, Domain Negara","Pegawai Adalah, Pengetahuan Ilmu, Pengadilan Surat, Laporan Huruf, Paling Adalah, Barat Lembaran, Adalah Dana, Tambahan Ketentuan, Tingkat Kecamatan, Daerah Papua, Hak Ciptaan, Desa Kota, Daerah Perkataan, Uang Peraturan, Pajak Pasal",20,No,DOKUMEN HUKUM: Undang-Undang Nomor 20 Tahun 2019 tentang Anggaran Pendapatan dan Belanja Negara Tahun Anggaran 2020  Pasal 1: Dalam Undang-Undang ini ...
872,akn_id_act_uu_2019_22.json,2019,2015 - 2019,Domain Pajak,Uang Peraturan,"Domain Pajak, Domain Hak, Domain Negara, Domain Barat","Uang Peraturan, Pegawai Adalah, Desa Kota, Pengadilan Surat, Laporan Huruf, Paling Adalah, Daerah Perkataan, Hak Ciptaan",12,No,DOKUMEN HUKUM: Undang-Undang Nomor 22 Tahun 2019 tentang Sistem Budi Daya Pertanian Berkelanjutan  Pasal 1: Dalam Undang-Undang ini yang dimaksud deng...
873,akn_id_act_uu_2019_23.json,2019,2015 - 2019,Domain Tambahan,Paling Adalah,"Domain Tambahan, Domain Pajak, Domain Hak, Domain Negara, Domain Barat","Paling Adalah, Pajak Pasal, Pegawai Adalah, Uang Peraturan, Adalah Dana, Desa Kota, Pengetahuan Ilmu, Pengadilan Surat, Tingkat Kecamatan, Peraturan Berlaku, Daerah Papua, Daerah Perkataan, Hak Ciptaan",18,No,DOKUMEN HUKUM: Undang-Undang Nomor 23 Tahun 2019 tentang PENGELOLAAN SUMBER DAYA NASIONAL UNTUK PERTAHANAN NEGARA  Pasal 1: Dalam Undang-Undang ini ya...
874,akn_id_act_uu_2019_24.json,2019,2015 - 2019,Belum Diklasifikasi,Pengetahuan Ilmu,,Pengetahuan Ilmu,1,Yes,DOKUMEN HUKUM: Undang-Undang Nomor 24 Tahun 2019 tentang Ekonomi Kreatif  Pasal 1: Dalam Undang-Undang ini yang dimaksud dengan: 1. Ekonomi Kreatif ad...
875,akn_id_act_uu_2019_3.json,2019,2015 - 2019,Domain Tambahan,Perhitungan Ketentuan,"Domain Tambahan, Domain Pajak, Domain Hak, Domain Negara, Domain Barat","Perhitungan Ketentuan, Negara Republik, Lampiran Pelabuhan, Uang Peraturan, Pegawai Adalah, Tambahan Ketentuan, Wilayah Agama, Peraturan Berlaku, Pemerintah Government, Daerah Perkataan, Daerah Papua",16,No,DOKUMEN HUKUM: Undang-Undang Nomor 3 Tahun 2019 tentang Pengesahan Nota Kesepahaman antara Kementerian Pertahanan Republik Indonesia dan Pemerintah Re...
876,akn_id_act_uu_2019_5.json,2019,2015 - 2019,Domain Tambahan,Perhitungan Ketentuan,"Domain Tambahan, Domain Pajak, Domain Hak, Domain Negara, Domain Barat","Perhitungan Ketentuan, Negara Republik, Lampiran Pelabuhan, Uang Peraturan, Pegawai Adalah, Tambahan Ketentuan, Wilayah Agama, Peraturan Berlaku, Pemerintah Government, Daerah Perkataan, Daerah Papua",16,No,DOKUMEN HUKUM: Undang-Undang Nomor 5 Tahun 2019 tentang Pengesahan Persetujuan Antara Pemerintah Republik Indonesia dan Pemerintah Republik Belarus Te...
877,akn_id_act_uu_2019_6.json,2019,2015 - 2019,Domain Tambahan,Negara Republik,"Domain Tambahan, Domain Pajak, Domain Hak, Domain Negara, Domain Barat","Negara Republik, Lampiran Pelabuhan, Uang Peraturan, Pegawai Adalah, Tambahan Ketentuan, Wilayah Agama, Peraturan Berlaku, Pemerintah Government, Daerah Perkataan, Daerah Papua",15,No,DOKUMEN HUKUM: Undang-Undang Nomor 6 Tahun 2019 tentang Pengesahan Perjanjian Mengenai Bantuan Timbal Balik dalam Masalah Pidana antara Republik Indon...
878,akn_id_act_uu_2019_7.json,2019,2015 - 2019,Domain Tambahan,Negara Republik,"Domain Tambahan, Domain Pajak, Domain Hak, Domain Negara, Domain Barat","Negara Republik, Lampiran Pelabuhan, Uang Peraturan, Pegawai Adalah, Tambahan Ketentuan, Peraturan Berlaku, Pemerintah Government, Daerah Perkataan, Daerah Papua",14,No,DOKUMEN HUKUM: Undang-Undang Nomor 7 Tahun 2019 tentang PENGESAHAN PERSETUJUAN ANTARA PEMERINTAH REPUBLIK INDONESIA DAN PEMERINTAH FEDERASI RUSIA TENT...
879,akn_id_act_uu_2019_8.json,2019,2015 - 2019,Domain Tambahan,Negara Republik,"Domain Tambahan, Domain Pajak, Domain Hak, Domain Negara, Domain Barat","Negara Republik, Pegawai Adalah, Pengadilan Surat, Paling Adalah, Barat Lembaran, Tambahan Ketentuan, Tingkat Kecamatan, Peraturan Berlaku, Pemerintah Government, Daerah Papua, Hak Ciptaan, Lampiran Pelabuhan, Desa Kota, Wilayah Agama, Daerah Perkataan, Uang Peraturan",21,No,DOKUMEN HUKUM: Undang-Undang Nomor 8 Tahun 2019 tentang Penyelenggaraan Ibadah Haji dan Umrah  Pasal 1: Dalam Undang-Undang ini yang dimaksud dengan: ...
880,akn_id_act_uu_2019_9.json,2019,2015 - 2019,Domain Tambahan,Negara Republik,"Domain Tambahan, Domain Pajak, Domain Hak, Domain Negara, Domain Barat","Negara Republik, Lampiran Pelabuhan, Uang Peraturan, Pegawai Adalah, Tambahan Ketentuan, Wilayah Agama, Peraturan Berlaku, Pemerintah Government, Daerah Perkataan, Daerah Papua",15,No,DOKUMEN HUKUM: Undang-Undang Nomor 9 Tahun 2019 tentang Pengesahan Perjanjian Antara Republik Indonesia dan Republik Islam Iran Tentang Ekstradisi (tr...
881,akn_id_act_uu_2020_1.json,2020,2020 - 2024,Domain Tambahan,Perhitungan Ketentuan,"Domain Tambahan, Domain Pajak, Domain Negara, Domain Barat","Perhitungan Ketentuan, Negara Republik, Lampiran Pelabuhan, Uang Peraturan, Pegawai Adalah, Tambahan Ketentuan, Peraturan Berlaku, Pemerintah Government, Daerah Papua",13,No,DOKUMEN HUKUM: Undang-Undang Nomor 1 Tahun 2020 tentang Pengesahan Persetujuan Kemitraan Ekonomi Komprehensif Indonesia–australia (indonesia–australia...
882,akn_id_act_uu_2020_10.json,2020,2020 - 2024,Domain Barat,Negara Republik,"Domain Barat, Domain Tambahan, Domain Pajak, Domain Hak, Domain Negara","Negara Republik, Pegawai Adalah, Pengadilan Surat, Laporan Huruf, Paling Adalah, Barat Lembaran, Adalah Dana, Tambahan Ketentuan, Tingkat Kecamatan, Peraturan Berlaku, Pemerintah Government, Daerah Papua, Hak Ciptaan, Lampiran Pelabuhan, Desa Kota, Wilayah Agama, Daerah Perkataan, Perhitungan Ketentuan, Uang Peraturan, Pajak Pasal",25,No,DOKUMEN HUKUM: Undang-Undang Nomor 10 Tahun 2020 tentang Bea Meterai  Pasal 1: Dalam Undang-Undang ini yang dimaksud dengan 1. Meterai adalah pajak at...
883,akn_id_act_uu_2020_11.json,2020,2020 - 2024,Domain Tambahan,Negara Republik,"Domain Tambahan, Domain Pajak, Domain Hak, Domain Negara, Domain Barat","Negara Republik, Pegawai Adalah, Pengetahuan Ilmu, Pengadilan Surat, Paling Adalah, Barat Lembaran, Adalah Dana, Tambahan Ketentuan, Tingkat Kecamatan, Pemerintah Government, Daerah Papua, Hak Ciptaan, Lampiran Pelabuhan, Desa Kota, Wilayah Agama, Daerah Perkataan, Uang Peraturan",22,No,DOKUMEN HUKUM: Undang-Undang Nomor 11 Tahun 2020 tentang CIPTA KERJA  Pasal 1: Dalam Undang-Unda ng ini yang dimaksud dengan: 1. Cipta Kerja adalah up...
884,akn_id_act_uu_2020_12.json,2020,2020 - 2024,Domain Tambahan,Negara Republik,"Domain Tambahan, Domain Pajak, Domain Hak, Domain Negara, Domain Barat","Negara Republik, Lampiran Pelabuhan, Uang Peraturan, Pegawai Adalah, Tambahan Ketentuan, Wilayah Agama, Peraturan Berlaku, Pemerintah Government, Daerah Perkataan, Daerah Papua",15,No,DOKUMEN HUKUM: Undang-Undang Nomor 12 Tahun 2020 tentang Pengesahan Persetujuan Antara Pemerintah Republik Indonesia dan Pemerintah Kerajaan Swedia Te...
885,akn_id_act_uu_2020_13.json,2020,2020 - 2024,Domain Tambahan,Negara Republik,"Domain Tambahan, Domain Pajak, Domain Hak, Domain Negara, Domain Barat","Negara Republik, Lampiran Pelabuhan, Uang Peraturan, Pegawai Adalah, Tambahan Ketentuan, Pemerintah Government, Daerah Perkataan, Daerah Papua",13,No,DOKUMEN HUKUM: Undang-Undang Nomor 13 Tahun 2020 tentang Pengesahan Protocol to Implement The Seventh Package of Commitments On Financial Services Und...
886,akn_id_act_uu_2020_2.json,2020,2020 - 2024,Domain Barat,Negara Republik,"Domain Barat, Domain Tambahan, Domain Pajak, Domain Hak, Domain Negara","Negara Republik, Pegawai Adalah, Pengadilan Surat, Laporan Huruf, Paling Adalah, Barat Lembaran, Tambahan Ketentuan, Tingkat Kecamatan, Peraturan Berlaku, Pemerintah Government, Daerah Papua, Lampiran Pelabuhan, Wilayah Agama, Daerah Perkataan, Perhitungan Ketentuan, Uang Peraturan, Pajak Pasal",22,No,DOKUMEN HUKUM: Undang-Undang Nomor 2 Tahun 2020 tentang Penetapan Peraturan Pemerintah Pengganti Undang-Undang Nomor 1 Tahun 2020 tentang Kebijakan Ke...
887,akn_id_act_uu_2020_3.json,2020,2020 - 2024,Domain Hak,Pegawai Adalah,"Domain Hak, Domain Negara, Domain Barat","Pegawai Adalah, Pengadilan Surat, Paling Adalah, Daerah Perkataan, Hak Ciptaan",8,No,DOKUMEN HUKUM: Undang-Undang Nomor 3 Tahun 2020 tentang Perubahan Atas Undang-undang Nomor 4 Tahun 2009 Tentang Pertambangan Mineral dan Batubara  Pas...
888,akn_id_act_uu_2020_4.json,2020,2020 - 2024,Domain Tambahan,Negara Republik,"Domain Tambahan, Domain Pajak, Domain Hak, Domain Negara, Domain Barat","Negara Republik, Lampiran Pelabuhan, Uang Peraturan, Pegawai Adalah, Tambahan Ketentuan, Pengadilan Surat, Wilayah Agama, Peraturan Berlaku, Pemerintah Government, Daerah Perkataan, Daerah Papua",16,No,DOKUMEN HUKUM: Undang-Undang Nomor 4 Tahun 2020 tentang Pengesahan Persetujuan Antara Pemerintah Republik Indonesia dan Kabinet Menteri Ukraina Tentan...
889,akn_id_act_uu_2020_5.json,2020,2020 - 2024,Domain Barat,Negara Republik,"Domain Barat, Domain Tambahan, Domain Pajak, Domain Hak, Domain Negara","Negara Republik, Pegawai Adalah, Pengadilan Surat, Barat Lembaran, Tambahan Ketentuan, Tingkat Kecamatan, Peraturan Berlaku, Pemerintah Government, Daerah Papua, Lampiran Pelabuhan, Wilayah Agama, Daerah Perkataan, Perhitungan Ketentuan, Uang Peraturan, Pajak Pasal",20,No,DOKUMEN HUKUM: Undang-Undang Nomor 5 Tahun 2020 tentang Pengesahan Perjanjian tentang Bantuan Hukum Timbal Balik dalam Masalah Pidana antara Republik ...
890,akn_id_act_uu_2020_6.json,2020,2020 - 2024,Domain Barat,Negara Republik,"Domain Barat, Domain Tambahan, Domain Pajak, Domain Hak, Domain Negara","Negara Republik, Pegawai Adalah, Pengadilan Surat, Paling Adalah, Barat Lembaran, Tambahan Ketentuan, Tingkat Kecamatan, Peraturan Berlaku, Pemerintah Government, Daerah Papua, Hak Ciptaan, Lampiran Pelabuhan, Desa Kota, Wilayah Agama, Daerah Perkataan, Perhitungan Ketentuan, Uang Peraturan, Pajak Pasal",23,No,DOKUMEN HUKUM: Undang-Undang Nomor 6 Tahun 2020 tentang Penetapan Peraturan Pemerintah Pengganti Undang-Undang Nomor 2 Tahun 2020 tentang Perubahan Ke...
891,akn_id_act_uu_2020_7.json,2020,2020 - 2024,Domain Tambahan,Perhitungan Ketentuan,"Domain Tambahan, Domain Pajak, Domain Hak, Domain Negara, Domain Barat","Perhitungan Ketentuan, Negara Republik, Pajak Pasal, Pegawai Adalah, Uang Peraturan, Tambahan Ketentuan, Pengadilan Surat, Wilayah Agama, Peraturan Berlaku, Pemerintah Government, Daerah Perkataan",16,No,"DOKUMEN HUKUM: Undang-Undang Nomor 7 Tahun 2020 tentang Perubahan Ketiga atas Undang-Undang Nomor 24 Tahun 2003 tentang Mahkamah Konstitusi  Pasal 87..."
892,akn_id_act_uu_2020_8.json,2020,2020 - 2024,Domain Tambahan,Perhitungan Ketentuan,"Domain Tambahan, Domain Negara","Perhitungan Ketentuan, Uang Peraturan, Adalah Dana, Tambahan Ketentuan, Laporan Huruf, Paling Adalah",8,No,DOKUMEN HUKUM: Undang-Undang Nomor 8 Tahun 2020 tentang Pertanggungjawaban atas Pelaksanaan Anggaran Pendapatan dan Belanja Negara Tahun Anggaran 2019...
893,akn_id_act_uu_2020_9.json,2020,2020 - 2024,Domain Tambahan,Uang Peraturan,"Domain Tambahan, Domain Pajak, Domain Hak, Domain Negara, Domain Barat","Uang Peraturan, Pegawai Adalah, Adalah Dana, Tambahan Ketentuan, Desa Kota, Pengadilan Surat, Laporan Huruf, Tingkat Kecamatan, Pengetahuan Ilmu, Daerah Papua, Daerah Perkataan, Hak Ciptaan",17,No,DOKUMEN HUKUM: Undang-Undang Nomor 9 Tahun 2020 tentang Anggaran Pendapatan dan Belanja Negara Tahun Anggaran 2021  Pasal 1: Dalam Undang-Undang ini y...
894,akn_id_act_uu_2021_1.json,2021,2020 - 2024,Domain Tambahan,Negara Republik,"Domain Tambahan, Domain Pajak, Domain Negara, Domain Barat","Negara Republik, Lampiran Pelabuhan, Uang Peraturan, Pegawai Adalah, Tambahan Ketentuan, Pemerintah Government, Daerah Papua",11,No,DOKUMEN HUKUM: Undang-Undang Nomor 1 Tahun 2021 tentang Pengesahan Comprehensive Economic Partnership Agreement Between The Republic of Indonesia and ...
895,akn_id_act_uu_2021_10.json,2021,2020 - 2024,Domain Barat,Negara Republik,"Domain Barat, Domain Tambahan, Domain Pajak, Domain Hak, Domain Negara","Negara Republik, Pegawai Adalah, Pengadilan Surat, Paling Adalah, Barat Lembaran, Adalah Dana, Tambahan Ketentuan, Tingkat Kecamatan, Peraturan Berlaku, Pemerintah Government, Daerah Papua, Hak Ciptaan, Desa Kota, Wilayah Agama, Daerah Perkataan, Perhitungan Ketentuan, Uang Peraturan, Pajak Pasal",23,No,"DOKUMEN HUKUM: Undang-Undang Nomor 10 Tahun 2021 tentang Pembentukan Pengadilan Tinggi Tata Usaha Negara Palembang, Pengadilan Tinggi Tata Usaha Negar..."
896,akn_id_act_uu_2021_11.json,2021,2020 - 2024,Domain Hak,Pegawai Adalah,"Domain Hak, Domain Barat","Pegawai Adalah, Pengetahuan Ilmu, Pengadilan Surat, Hak Ciptaan",6,No,DOKUMEN HUKUM: Undang-Undang Nomor 11 Tahun 2021 tentang Perubahan atas Undang-Undang Nomor 16 Tahun 2004 tentang Kejaksaan Republik Indonesia  Pasal ...
897,akn_id_act_uu_2021_2.json,2021,2020 - 2024,Domain Tambahan,Barat Lembaran,"Domain Tambahan, Domain Pajak, Domain Hak, Domain Negara, Domain Barat","Barat Lembaran, Negara Republik, Lampiran Pelabuhan, Pajak Pasal, Pegawai Adalah, Uang Peraturan, Tambahan Ketentuan, Wilayah Agama, Peraturan Berlaku, Pemerintah Government, Daerah Perkataan, Daerah Papua",17,No,DOKUMEN HUKUM: Undang-Undang Nomor 2 Tahun 2021 tentang Perubahan Kedua atas Undang-Undang Nomor 21 Tahun 2001 tentang Otonomi Khusus bagi Provinsi Pa...
898,akn_id_act_uu_2021_3.json,2021,2020 - 2024,Domain Tambahan,Uang Peraturan,"Domain Tambahan, Domain Negara","Uang Peraturan, Adalah Dana, Tambahan Ketentuan, Laporan Huruf, Paling Adalah",7,No,DOKUMEN HUKUM: Undang-Undang Nomor 3 Tahun 2021 tentang Pertanggungjawaban atas Pelaksanaan Anggaran Pendapatan dan Belanja Negara Tahun Anggaran 2020...
899,akn_id_act_uu_2021_4.json,2021,2020 - 2024,Domain Tambahan,Perhitungan Ketentuan,"Domain Tambahan, Domain Pajak, Domain Negara","Perhitungan Ketentuan, Negara Republik, Peraturan Berlaku, Pemerintah Government",7,No,DOKUMEN HUKUM: Undang-Undang Nomor 4 Tahun 2021 tentang Pengesahan ASEAN Agreement on Electronic Commerce (Persetujuan ASEAN tentang Perdagangan Melal...
900,akn_id_act_uu_2021_5.json,2021,2020 - 2024,Domain Tambahan,Barat Lembaran,"Domain Tambahan, Domain Pajak, Domain Hak, Domain Negara, Domain Barat","Barat Lembaran, Negara Republik, Lampiran Pelabuhan, Uang Peraturan, Pegawai Adalah, Tambahan Ketentuan, Pengadilan Surat, Tingkat Kecamatan, Wilayah Agama, Peraturan Berlaku, Pemerintah Government, Daerah Perkataan, Daerah Papua",18,No,DOKUMEN HUKUM: Undang-Undang Nomor 5 Tahun 2021 tentang Pengesahan Perjanjian Antara Republik Indonesia dan Federasi Rusia Tentang Bantuan Hukum Timba...
901,akn_id_act_uu_2021_6.json,2021,2020 - 2024,Domain Pajak,Barat Lembaran,"Domain Pajak, Domain Hak, Domain Barat, Domain Negara","Barat Lembaran, Paling Adalah, Pegawai Adalah, Uang Peraturan, Adalah Dana, Desa Kota, Pengetahuan Ilmu, Pengadilan Surat, Tingkat Kecamatan, Pajak Pasal, Daerah Papua, Daerah Perkataan, Hak Ciptaan",17,No,DOKUMEN HUKUM: Undang-Undang Nomor 6 Tahun 2021 tentang Anggaran Pendapatan dan Belanja Negara Tahun Anggaran 2022  Pasal 1: Dalam Undang-Undang ini y...
902,akn_id_act_uu_2021_7.json,2021,2020 - 2024,Domain Hak,Adalah Dana,"Domain Hak, Domain Negara","Adalah Dana, Pengetahuan Ilmu, Pengadilan Surat, Paling Adalah, Hak Ciptaan",7,No,DOKUMEN HUKUM: Undang-Undang Nomor 7 Tahun 2021 tentang Harmonisasi Peraturan Perpajakan  Pasal 40: Tindak pidana di bidang perpajakan tidak dapat dil...
903,akn_id_act_uu_2021_8.json,2021,2020 - 2024,Domain Hak,Barat Lembaran,"Domain Hak, Domain Negara, Domain Barat","Barat Lembaran, Negara Republik, Uang Peraturan, Pegawai Adalah, Pengadilan Surat, Tingkat Kecamatan, Wilayah Agama, Daerah Perkataan, Daerah Papua",12,No,"DOKUMEN HUKUM: Undang-Undang Nomor 8 Tahun 2021 tentang Pembentukan Pengadilan Tinggi Agama Bali, Pengadilan Tinggi Agama Papua Barat, Pengadilan Ting..."
904,akn_id_act_uu_2021_9.json,2021,2020 - 2024,Domain Negara,Negara Republik,"Domain Negara, Domain Barat","Negara Republik, Pegawai Adalah, Wilayah Agama, Daerah Papua",6,No,"DOKUMEN HUKUM: Undang-Undang Nomor 9 Tahun 2021 tentang Pembentukan Pengadilan Tinggi Papua Barat, Pengadilan Tinggi Kepulauan Riau, Pengadilan Tinggi..."
905,akn_id_act_uu_2022_1.json,2022,2020 - 2024,Domain Tambahan,Negara Republik,"Domain Tambahan, Domain Hak, Domain Negara, Domain Barat","Negara Republik, Pegawai Adalah, Pengetahuan Ilmu, Pengadilan Surat, Paling Adalah, Barat Lembaran, Adalah Dana, Tambahan Ketentuan, Tingkat Kecamatan, Pemerintah Government, Daerah Papua, Hak Ciptaan, Lampiran Pelabuhan, Desa Kota, Wilayah Agama, Daerah Perkataan, Uang Peraturan",21,No,DOKUMEN HUKUM: Undang-Undang Nomor 1 Tahun 2022 tentang HUBUNGAN KEUANGAN ANTARA PEMERINTAH PUSAT DAN PEMERINTAHAN DAERAH  Pasal 1: Dalam Undang-Undan...
906,akn_id_act_uu_2022_10.json,2022,2020 - 2024,Domain Tambahan,Barat Lembaran,"Domain Tambahan, Domain Negara, Domain Barat","Barat Lembaran, Negara Republik, Lampiran Pelabuhan, Uang Peraturan, Pegawai Adalah, Tingkat Kecamatan, Pemerintah Government, Daerah Papua",11,No,DOKUMEN HUKUM: Undang-Undang Nomor 10 Tahun 2022 tentang PROVINSI KALIMANTAN TIMUR  Pasal 1: Dalam Undang-Undang ini yang dimaksud dengan: 1. Provinsi...
907,akn_id_act_uu_2022_12.json,2022,2020 - 2024,Domain Hak,Pegawai Adalah,"Domain Hak, Domain Negara, Domain Barat","Pegawai Adalah, Desa Kota, Pengetahuan Ilmu, Pengadilan Surat, Paling Adalah, Daerah Perkataan, Hak Ciptaan",10,No,DOKUMEN HUKUM: Undang-Undang Nomor 12 Tahun 2022 tentang Tindak Pidana Kekerasan Seksual  Pasal 1: Dalam Undang-Undang ini yang dimaksud dengan: 1. Ti...
908,akn_id_act_uu_2022_14.json,2022,2020 - 2024,Domain Hak,Barat Lembaran,"Domain Hak, Domain Negara, Domain Barat","Barat Lembaran, Uang Peraturan, Pegawai Adalah, Adalah Dana, Desa Kota, Pengadilan Surat, Tingkat Kecamatan, Daerah Papua, Daerah Perkataan, Hak Ciptaan",13,No,DOKUMEN HUKUM: Undang-Undang Nomor 14 Tahun 2022 tentang Pembentukan Provinsi Papua Selatan  Pasal 1: Dalam Undang-Undang ini yang dimaksud dengan: 1....
909,akn_id_act_uu_2022_15.json,2022,2020 - 2024,Domain Tambahan,Negara Republik,"Domain Tambahan, Domain Hak, Domain Negara, Domain Barat","Negara Republik, Uang Peraturan, Pegawai Adalah, Desa Kota, Tingkat Kecamatan, Daerah Papua",10,No,DOKUMEN HUKUM: Undang-Undang Nomor 15 Tahun 2022 tentang Pembentukan Provinsi Papua Tengah  Pasal 1: Dalam Undang-Undang ini yang dimaksud dengan:  Pa...
910,akn_id_act_uu_2022_16.json,2022,2020 - 2024,Domain Hak,Barat Lembaran,"Domain Hak, Domain Negara, Domain Barat","Barat Lembaran, Uang Peraturan, Pegawai Adalah, Adalah Dana, Desa Kota, Pengadilan Surat, Tingkat Kecamatan, Daerah Papua, Daerah Perkataan, Hak Ciptaan",13,No,DOKUMEN HUKUM: Undang-Undang Nomor 16 Tahun 2022 tentang Pembentukan Provinsi Papua Pegunungan  Pasal 1: Dalam Undang-Undang ini yang dimaksud dengan:...
911,akn_id_act_uu_2022_18.json,2022,2020 - 2024,Domain Barat,Negara Republik,"Domain Barat, Domain Tambahan, Domain Pajak, Domain Hak, Domain Negara","Negara Republik, Pegawai Adalah, Barat Lembaran, Tambahan Ketentuan, Tingkat Kecamatan, Peraturan Berlaku, Pemerintah Government, Daerah Papua, Lampiran Pelabuhan, Desa Kota, Wilayah Agama, Daerah Perkataan, Perhitungan Ketentuan, Uang Peraturan, Pajak Pasal",20,No,DOKUMEN HUKUM: Undang-Undang Nomor 18 Tahun 2022 tentang Provinsi Jambi  Pasal 1: Dalam Undang-Undang ini yang dimaksud dengan:  Pasal 2: Tanggal 31 J...
912,akn_id_act_uu_2022_2.json,2022,2020 - 2024,Domain Tambahan,Barat Lembaran,"Domain Tambahan, Domain Pajak, Domain Hak, Domain Negara, Domain Barat","Barat Lembaran, Adalah Dana, Pegawai Adalah, Desa Kota, Pengetahuan Ilmu, Pengadilan Surat, Tingkat Kecamatan, Peraturan Berlaku, Daerah Papua, Daerah Perkataan, Hak Ciptaan",16,No,DOKUMEN HUKUM: Undang-Undang Nomor 2 Tahun 2022 tentang Perubahan Kedua atas Undang-Undang Nomor 38 Tahun 2004 tentang Jalan  Pasal 1: Dalam Undang-Un...
913,akn_id_act_uu_2022_20.json,2022,2020 - 2024,Domain Tambahan,Barat Lembaran,"Domain Tambahan, Domain Pajak, Domain Hak, Domain Negara, Domain Barat","Barat Lembaran, Pajak Pasal, Pegawai Adalah, Uang Peraturan, Desa Kota, Tingkat Kecamatan, Wilayah Agama, Peraturan Berlaku, Daerah Perkataan, Daerah Papua",15,No,DOKUMEN HUKUM: Undang-Undang Nomor 20 Tahun 2022 tentang Provinsi Nusa Tenggara Barat  Pasal 1: Dalam Undang-Undang ini yang dimaksud dengan:  Pasal 2...
914,akn_id_act_uu_2022_21.json,2022,2020 - 2024,Domain Tambahan,Negara Republik,"Domain Tambahan, Domain Pajak, Domain Hak, Domain Negara, Domain Barat","Negara Republik, Pegawai Adalah, Pengadilan Surat, Barat Lembaran, Tambahan Ketentuan, Tingkat Kecamatan, Peraturan Berlaku, Pemerintah Government, Daerah Papua, Lampiran Pelabuhan, Desa Kota, Wilayah Agama, Daerah Perkataan, Uang Peraturan",19,No,DOKUMEN HUKUM: Undang-Undang Nomor 21 Tahun 2022 tentang Undang-Undang Nomor 21 Tahun 2022  Pasal 1: 1. Provinsi Nusa Tenggara Timur adalah bagian dar...
915,akn_id_act_uu_2022_22.json,2022,2020 - 2024,Domain Tambahan,Negara Republik,"Domain Tambahan, Domain Pajak, Domain Hak, Domain Negara, Domain Barat","Negara Republik, Pegawai Adalah, Pengetahuan Ilmu, Pengadilan Surat, Paling Adalah, Tambahan Ketentuan, Peraturan Berlaku, Pemerintah Government, Daerah Papua, Hak Ciptaan, Lampiran Pelabuhan, Desa Kota, Wilayah Agama, Daerah Perkataan, Uang Peraturan",20,No,DOKUMEN HUKUM: Undang-Undang Nomor 22 Tahun 2022 tentang Pemasyarakatan  Pasal 1: Dalam Undang-Undang ini yang dimaksud dengan: 1. Pemasyarakatan adal...
916,akn_id_act_uu_2022_23.json,2022,2020 - 2024,Domain Hak,Negara Republik,"Domain Hak, Domain Negara, Domain Barat","Negara Republik, Pegawai Adalah, Desa Kota, Pengetahuan Ilmu, Pengadilan Surat, Pemerintah Government, Daerah Papua, Daerah Perkataan, Hak Ciptaan",12,No,DOKUMEN HUKUM: Undang-Undang Nomor 23 Tahun 2022 tentang Pendidikan dan Layanan Psikologi  Pasal 1: Dalam Undang-Undang ini yang dimaksud dengan: 1. P...
917,akn_id_act_uu_2022_24.json,2022,2020 - 2024,Domain Tambahan,Perhitungan Ketentuan,"Domain Tambahan, Domain Pajak, Domain Negara, Domain Barat","Perhitungan Ketentuan, Negara Republik, Lampiran Pelabuhan, Tambahan Ketentuan, Wilayah Agama, Peraturan Berlaku, Pemerintah Government",11,No,DOKUMEN HUKUM: Undang-Undang Nomor 24 Tahun 2022 tentang Pengesahan Regional Comprehensive Economic Partnership Agreement (persetujuan Kemitraan Ekono...
918,akn_id_act_uu_2022_25.json,2022,2020 - 2024,Domain Tambahan,Barat Lembaran,"Domain Tambahan, Domain Pajak, Domain Hak, Domain Negara, Domain Barat","Barat Lembaran, Negara Republik, Lampiran Pelabuhan, Uang Peraturan, Pegawai Adalah, Tambahan Ketentuan, Tingkat Kecamatan, Peraturan Berlaku, Pemerintah Government, Daerah Perkataan, Daerah Papua",16,No,DOKUMEN HUKUM: Undang-Undang Nomor 25 Tahun 2022 tentang Pengesahan Perjanjian Kemitraan Ekonomi Komprehensif Antara Pemerintah Republik Indonesia dan...
919,akn_id_act_uu_2022_26.json,2022,2020 - 2024,Domain Tambahan,Uang Peraturan,"Domain Tambahan, Domain Negara","Uang Peraturan, Adalah Dana, Tambahan Ketentuan, Laporan Huruf, Paling Adalah",7,No,DOKUMEN HUKUM: Undang-Undang Nomor 26 Tahun 2022 tentang Pertanggungiawaban atas Pelaksanaan Anggaran Pendapatan dan Belanja Negara Tahun Anggaran 202...
920,akn_id_act_uu_2022_27.json,2022,2020 - 2024,Domain Hak,Paling Adalah,"Domain Hak, Domain Negara, Domain Barat","Paling Adalah, Uang Peraturan, Pegawai Adalah, Adalah Dana, Desa Kota, Pengetahuan Ilmu, Pengadilan Surat, Daerah Papua, Daerah Perkataan, Hak Ciptaan",13,No,DOKUMEN HUKUM: Undang-Undang Nomor 27 Tahun 2022 tentang PELINDUNGAN DATA PRIBADI  Pasal 1: Dalam Undang-Undang ini yang dimaksud dengan: 1. Data Prib...
921,akn_id_act_uu_2022_28.json,2022,2020 - 2024,Domain Negara,Adalah Dana,Domain Negara,Adalah Dana,2,No,DOKUMEN HUKUM: Undang-Undang Nomor 28 Tahun 2022 tentang Anggaran Pendapatan dan Belanja Negara Tahun Anggaran 2023  Pasal 1: Dalam Undang-Undang ini ...
922,akn_id_act_uu_2022_29.json,2022,2020 - 2024,Domain Hak,Barat Lembaran,"Domain Hak, Domain Negara, Domain Barat","Barat Lembaran, Uang Peraturan, Pegawai Adalah, Adalah Dana, Desa Kota, Pengadilan Surat, Tingkat Kecamatan, Daerah Papua, Daerah Perkataan, Hak Ciptaan",13,No,DOKUMEN HUKUM: Undang-Undang Nomor 29 Tahun 2022 tentang Pembentukan Provinsi Papua Barat Daya  Pasal 1: Dalam Undang-Undang ini yang dimaksud dengan:...
923,akn_id_act_uu_2022_3.json,2022,2020 - 2024,Domain Hak,Barat Lembaran,"Domain Hak, Domain Negara, Domain Barat","Barat Lembaran, Pegawai Adalah, Desa Kota, Pengetahuan Ilmu, Pengadilan Surat, Tingkat Kecamatan, Daerah Papua",10,No,DOKUMEN HUKUM: Undang-Undang Nomor 3 Tahun 2022 tentang IBU KOTA NEGARA  Pasal 1: Dalam Undang-Undang ini yang dimaksud dengan: 1. Ibu Kota Negara ada...
924,akn_id_act_uu_2022_4.json,2022,2020 - 2024,Domain Tambahan,Barat Lembaran,"Domain Tambahan, Domain Negara, Domain Barat","Barat Lembaran, Negara Republik, Lampiran Pelabuhan, Uang Peraturan, Pegawai Adalah, Desa Kota, Tingkat Kecamatan, Wilayah Agama, Pemerintah Government, Daerah Papua",13,No,DOKUMEN HUKUM: Undang-Undang Nomor 4 Tahun 2022 tentang Provinsi Sulawesi Selatan  Pasal 1: Dalam Undang-Undang ini yang dimaksud dengan: . Provinsi S...
925,akn_id_act_uu_2022_5.json,2022,2020 - 2024,Domain Tambahan,Barat Lembaran,"Domain Tambahan, Domain Pajak, Domain Hak, Domain Negara, Domain Barat","Barat Lembaran, Negara Republik, Lampiran Pelabuhan, Uang Peraturan, Pegawai Adalah, Desa Kota, Tingkat Kecamatan, Wilayah Agama, Pemerintah Government, Daerah Perkataan, Daerah Papua",16,No,DOKUMEN HUKUM: Undang-Undang Nomor 5 Tahun 2022 tentang Provinsi Sulawesi Utara  Pasal 1: Dalam Undang-Undang ini yang dimaksud dengan: 1. Provinsi Su...
926,akn_id_act_uu_2022_6.json,2022,2020 - 2024,Domain Tambahan,Barat Lembaran,"Domain Tambahan, Domain Pajak, Domain Hak, Domain Negara, Domain Barat","Barat Lembaran, Negara Republik, Lampiran Pelabuhan, Uang Peraturan, Pegawai Adalah, Tambahan Ketentuan, Desa Kota, Tingkat Kecamatan, Wilayah Agama, Peraturan Berlaku, Pemerintah Government, Daerah Perkataan, Daerah Papua",18,No,DOKUMEN HUKUM: Undang-Undang Nomor 6 Tahun 2022 tentang Provinsi Sulawesi Tengah  Pasal 1: Dalam Undang-Undang ini yang dimaksud dengan: 1. Provinsi S...
927,akn_id_act_uu_2022_7.json,2022,2020 - 2024,Domain Tambahan,Barat Lembaran,"Domain Tambahan, Domain Negara, Domain Barat","Barat Lembaran, Negara Republik, Lampiran Pelabuhan, Uang Peraturan, Pegawai Adalah, Tingkat Kecamatan, Wilayah Agama, Pemerintah Government, Daerah Papua",12,No,DOKUMEN HUKUM: Undang-Undang Nomor 7 Tahun 2022 tentang Provinsi Sulawesi Tenggara  Pasal 1: Dalam Undang-Undang ini yang dimaksud dengan: 1. Provinsi...
928,akn_id_act_uu_2022_8.json,2022,2020 - 2024,Domain Tambahan,Barat Lembaran,"Domain Tambahan, Domain Negara, Domain Barat","Barat Lembaran, Negara Republik, Lampiran Pelabuhan, Uang Peraturan, Pegawai Adalah, Tingkat Kecamatan, Pemerintah Government, Daerah Papua",11,No,DOKUMEN HUKUM: Undang-Undang Nomor 8 Tahun 2022 tentang PROVINSI KALIMANTAN SELATAN  Pasal 1: Dalam Undang-Undang ini yang dimaksud dengan: 1. Provins...
929,akn_id_act_uu_2023_1.json,2023,2020 - 2024,Domain Pajak,Pegawai Adalah,"Domain Pajak, Domain Hak, Domain Barat, Domain Negara","Pegawai Adalah, Uang Peraturan, Desa Kota, Pengadilan Surat, Pajak Pasal, Peraturan Berlaku, Paling Adalah, Daerah Perkataan, Hak Ciptaan",13,No,DOKUMEN HUKUM: Undang-Undang Nomor 1 Tahun 2023 tentang Kitab Undang-Undang Hukum Pidana  Pasal 1: (1) Tidak ada satu perbuatan pun yang dapat dikenai...
930,akn_id_act_uu_2023_10.json,2023,2020 - 2024,Domain Negara,Barat Lembaran,"Domain Negara, Domain Barat","Barat Lembaran, Negara Republik, Pegawai Adalah, Tingkat Kecamatan, Daerah Papua",7,No,DOKUMEN HUKUM: Undang-Undang Nomor 10 Tahun 2023 tentang PROVINSI JAWA BARAT  Pasal 1: Dalam Undang-Undang ini yang dimaksud dengan: 1. Jawa Barat ada...
931,akn_id_act_uu_2023_11.json,2023,2020 - 2024,Domain Tambahan,Barat Lembaran,"Domain Tambahan, Domain Pajak, Domain Hak, Domain Negara, Domain Barat","Barat Lembaran, Negara Republik, Lampiran Pelabuhan, Uang Peraturan, Pegawai Adalah, Desa Kota, Tingkat Kecamatan, Wilayah Agama, Pemerintah Government, Daerah Papua",15,No,DOKUMEN HUKUM: Undang-Undang Nomor 11 Tahun 2023 tentang Provinsi Jawa Tengah  Pasal 1: Dalam Undang-Undang ini yang dimaksud dengan: 1. dari Provinsi...
932,akn_id_act_uu_2023_12.json,2023,2020 - 2024,Domain Tambahan,Barat Lembaran,"Domain Tambahan, Domain Pajak, Domain Hak, Domain Negara, Domain Barat","Barat Lembaran, Negara Republik, Lampiran Pelabuhan, Pajak Pasal, Pegawai Adalah, Uang Peraturan, Desa Kota, Tingkat Kecamatan, Wilayah Agama, Peraturan Berlaku, Daerah Perkataan, Daerah Papua",17,No,DOKUMEN HUKUM: Undang-Undang Nomor 12 Tahun 2023 tentang PROVINSI JAWA TIMUR  Pasal 1: Dalam Undang-Undang ini yang dimaksud dengan: l. Jawa Timur ada...
933,akn_id_act_uu_2023_13.json,2023,2020 - 2024,Domain Tambahan,Barat Lembaran,"Domain Tambahan, Domain Pajak, Domain Hak, Domain Negara, Domain Barat","Barat Lembaran, Negara Republik, Lampiran Pelabuhan, Uang Peraturan, Pegawai Adalah, Tambahan Ketentuan, Desa Kota, Tingkat Kecamatan, Peraturan Berlaku, Pemerintah Government, Daerah Papua",16,No,DOKUMEN HUKUM: Undang-Undang Nomor 13 Tahun 2023 tentang PROVINSI MALUKU  Pasal 1: Dalam Undang-Undang ini yang dimaksud dengan: 1. Provinsi Maluku ad...
934,akn_id_act_uu_2023_14.json,2023,2020 - 2024,Domain Tambahan,Barat Lembaran,"Domain Tambahan, Domain Negara, Domain Barat","Barat Lembaran, Negara Republik, Lampiran Pelabuhan, Uang Peraturan, Pegawai Adalah, Tingkat Kecamatan, Pemerintah Government, Daerah Papua",11,No,DOKUMEN HUKUM: Undang-Undang Nomor 14 Tahun 2023 tentang PROVINSI KALIMANTAN TENGAH  Pasal 1: Dalam Undang-Undang ini yang dimaksud dengan: 1. Provins...
935,akn_id_act_uu_2023_15.json,2023,2020 - 2024,Domain Tambahan,Barat Lembaran,"Domain Tambahan, Domain Hak, Domain Negara, Domain Barat","Barat Lembaran, Negara Republik, Lampiran Pelabuhan, Uang Peraturan, Pegawai Adalah, Desa Kota, Tingkat Kecamatan, Wilayah Agama, Pemerintah Government, Daerah Perkataan, Daerah Papua",15,No,DOKUMEN HUKUM: Undang-Undang Nomor 15 Tahun 2023 tentang PROVINSI BALI  Pasal 1: Dalam Undang-Undang ini yang dimaksud dengan: 1. Provinsi Bali adalah...
936,akn_id_act_uu_2023_16.json,2023,2020 - 2024,Domain Hak,Barat Lembaran,"Domain Hak, Domain Negara, Domain Barat","Barat Lembaran, Negara Republik, Pegawai Adalah, Desa Kota, Tingkat Kecamatan, Daerah Papua, Daerah Perkataan, Hak Ciptaan",11,No,DOKUMEN HUKUM: Undang-Undang Nomor 16 Tahun 2023 tentang Landas Kontinen  Pasal 1: Dalam Undang-Undang ini yang dimaksud dengan: 1. Landas Kontinen ad...
937,akn_id_act_uu_2023_17.json,2023,2020 - 2024,Domain Barat,Negara Republik,"Domain Barat, Domain Tambahan, Domain Pajak, Domain Hak, Domain Negara","Negara Republik, Pegawai Adalah, Pengadilan Surat, Laporan Huruf, Paling Adalah, Barat Lembaran, Adalah Dana, Peraturan Berlaku, Daerah Papua, Hak Ciptaan, Desa Kota, Daerah Perkataan, Uang Peraturan, Pajak Pasal",19,No,DOKUMEN HUKUM: Undang-Undang Nomor 17 Tahun 2023 tentang Kesehatan  Pasal 1: Dalam Undang-Undang ini yang dimaksud dengan: 1. Kesehatan adalah keadaan...
938,akn_id_act_uu_2023_18.json,2023,2020 - 2024,Domain Tambahan,Uang Peraturan,"Domain Tambahan, Domain Negara","Uang Peraturan, Adalah Dana, Tambahan Ketentuan, Laporan Huruf, Paling Adalah",7,No,DOKUMEN HUKUM: Undang-Undang Nomor 18 Tahun 2023 tentang Pertanggungjawaban atas Pelaksanaan Anggaran Pendapatan dan Belanja Negara Tahun Anggaran 202...
939,akn_id_act_uu_2023_19.json,2023,2020 - 2024,Domain Hak,Adalah Dana,"Domain Hak, Domain Negara, Domain Barat",Adalah Dana,4,No,DOKUMEN HUKUM: Undang-Undang Nomor 19 Tahun 2023 tentang Anggaran Pendapatan dan Belanja Negara Tahun Anggaran 2024  Pasal 1: Dalam Undang-Undang ini ...
940,akn_id_act_uu_2023_2.json,2023,2020 - 2024,Domain Hak,Pegawai Adalah,"Domain Hak, Domain Negara, Domain Barat","Pegawai Adalah, Pemerintah Government, Daerah Papua",6,No,DOKUMEN HUKUM: Undang-Undang Nomor 2 Tahun 2023 tentang Pengesahan Persetujuan Antara Pemerintah Republik Indonesia dan Pemerintah Republik Fiji Tenta...
941,akn_id_act_uu_2023_20.json,2023,2020 - 2024,Domain Hak,Pegawai Adalah,"Domain Hak, Domain Barat","Pegawai Adalah, Desa Kota, Pengadilan Surat, Daerah Perkataan, Daerah Papua",7,No,DOKUMEN HUKUM: Undang-Undang Nomor 20 Tahun 2023 tentang Aparatur Sipil Negara  Pasal 1: Dalam Undang-Undang ini yang dimaksud dengan: 1. Aparatur Sip...
942,akn_id_act_uu_2023_21.json,2023,2020 - 2024,Domain Tambahan,Perhitungan Ketentuan,"Domain Tambahan, Domain Pajak, Domain Hak, Domain Negara, Domain Barat","Perhitungan Ketentuan, Barat Lembaran, Negara Republik, Pajak Pasal, Uang Peraturan, Tambahan Ketentuan, Desa Kota, Tingkat Kecamatan, Wilayah Agama, Peraturan Berlaku, Pemerintah Government, Daerah Perkataan",17,No,DOKUMEN HUKUM: Undang-Undang Nomor 21 Tahun 2023 tentang Perubahan atas Undang-Undang Nomor 3 Tahun 2022 tentang Ibu Kota Negara
943,akn_id_act_uu_2023_22.json,2023,2020 - 2024,Domain Tambahan,Negara Republik,"Domain Tambahan, Domain Pajak, Domain Hak, Domain Negara, Domain Barat","Negara Republik, Lampiran Pelabuhan, Uang Peraturan, Pegawai Adalah, Tambahan Ketentuan, Peraturan Berlaku, Pemerintah Government, Daerah Perkataan, Daerah Papua",14,No,DOKUMEN HUKUM: Undang-Undang Nomor 22 Tahun 2023 tentang Pengesahan Treaty On The Prohibition of Nuclear Weapons (traktat Mengenai Pelarangan Senjata ...
944,akn_id_act_uu_2023_3.json,2023,2020 - 2024,Domain Tambahan,Negara Republik,"Domain Tambahan, Domain Pajak, Domain Hak, Domain Negara, Domain Barat","Negara Republik, Lampiran Pelabuhan, Uang Peraturan, Pegawai Adalah, Tambahan Ketentuan, Wilayah Agama, Peraturan Berlaku, Pemerintah Government, Daerah Perkataan, Daerah Papua",15,No,"DOKUMEN HUKUM: Undang-Undang Nomor 3 Tahun 2023 tentang Pengesahan Perjanjian Antara Pemerintah Republik Indonesia dan Pemerintah Republik Singapura ..."
945,akn_id_act_uu_2023_4.json,2023,2020 - 2024,Domain Hak,Paling Adalah,"Domain Hak, Domain Negara, Domain Barat","Paling Adalah, Pegawai Adalah, Desa Kota, Pengetahuan Ilmu, Pengadilan Surat, Daerah Papua, Daerah Perkataan, Hak Ciptaan",11,No,DOKUMEN HUKUM: Undang-Undang Nomor 4 Tahun 2023 tentang Pengembangan dan Penguatan Sektor Keuangan  Pasal 1: Dalam Undang-Undang ini yang dimaksud den...
946,akn_id_act_uu_2023_5.json,2023,2020 - 2024,Domain Tambahan,Barat Lembaran,"Domain Tambahan, Domain Pajak, Domain Hak, Domain Negara, Domain Barat","Barat Lembaran, Negara Republik, Lampiran Pelabuhan, Uang Peraturan, Pegawai Adalah, Tambahan Ketentuan, Pengadilan Surat, Tingkat Kecamatan, Wilayah Agama, Peraturan Berlaku, Pemerintah Government, Daerah Perkataan, Daerah Papua",18,No,DOKUMEN HUKUM: Undang-Undang Nomor 5 Tahun 2023 tentang Pengesahan Perjanjian Antara Pemerintah Republik Indonesia dan Pemerintah Republik Singapura T...
947,akn_id_act_uu_2023_6.json,2023,2020 - 2024,Domain Barat,Negara Republik,"Domain Barat, Domain Tambahan, Domain Pajak, Domain Hak, Domain Negara","Negara Republik, Pegawai Adalah, Pengadilan Surat, Laporan Huruf, Paling Adalah, Barat Lembaran, Adalah Dana, Tambahan Ketentuan, Tingkat Kecamatan, Peraturan Berlaku, Pemerintah Government, Daerah Papua, Hak Ciptaan, Lampiran Pelabuhan, Desa Kota, Daerah Perkataan, Uang Peraturan, Pajak Pasal",23,No,DOKUMEN HUKUM: Undang-Undang Nomor 6 Tahun 2023 tentang PENETAPAN PERATURAN PEMERINTAH PENGGANTI UNDANG-UNDANG NOMOR 2 TAHUN 2022 TENTANG CIPTA KERJA ...
948,akn_id_act_uu_2023_7.json,2023,2020 - 2024,Domain Barat,Negara Republik,"Domain Barat, Domain Tambahan, Domain Pajak, Domain Hak, Domain Negara","Negara Republik, Pegawai Adalah, Pengadilan Surat, Paling Adalah, Barat Lembaran, Tambahan Ketentuan, Tingkat Kecamatan, Peraturan Berlaku, Pemerintah Government, Daerah Papua, Hak Ciptaan, Lampiran Pelabuhan, Desa Kota, Wilayah Agama, Daerah Perkataan, Perhitungan Ketentuan, Uang Peraturan, Pajak Pasal",23,No,DOKUMEN HUKUM: Undang-Undang Nomor 7 Tahun 2023 tentang Penetapan Peraturan Pemerintah Pengganti Undang-Undang Nomor 1 Tahun 2022 tentang Perubahan at...
949,akn_id_act_uu_2023_8.json,2023,2020 - 2024,Domain Tambahan,Barat Lembaran,"Domain Tambahan, Domain Pajak, Domain Hak, Domain Negara, Domain Barat","Barat Lembaran, Negara Republik, Lampiran Pelabuhan, Uang Peraturan, Pegawai Adalah, Tambahan Ketentuan, Desa Kota, Tingkat Kecamatan, Wilayah Agama, Pemerintah Government, Daerah Perkataan, Daerah Papua",17,No,DOKUMEN HUKUM: Undang-Undang Nomor 8 Tahun 2023 tentang PROVINSI SUMATERA UTARA  Pasal 1: Dalam Undang-Undang ini yang dimaksud dengan: 1. Provinsi Su...
950,akn_id_act_uu_2023_9.json,2023,2020 - 2024,Domain Tambahan,Barat Lembaran,"Domain Tambahan, Domain Pajak, Domain Hak, Domain Negara, Domain Barat","Barat Lembaran, Negara Republik, Lampiran Pelabuhan, Uang Peraturan, Pegawai Adalah, Tambahan Ketentuan, Desa Kota, Tingkat Kecamatan, Peraturan Berlaku, Pemerintah Government, Daerah Perkataan, Daerah Papua",17,No,DOKUMEN HUKUM: Undang-Undang Nomor 9 Tahun 2023 tentang Provinsi Sumatera Selatan  Pasal 1: Dalam Undang-Undang ini yang dimaksud dengan: 1. Provinsi ...
951,akn_id_act_uu_2024_1.json,2024,2020 - 2024,Domain Tambahan,Negara Republik,"Domain Tambahan, Domain Pajak, Domain Hak, Domain Negara, Domain Barat","Negara Republik, Pegawai Adalah, Pengadilan Surat, Paling Adalah, Barat Lembaran, Tambahan Ketentuan, Tingkat Kecamatan, Peraturan Berlaku, Pemerintah Government, Daerah Papua, Hak Ciptaan, Lampiran Pelabuhan, Desa Kota, Wilayah Agama, Daerah Perkataan, Uang Peraturan",21,No,DOKUMEN HUKUM: Undang-Undang Nomor 1 Tahun 2024 tentang PERUBAHAN KEDUA ATAS UNDANG-UNDANG NOMOR 11 TAHUN 2008 TENTANG INFORMASI DAN TRANSAKSI ELEKTRO...
952,akn_id_act_uu_2024_10.json,2024,2020 - 2024,Domain Tambahan,Barat Lembaran,"Domain Tambahan, Domain Pajak, Domain Hak, Domain Negara, Domain Barat","Barat Lembaran, Negara Republik, Lampiran Pelabuhan, Uang Peraturan, Pegawai Adalah, Desa Kota, Tingkat Kecamatan, Pemerintah Government, Daerah Perkataan, Daerah Papua",15,No,DOKUMEN HUKUM: Undang-Undang Nomor 10 Tahun 2024 tentang Kabupaten Aceh Utara di Aceh  Pasal 1: Dalam Undang-Undang ini yang dimaksud dengan: Daerah O...
953,akn_id_act_uu_2024_100.json,2024,2020 - 2024,Domain Barat,Negara Republik,"Domain Barat, Domain Tambahan, Domain Pajak, Domain Hak, Domain Negara","Negara Republik, Pegawai Adalah, Pengadilan Surat, Paling Adalah, Barat Lembaran, Tambahan Ketentuan, Tingkat Kecamatan, Peraturan Berlaku, Pemerintah Government, Daerah Papua, Hak Ciptaan, Lampiran Pelabuhan, Desa Kota, Wilayah Agama, Daerah Perkataan, Perhitungan Ketentuan, Uang Peraturan, Pajak Pasal",23,No,DOKUMEN HUKUM: Undang-Undang Nomor 100 Tahun 2024 tentang KOTA BOGOR DI PROVINSI JAWA BARAT  Pasal 1: Dalam Undang-Undang ini yang dimaksud dengan: 1....
954,akn_id_act_uu_2024_101.json,2024,2020 - 2024,Domain Pajak,Barat Lembaran,"Domain Pajak, Domain Hak, Domain Barat, Domain Negara","Barat Lembaran, Desa Kota, Tingkat Kecamatan, Pajak Pasal, Peraturan Berlaku, Daerah Perkataan",10,No,DOKUMEN HUKUM: Undang-Undang Nomor 101 Tahun 2024 tentang KABUPATEN BEKASI DI PROVINSI JAWA BARAT  Pasal 7: Ketentuan mengenai susunan dan tata cara p...
955,akn_id_act_uu_2024_102.json,2024,2020 - 2024,Domain Pajak,Barat Lembaran,"Domain Pajak, Domain Hak, Domain Negara, Domain Barat","Barat Lembaran, Desa Kota, Tingkat Kecamatan, Wilayah Agama, Peraturan Berlaku, Daerah Perkataan",10,No,DOKUMEN HUKUM: Undang-Undang Nomor 102 Tahun 2024 tentang KABUPATEN BOGOR DI PROVINSI JAWA BARAT  Pasal 3: Kabupaten Bogor terdiri atas 40 (empat pulu...
956,akn_id_act_uu_2024_103.json,2024,2020 - 2024,Domain Pajak,Barat Lembaran,"Domain Pajak, Domain Hak, Domain Barat, Domain Negara","Barat Lembaran, Pegawai Adalah, Desa Kota, Tingkat Kecamatan, Wilayah Agama, Pajak Pasal, Peraturan Berlaku, Daerah Perkataan",12,No,DOKUMEN HUKUM: Undang-Undang Nomor 103 Tahun 2024 tentang KABUPATEN BANDUNG DI PROVINSI JAWA BARAT  Pasal 1: Dalam Undang-Undang ini yang dimaksud den...
957,akn_id_act_uu_2024_104.json,2024,2020 - 2024,Domain Pajak,Barat Lembaran,"Domain Pajak, Domain Hak, Domain Negara, Domain Barat","Barat Lembaran, Paling Adalah, Negara Republik, Uang Peraturan, Pegawai Adalah, Desa Kota, Pengadilan Surat, Tingkat Kecamatan, Wilayah Agama, Peraturan Berlaku, Daerah Papua, Daerah Perkataan, Hak Ciptaan",17,No,DOKUMEN HUKUM: Undang-Undang Nomor 104 Tahun 2024 tentang KOTA BANDUNG DI PROVINSI JAWA BARAT  Pasal 6: Ketentuan mengenai susunan dan tata cara penye...
958,akn_id_act_uu_2024_105.json,2024,2020 - 2024,Domain Pajak,Barat Lembaran,"Domain Pajak, Domain Hak, Domain Negara, Domain Barat","Barat Lembaran, Desa Kota, Tingkat Kecamatan, Wilayah Agama, Peraturan Berlaku, Daerah Perkataan",10,No,DOKUMEN HUKUM: Undang-Undang Nomor 105 Tahun 2024 tentang KABUPATEN SUMEDANG DI PROVINSI JAWA BARAT  Pasal 1: Dalam Undang-Undang ini yang dimaksud de...
959,akn_id_act_uu_2024_106.json,2024,2020 - 2024,Domain Pajak,Barat Lembaran,"Domain Pajak, Domain Barat","Barat Lembaran, Desa Kota, Tingkat Kecamatan, Peraturan Berlaku, Daerah Perkataan",7,No,DOKUMEN HUKUM: Undang-Undang Nomor 106 Tahun 2024 tentang KABUPATEN KUNINGAN DI PROVINSI JAWA BARAT  Pasal 1: Dalam Undang-Undang ini yang dimaksud de...
960,akn_id_act_uu_2024_107.json,2024,2020 - 2024,Domain Pajak,Barat Lembaran,"Domain Pajak, Domain Hak, Domain Barat, Domain Negara","Barat Lembaran, Desa Kota, Tingkat Kecamatan, Wilayah Agama, Pajak Pasal, Peraturan Berlaku, Daerah Perkataan",11,No,DOKUMEN HUKUM: Undang-Undang Nomor 107 Tahun 2024 tentang KABUPATEN CIREBON DI PROVINSI JAWA BARAT  Pasal 1: Dalam Undang-Undang ini yang dimaksud den...
961,akn_id_act_uu_2024_108.json,2024,2020 - 2024,Domain Barat,Negara Republik,"Domain Barat, Domain Tambahan, Domain Pajak, Domain Hak, Domain Negara","Negara Republik, Pegawai Adalah, Pengadilan Surat, Paling Adalah, Barat Lembaran, Tambahan Ketentuan, Tingkat Kecamatan, Peraturan Berlaku, Pemerintah Government, Daerah Papua, Hak Ciptaan, Desa Kota, Wilayah Agama, Daerah Perkataan, Uang Peraturan, Pajak Pasal",21,No,DOKUMEN HUKUM: Undang-Undang Nomor 108 Tahun 2024 tentang KOTA CIREBON DI PROVINSI JAWA BARAT  Pasal 6: Ketentuan mengenai susunan dan tata cara penye...
962,akn_id_act_uu_2024_109.json,2024,2020 - 2024,Domain Barat,Tingkat Kecamatan,Domain Barat,"Tingkat Kecamatan, Barat Lembaran, Desa Kota",4,No,DOKUMEN HUKUM: Undang-Undang Nomor 109 Tahun 2024 tentang Kabupaten Ciamis di Provinsi Jawa Barat  Pasal 1: Dalam Undang-Undang ini yang dimaksud deng...
963,akn_id_act_uu_2024_110.json,2024,2020 - 2024,Domain Pajak,Barat Lembaran,"Domain Pajak, Domain Barat","Barat Lembaran, Desa Kota, Tingkat Kecamatan, Peraturan Berlaku, Daerah Perkataan",7,No,DOKUMEN HUKUM: Undang-Undang Nomor 110 Tahun 2024 tentang KABUPATEN GARUT DI PROVINSI JAWA BARAT  Pasal 1: Dalam Undang-Undang ini yang dimaksud denga...
964,akn_id_act_uu_2024_111.json,2024,2020 - 2024,Domain Pajak,Barat Lembaran,"Domain Pajak, Domain Hak, Domain Negara, Domain Barat","Barat Lembaran, Pegawai Adalah, Desa Kota, Tingkat Kecamatan, Wilayah Agama, Peraturan Berlaku, Paling Adalah, Daerah Perkataan, Daerah Papua",13,No,DOKUMEN HUKUM: Undang-Undang Nomor 111 Tahun 2024 tentang KABUPATEN TASIKMALAYA DI PROVINSI JAWA BARAT  Pasal 3: Kabupaten Tasikmalaya terdiri atas 39...
965,akn_id_act_uu_2024_112.json,2024,2020 - 2024,Domain Pajak,Barat Lembaran,"Domain Pajak, Domain Hak, Domain Negara, Domain Barat","Barat Lembaran, Desa Kota, Tingkat Kecamatan, Wilayah Agama, Peraturan Berlaku, Daerah Perkataan, Daerah Papua",11,No,DOKUMEN HUKUM: Undang-Undang Nomor 112 Tahun 2024 tentang KABUPATEN INDRAMAYU DI PROVINSI JAWA BARAT  Pasal 1: Dalam Undang-Undang ini yang dimaksud d...
966,akn_id_act_uu_2024_113.json,2024,2020 - 2024,Domain Pajak,Barat Lembaran,"Domain Pajak, Domain Hak, Domain Negara, Domain Barat","Barat Lembaran, Desa Kota, Tingkat Kecamatan, Wilayah Agama, Peraturan Berlaku, Daerah Perkataan",10,No,DOKUMEN HUKUM: Undang-Undang Nomor 113 Tahun 2024 tentang KABUPATEN MAJALENGKA DI PROVINSI JAWA BARAT  Pasal 1: Dalam Undang-Undang ini yang dimaksud ...
967,akn_id_act_uu_2024_114.json,2024,2020 - 2024,Domain Pajak,Barat Lembaran,"Domain Pajak, Domain Hak, Domain Barat, Domain Negara","Barat Lembaran, Pegawai Adalah, Desa Kota, Tingkat Kecamatan, Wilayah Agama, Pajak Pasal, Peraturan Berlaku, Daerah Perkataan, Daerah Papua",13,No,DOKUMEN HUKUM: Undang-Undang Nomor 114 Tahun 2024 tentang KABUPATEN KARAWANG DI PROVINSI JAWA BARAT  Pasal 7: Ketentuan mengenai susunan dan tata cara...
968,akn_id_act_uu_2024_115.json,2024,2020 - 2024,Domain Pajak,Barat Lembaran,"Domain Pajak, Domain Hak, Domain Barat","Barat Lembaran, Desa Kota, Tingkat Kecamatan, Peraturan Berlaku, Daerah Perkataan",8,No,DOKUMEN HUKUM: Undang-Undang Nomor 115 Tahun 2024 tentang KABUPATEN LEBAK DI PROVINSI BANTEN  Pasal 1: Dalam Undang-Undang ini yang dimaksud dengan: 1...
969,akn_id_act_uu_2024_116.json,2024,2020 - 2024,Domain Pajak,Barat Lembaran,"Domain Pajak, Domain Hak, Domain Barat, Domain Negara","Barat Lembaran, Desa Kota, Tingkat Kecamatan, Wilayah Agama, Pajak Pasal, Peraturan Berlaku, Daerah Perkataan",11,No,DOKUMEN HUKUM: Undang-Undang Nomor 116 Tahun 2024 tentang KABUPATEN PANDEGLANG DI PROVINSI BANTEN  Pasal 3: Kabupaten Pandeglang terdiri atas 35 (tiga...
970,akn_id_act_uu_2024_117.json,2024,2020 - 2024,Domain Pajak,Barat Lembaran,"Domain Pajak, Domain Hak, Domain Barat","Barat Lembaran, Desa Kota, Tingkat Kecamatan, Wilayah Agama, Peraturan Berlaku, Daerah Perkataan",9,No,DOKUMEN HUKUM: Undang-Undang Nomor 117 Tahun 2024 tentang KABUPATEN SERANG DI PROVINSI BANTEN  Pasal 3: Kabupaten Serang terdiri atas 29 (dua puluh se...
971,akn_id_act_uu_2024_118.json,2024,2020 - 2024,Domain Pajak,Barat Lembaran,"Domain Pajak, Domain Barat","Barat Lembaran, Desa Kota, Tingkat Kecamatan, Peraturan Berlaku, Daerah Perkataan",7,No,DOKUMEN HUKUM: Undang-Undang Nomor 118 Tahun 2024 tentang KABUPATEN TANGERANG DI PROVINSI BANTEN  Pasal 3: Kabupaten Tangerang terdiri atas 29 (dua pu...
972,akn_id_act_uu_2024_119.json,2024,2020 - 2024,Domain Tambahan,Barat Lembaran,"Domain Tambahan, Domain Hak, Domain Negara, Domain Barat","Barat Lembaran, Negara Republik, Uang Peraturan, Pegawai Adalah, Desa Kota, Tingkat Kecamatan, Paling Adalah, Daerah Perkataan, Daerah Papua",13,No,DOKUMEN HUKUM: Undang-Undang Nomor 119 Tahun 2024 tentang KABUPATEN KULON PROGO DI PROVINSI ISTIMEWA YOGYAKARTA  Pasal 10: ini mulai berlaku pada Unda...
973,akn_id_act_uu_2024_120.json,2024,2020 - 2024,Domain Hak,Barat Lembaran,"Domain Hak, Domain Negara, Domain Barat","Barat Lembaran, Pegawai Adalah, Desa Kota, Tingkat Kecamatan, Wilayah Agama, Daerah Papua",9,No,DOKUMEN HUKUM: Undang-Undang Nomor 120 Tahun 2024 tentang KABUPATEN SLEMAN DI PROVINSI ISTIMEWA YOGYAKARTA  Pasal 1: Dalam Undang-Undang ini yang dima...
974,akn_id_act_uu_2024_121.json,2024,2020 - 2024,Domain Tambahan,Barat Lembaran,"Domain Tambahan, Domain Hak, Domain Negara, Domain Barat","Barat Lembaran, Negara Republik, Uang Peraturan, Pegawai Adalah, Desa Kota, Tingkat Kecamatan, Wilayah Agama, Daerah Perkataan, Daerah Papua",13,No,DOKUMEN HUKUM: Undang-Undang Nomor 121 Tahun 2024 tentang KOTA YOGYAKARTA DI DAERAH ISTIMEWA YOGYAKARTA  Pasal 1: Dalam Undang-Undang ini yang dimaksu...
975,akn_id_act_uu_2024_122.json,2024,2020 - 2024,Domain Hak,Barat Lembaran,"Domain Hak, Domain Negara, Domain Barat","Barat Lembaran, Negara Republik, Pegawai Adalah, Desa Kota, Tingkat Kecamatan, Wilayah Agama, Daerah Papua",10,No,DOKUMEN HUKUM: Undang-Undang Nomor 122 Tahun 2024 tentang KABUPATEN BANTUL DI DAERAH ISTIMEWA YOGYAKARTA  Pasal 1: Dalam Undang-Undang ini yang dimaks...
976,akn_id_act_uu_2024_123.json,2024,2020 - 2024,Domain Tambahan,Barat Lembaran,"Domain Tambahan, Domain Hak, Domain Negara, Domain Barat","Barat Lembaran, Negara Republik, Uang Peraturan, Pegawai Adalah, Desa Kota, Tingkat Kecamatan, Daerah Perkataan, Daerah Papua",12,No,DOKUMEN HUKUM: Undang-Undang Nomor 123 Tahun 2024 tentang KABUPATEN GUNUNGKIDUL DI DAERAH ISTIMEWA YOGYAKARTA  Pasal 1: Dalam Undang-Undang ini yang d...
977,akn_id_act_uu_2024_124.json,2024,2020 - 2024,Domain Tambahan,Barat Lembaran,"Domain Tambahan, Domain Pajak, Domain Hak, Domain Negara, Domain Barat","Barat Lembaran, Pajak Pasal, Pegawai Adalah, Desa Kota, Tingkat Kecamatan, Wilayah Agama, Peraturan Berlaku, Daerah Perkataan, Daerah Papua",14,No,DOKUMEN HUKUM: Undang-Undang Nomor 124 Tahun 2024 tentang KABUPATEN DONGGALA DI PROVINSI SULAWESI TENGAH  Pasal 6: Kabupaten Donggala memiliki karakte...
978,akn_id_act_uu_2024_125.json,2024,2020 - 2024,Domain Pajak,Barat Lembaran,"Domain Pajak, Domain Hak, Domain Negara, Domain Barat","Barat Lembaran, Pegawai Adalah, Desa Kota, Pengadilan Surat, Tingkat Kecamatan, Wilayah Agama, Peraturan Berlaku, Daerah Perkataan, Daerah Papua",13,No,DOKUMEN HUKUM: Undang-Undang Nomor 125 Tahun 2024 tentang KABUPATEN TOLI-TOLI DI PROVINSI SULAWESI TENGAH  Pasal 1: Dalam Undang-Undang ini yang dimak...
979,akn_id_act_uu_2024_126.json,2024,2020 - 2024,Domain Tambahan,Barat Lembaran,"Domain Tambahan, Domain Pajak, Domain Hak, Domain Negara, Domain Barat","Barat Lembaran, Negara Republik, Pajak Pasal, Pegawai Adalah, Uang Peraturan, Desa Kota, Tingkat Kecamatan, Wilayah Agama, Peraturan Berlaku, Daerah Perkataan, Daerah Papua",16,No,DOKUMEN HUKUM: Undang-Undang Nomor 126 Tahun 2024 tentang KABUPATEN BANGGAI DI PROVINSI SULAWESI TENGAH  Pasal 4: REPUBLIK TNDONESIA -4-  Pasal 5: Ibu...
980,akn_id_act_uu_2024_127.json,2024,2020 - 2024,Domain Barat,Negara Republik,"Domain Barat, Domain Tambahan, Domain Pajak, Domain Hak, Domain Negara","Negara Republik, Pegawai Adalah, Barat Lembaran, Tambahan Ketentuan, Tingkat Kecamatan, Peraturan Berlaku, Daerah Papua, Lampiran Pelabuhan, Desa Kota, Wilayah Agama, Daerah Perkataan, Perhitungan Ketentuan, Uang Peraturan, Pajak Pasal",19,No,DOKUMEN HUKUM: Undang-Undang Nomor 127 Tahun 2024 tentang KABUPATEN POSO DI PROVINSI SULAWESI TENGAH  Pasal 2: Tanggal 4 Juli 1959 merupakan tanggal p...
981,akn_id_act_uu_2024_128.json,2024,2020 - 2024,Domain Barat,Negara Republik,"Domain Barat, Domain Tambahan, Domain Pajak, Domain Hak, Domain Negara","Negara Republik, Pegawai Adalah, Pengadilan Surat, Paling Adalah, Barat Lembaran, Tambahan Ketentuan, Tingkat Kecamatan, Peraturan Berlaku, Daerah Papua, Lampiran Pelabuhan, Desa Kota, Wilayah Agama, Daerah Perkataan, Perhitungan Ketentuan, Uang Peraturan, Pajak Pasal",21,No,DOKUMEN HUKUM: Undang-Undang Nomor 128 Tahun 2024 tentang KABUPATEN SINJAI DI PROVINSI SULAWESI SELATAN  Pasal 1: Dalam Undang-Undang ini yang dimaksu...
982,akn_id_act_uu_2024_129.json,2024,2020 - 2024,Domain Barat,Negara Republik,"Domain Barat, Domain Tambahan, Domain Pajak, Domain Hak, Domain Negara","Negara Republik, Pegawai Adalah, Barat Lembaran, Tambahan Ketentuan, Tingkat Kecamatan, Peraturan Berlaku, Pemerintah Government, Daerah Papua, Lampiran Pelabuhan, Desa Kota, Wilayah Agama, Daerah Perkataan, Uang Peraturan, Pajak Pasal",19,No,DOKUMEN HUKUM: Undang-Undang Nomor 129 Tahun 2024 tentang KABUPATEN BULUKUMBA DI PROVINSI SULAWESI SELATAN  Pasal 1: Dalam Undang-Undang ini yang dima...
983,akn_id_act_uu_2024_13.json,2024,2020 - 2024,Domain Barat,Negara Republik,"Domain Barat, Domain Tambahan, Domain Pajak, Domain Hak, Domain Negara","Negara Republik, Pegawai Adalah, Pengadilan Surat, Paling Adalah, Barat Lembaran, Tambahan Ketentuan, Tingkat Kecamatan, Peraturan Berlaku, Pemerintah Government, Daerah Papua, Hak Ciptaan, Lampiran Pelabuhan, Desa Kota, Wilayah Agama, Daerah Perkataan, Perhitungan Ketentuan, Uang Peraturan, Pajak Pasal",23,No,DOKUMEN HUKUM: Undang-Undang Nomor 13 Tahun 2024 tentang Kota Binjai di Provinsi Sumatera Utara  Pasal 2: Tanggal 24 November 1956 merupakan tanggal p...
984,akn_id_act_uu_2024_130.json,2024,2020 - 2024,Domain Pajak,Barat Lembaran,"Domain Pajak, Domain Barat, Domain Negara","Barat Lembaran, Tingkat Kecamatan, Peraturan Berlaku, Daerah Perkataan",7,No,DOKUMEN HUKUM: Undang-Undang Nomor 130 Tahun 2024 tentang KABUPATEN BONE DI PROVINSI SULAWESI SELATAN  Pasal 3: Kabupaten Bone terdiri atas 27 (dua pu...
985,akn_id_act_uu_2024_131.json,2024,2020 - 2024,Domain Pajak,Barat Lembaran,"Domain Pajak, Domain Barat, Domain Negara","Barat Lembaran, Desa Kota, Tingkat Kecamatan, Wilayah Agama, Peraturan Berlaku, Daerah Perkataan",9,No,DOKUMEN HUKUM: Undang-Undang Nomor 131 Tahun 2024 tentang KABUPATEN JENEPONTO DI PROVINSI SULAWESI SELATAN  Pasal 1: Dalam Undang-Undang ini yang dima...
986,akn_id_act_uu_2024_132.json,2024,2020 - 2024,Domain Barat,Negara Republik,"Domain Barat, Domain Tambahan, Domain Pajak, Domain Hak, Domain Negara","Negara Republik, Pegawai Adalah, Barat Lembaran, Tambahan Ketentuan, Tingkat Kecamatan, Peraturan Berlaku, Pemerintah Government, Daerah Papua, Lampiran Pelabuhan, Desa Kota, Wilayah Agama, Daerah Perkataan, Uang Peraturan, Pajak Pasal",19,No,DOKUMEN HUKUM: Undang-Undang Nomor 132 Tahun 2024 tentang KABUPATEN TAKALAR DI PROVINSI SULAWESI SELATAN  Pasal 1: Dalam Undang-Undang ini yang dimaks...
987,akn_id_act_uu_2024_14.json,2024,2020 - 2024,Domain Barat,Negara Republik,"Domain Barat, Domain Tambahan, Domain Pajak, Domain Hak, Domain Negara","Negara Republik, Pegawai Adalah, Pengadilan Surat, Barat Lembaran, Tambahan Ketentuan, Tingkat Kecamatan, Peraturan Berlaku, Pemerintah Government, Daerah Papua, Lampiran Pelabuhan, Desa Kota, Wilayah Agama, Daerah Perkataan, Uang Peraturan, Pajak Pasal",20,No,DOKUMEN HUKUM: Undang-Undang Nomor 14 Tahun 2024 tentang Kabupaten Langkat di Provinsi Sumatera Utara  Pasal 2: Tanggal 24 November 1956 merupakan tan...
988,akn_id_act_uu_2024_16.json,2024,2020 - 2024,Domain Tambahan,Barat Lembaran,"Domain Tambahan, Domain Pajak, Domain Hak, Domain Negara, Domain Barat","Barat Lembaran, Negara Republik, Lampiran Pelabuhan, Pajak Pasal, Pegawai Adalah, Uang Peraturan, Desa Kota, Tingkat Kecamatan, Peraturan Berlaku, Daerah Perkataan, Daerah Papua",16,No,DOKUMEN HUKUM: Undang-Undang Nomor 16 Tahun 2024 tentang Kota Medan di Provinsi Sumatera Utara  Pasal 2: Tanggal 24 November 1956 merupakan tanggal pe...
989,akn_id_act_uu_2024_17.json,2024,2020 - 2024,Domain Barat,Negara Republik,"Domain Barat, Domain Tambahan, Domain Pajak, Domain Hak, Domain Negara","Negara Republik, Pegawai Adalah, Pengadilan Surat, Paling Adalah, Barat Lembaran, Tambahan Ketentuan, Tingkat Kecamatan, Peraturan Berlaku, Pemerintah Government, Daerah Papua, Hak Ciptaan, Lampiran Pelabuhan, Desa Kota, Wilayah Agama, Daerah Perkataan, Perhitungan Ketentuan, Uang Peraturan, Pajak Pasal",23,No,DOKUMEN HUKUM: Undang-Undang Nomor 17 Tahun 2024 tentang Kota Tebing Tinggi di Provinsi Sumatera Utara  Pasal 2: Tanggal 24 November 1956 merupakan ta...
990,akn_id_act_uu_2024_18.json,2024,2020 - 2024,Domain Barat,Negara Republik,"Domain Barat, Domain Tambahan, Domain Pajak, Domain Hak, Domain Negara","Negara Republik, Pegawai Adalah, Pengadilan Surat, Barat Lembaran, Tambahan Ketentuan, Tingkat Kecamatan, Peraturan Berlaku, Pemerintah Government, Daerah Papua, Lampiran Pelabuhan, Desa Kota, Wilayah Agama, Daerah Perkataan, Uang Peraturan, Pajak Pasal",20,No,DOKUMEN HUKUM: Undang-Undang Nomor 18 Tahun 2024 tentang Kabupaten Deli Serdang di Provinsi Sumatera Utara  Pasal 2: Tanggal 24 November 1956 merupaka...
991,akn_id_act_uu_2024_19.json,2024,2020 - 2024,Domain Barat,Negara Republik,"Domain Barat, Domain Tambahan, Domain Pajak, Domain Hak, Domain Negara","Negara Republik, Pegawai Adalah, Pengadilan Surat, Barat Lembaran, Tambahan Ketentuan, Tingkat Kecamatan, Peraturan Berlaku, Pemerintah Government, Daerah Papua, Lampiran Pelabuhan, Desa Kota, Wilayah Agama, Daerah Perkataan, Perhitungan Ketentuan, Uang Peraturan, Pajak Pasal",21,No,DOKUMEN HUKUM: Undang-Undang Nomor 19 Tahun 2024 tentang Kota Tanjungbalai di Provinsi Sumatera Utara  Pasal 2: Tanggal 24 November 1956 merupakan tan...
992,akn_id_act_uu_2024_2.json,2024,2020 - 2024,Domain Tambahan,Barat Lembaran,"Domain Tambahan, Domain Hak, Domain Negara, Domain Barat","Barat Lembaran, Negara Republik, Lampiran Pelabuhan, Uang Peraturan, Pegawai Adalah, Desa Kota, Pengetahuan Ilmu, Pengadilan Surat, Tingkat Kecamatan, Pemerintah Government, Daerah Papua, Daerah Perkataan, Hak Ciptaan",17,No,DOKUMEN HUKUM: Undang-Undang Nomor 2 Tahun 2024 tentang Provinsi Daerah Khusus Jakarta  Pasal 1: Dalam Undang-Undang ini yang dimaksud dengan Provinsi...
993,akn_id_act_uu_2024_22.json,2024,2020 - 2024,Domain Tambahan,Barat Lembaran,"Domain Tambahan, Domain Pajak, Domain Hak, Domain Negara, Domain Barat","Barat Lembaran, Negara Republik, Pajak Pasal, Pegawai Adalah, Uang Peraturan, Desa Kota, Tingkat Kecamatan, Wilayah Agama, Peraturan Berlaku, Daerah Perkataan, Daerah Papua",16,No,DOKUMEN HUKUM: Undang-Undang Nomor 22 Tahun 2024 tentang Kabupaten Tapanuli Utara di Provinsi Sumatera Utara  Pasal 1: Dalam Undang-Undang ini yang di...
994,akn_id_act_uu_2024_25.json,2024,2020 - 2024,Domain Tambahan,Barat Lembaran,"Domain Tambahan, Domain Hak, Domain Negara, Domain Barat","Barat Lembaran, Negara Republik, Lampiran Pelabuhan, Uang Peraturan, Pegawai Adalah, Desa Kota, Tingkat Kecamatan, Pemerintah Government, Daerah Perkataan, Daerah Papua",14,No,DOKUMEN HUKUM: Undang-Undang Nomor 25 Tahun 2024 tentang Kota Pematangsiantar di Provinsi Sumatera Utara  Pasal 1: Dalam Undang-Undang ini yang dimaks...
995,akn_id_act_uu_2024_29.json,2024,2020 - 2024,Domain Tambahan,Barat Lembaran,"Domain Tambahan, Domain Pajak, Domain Hak, Domain Negara, Domain Barat","Barat Lembaran, Lampiran Pelabuhan, Pajak Pasal, Pegawai Adalah, Uang Peraturan, Tambahan Ketentuan, Desa Kota, Tingkat Kecamatan, Peraturan Berlaku, Daerah Perkataan, Daerah Papua",16,No,DOKUMEN HUKUM: Undang-Undang Nomor 29 Tahun 2024 tentang Kota Pangkal Pinang di Provinsi Kepulauan Bangka Belitung  Pasal 1: Dalam Undang-Undang ini y...
996,akn_id_act_uu_2024_3.json,2024,2020 - 2024,Domain Tambahan,Negara Republik,"Domain Tambahan, Domain Pajak, Domain Hak, Domain Negara, Domain Barat","Negara Republik, Pegawai Adalah, Pengetahuan Ilmu, Pengadilan Surat, Paling Adalah, Barat Lembaran, Adalah Dana, Tambahan Ketentuan, Tingkat Kecamatan, Pemerintah Government, Daerah Papua, Hak Ciptaan, Lampiran Pelabuhan, Desa Kota, Daerah Perkataan, Uang Peraturan",21,No,DOKUMEN HUKUM: Undang-Undang Nomor 3 Tahun 2024 tentang Perubahan Kedua atas Undang-Undang Nomor 6 Tahun 2014 tentang Desa  Pasal 2: Desa menyelenggar...
997,akn_id_act_uu_2024_31.json,2024,2020 - 2024,Domain Tambahan,Barat Lembaran,"Domain Tambahan, Domain Pajak, Domain Hak, Domain Negara, Domain Barat","Barat Lembaran, Negara Republik, Lampiran Pelabuhan, Uang Peraturan, Pegawai Adalah, Tambahan Ketentuan, Desa Kota, Tingkat Kecamatan, Pemerintah Government, Daerah Perkataan, Daerah Papua",16,No,DOKUMEN HUKUM: Undang-Undang Nomor 31 Tahun 2024 tentang Kabupaten Belitung di Provinsi Kepulauan Bangka Belitung  Pasal 1: Dalam Undang-Undang ini ya...
998,akn_id_act_uu_2024_32.json,2024,2020 - 2024,Domain Tambahan,Perhitungan Ketentuan,"Domain Tambahan, Domain Pajak, Domain Hak, Domain Negara, Domain Barat","Perhitungan Ketentuan, Negara Republik, Pajak Pasal, Tambahan Ketentuan, Desa Kota, Peraturan Berlaku, Pemerintah Government, Daerah Perkataan, Hak Ciptaan",14,No,DOKUMEN HUKUM: Undang-Undang Nomor 32 Tahun 2024 tentang Perubahan atas Undang-Undang Nomor 5 Tahun 1990 tentang Konservasi Sumber Daya Alam Hayati da...
999,akn_id_act_uu_2024_33.json,2024,2020 - 2024,Domain Tambahan,Barat Lembaran,"Domain Tambahan, Domain Pajak, Domain Hak, Domain Negara, Domain Barat","Barat Lembaran, Negara Republik, Uang Peraturan, Pegawai Adalah, Desa Kota, Tingkat Kecamatan, Wilayah Agama, Peraturan Berlaku, Daerah Perkataan, Daerah Papua",15,No,DOKUMEN HUKUM: Undang-Undang Nomor 33 Tahun 2024 tentang KABUPATEN BINTAN DI PROVINSI KEPULAUAN RIAU  Pasal 10: ini mulai berlaku pada Undang-Undang t...
1000,akn_id_act_uu_2024_34.json,2024,2020 - 2024,Domain Barat,Negara Republik,"Domain Barat, Domain Tambahan, Domain Pajak, Domain Hak, Domain Negara","Negara Republik, Pegawai Adalah, Pengadilan Surat, Paling Adalah, Barat Lembaran, Tambahan Ketentuan, Tingkat Kecamatan, Peraturan Berlaku, Pemerintah Government, Daerah Papua, Lampiran Pelabuhan, Desa Kota, Wilayah Agama, Daerah Perkataan, Uang Peraturan, Pajak Pasal",21,No,DOKUMEN HUKUM: Undang-Undang Nomor 34 Tahun 2024 tentang Kabupaten Lampung Selatan di Provinsi Lampung  Pasal 1: Dalam Undang-Undang ini yang dimaksud...
1001,akn_id_act_uu_2024_35.json,2024,2020 - 2024,Domain Barat,Negara Republik,"Domain Barat, Domain Tambahan, Domain Pajak, Domain Hak, Domain Negara","Negara Republik, Pegawai Adalah, Pengadilan Surat, Paling Adalah, Barat Lembaran, Tambahan Ketentuan, Tingkat Kecamatan, Peraturan Berlaku, Pemerintah Government, Daerah Papua, Lampiran Pelabuhan, Desa Kota, Wilayah Agama, Daerah Perkataan, Uang Peraturan, Pajak Pasal",21,No,DOKUMEN HUKUM: Undang-Undang Nomor 35 Tahun 2024 tentang KABUPATEN LAMPUNG TENGAH DI PROVINSI LAMPUNG  Pasal 1: Dalam Undang-Undang ini yang dimaksud ...
1002,akn_id_act_uu_2024_36.json,2024,2020 - 2024,Domain Barat,Negara Republik,"Domain Barat, Domain Tambahan, Domain Pajak, Domain Hak, Domain Negara","Negara Republik, Pegawai Adalah, Pengadilan Surat, Paling Adalah, Barat Lembaran, Tambahan Ketentuan, Tingkat Kecamatan, Peraturan Berlaku, Pemerintah Government, Daerah Papua, Lampiran Pelabuhan, Desa Kota, Wilayah Agama, Daerah Perkataan, Perhitungan Ketentuan, Uang Peraturan, Pajak Pasal",22,No,DOKUMEN HUKUM: Undang-Undang Nomor 36 Tahun 2024 tentang Kabupaten Lampung Utara di Provinsi Lampung  Pasal 1: Dalam Undang-Undang ini yang dimaksud d...
1003,akn_id_act_uu_2024_37.json,2024,2020 - 2024,Domain Tambahan,Barat Lembaran,"Domain Tambahan, Domain Pajak, Domain Hak, Domain Negara, Domain Barat","Barat Lembaran, Negara Republik, Lampiran Pelabuhan, Pajak Pasal, Pegawai Adalah, Uang Peraturan, Desa Kota, Tingkat Kecamatan, Wilayah Agama, Peraturan Berlaku, Daerah Perkataan, Daerah Papua",17,No,DOKUMEN HUKUM: Undang-Undang Nomor 37 Tahun 2024 tentang Kabupaten Batanghari di Provinsi Jambi  Pasal 2: Tanggal 29 Maret 1956 merupakan tanggal pemb...
1004,akn_id_act_uu_2024_38.json,2024,2020 - 2024,Domain Barat,Negara Republik,"Domain Barat, Domain Tambahan, Domain Pajak, Domain Hak, Domain Negara","Negara Republik, Pegawai Adalah, Pengadilan Surat, Paling Adalah, Barat Lembaran, Tambahan Ketentuan, Tingkat Kecamatan, Peraturan Berlaku, Pemerintah Government, Daerah Papua, Hak Ciptaan, Lampiran Pelabuhan, Desa Kota, Wilayah Agama, Daerah Perkataan, Uang Peraturan, Pajak Pasal",22,No,DOKUMEN HUKUM: Undang-Undang Nomor 38 Tahun 2024 tentang Kabupaten Kerinci di Provinsi Jambi  Pasal 1: Dalam Undang-Undang ini yang dimaksud dengan 1....
1005,akn_id_act_uu_2024_39.json,2024,2020 - 2024,Domain Pajak,Barat Lembaran,"Domain Pajak, Domain Hak, Domain Negara, Domain Barat","Barat Lembaran, Pegawai Adalah, Desa Kota, Tingkat Kecamatan, Wilayah Agama, Peraturan Berlaku, Daerah Perkataan, Daerah Papua",12,No,DOKUMEN HUKUM: Undang-Undang Nomor 39 Tahun 2024 tentang Kabupaten Merangin di Provinsi Jambi  Pasal 1: Dalam Undang-Undang ini yang dimaksud dengan: ...
1006,akn_id_act_uu_2024_4.json,2024,2020 - 2024,Domain Pajak,Pegawai Adalah,"Domain Pajak, Domain Hak, Domain Negara, Domain Barat","Pegawai Adalah, Desa Kota, Pengadilan Surat, Daerah Perkataan, Hak Ciptaan",9,No,DOKUMEN HUKUM: Undang-Undang Nomor 4 Tahun 2024 tentang Kesejahteraan Ibu dan Anak pada Fase Seribu Hari Pertama Kehidupan  Pasal 1: Dalam Undang-Unda...
1007,akn_id_act_uu_2024_40.json,2024,2020 - 2024,Domain Barat,Negara Republik,"Domain Barat, Domain Tambahan, Domain Pajak, Domain Hak, Domain Negara","Negara Republik, Pegawai Adalah, Barat Lembaran, Tambahan Ketentuan, Tingkat Kecamatan, Peraturan Berlaku, Pemerintah Government, Daerah Papua, Lampiran Pelabuhan, Desa Kota, Wilayah Agama, Daerah Perkataan, Uang Peraturan, Pajak Pasal",19,No,DOKUMEN HUKUM: Undang-Undang Nomor 40 Tahun 2024 tentang Kota Jambi di Provinsi Jambi  Pasal 1: Dalam Undang-Undang ini yang dimaksud dengan:  Pasal 2...
1008,akn_id_act_uu_2024_41.json,2024,2020 - 2024,Domain Tambahan,Barat Lembaran,"Domain Tambahan, Domain Pajak, Domain Hak, Domain Negara, Domain Barat","Barat Lembaran, Negara Republik, Pajak Pasal, Pegawai Adalah, Uang Peraturan, Desa Kota, Tingkat Kecamatan, Wilayah Agama, Peraturan Berlaku, Daerah Perkataan, Daerah Papua",16,No,DOKUMEN HUKUM: Undang-Undang Nomor 41 Tahun 2024 tentang Kabupaten Bengkalis di Provinsi Riau  Pasal 3: Kabupaten Bengkalis terdiri atas 11 (sebelas) ...
1009,akn_id_act_uu_2024_42.json,2024,2020 - 2024,Domain Tambahan,Barat Lembaran,"Domain Tambahan, Domain Pajak, Domain Hak, Domain Negara, Domain Barat","Barat Lembaran, Negara Republik, Pajak Pasal, Pegawai Adalah, Uang Peraturan, Desa Kota, Tingkat Kecamatan, Peraturan Berlaku, Daerah Perkataan, Daerah Papua",15,No,DOKUMEN HUKUM: Undang-Undang Nomor 42 Tahun 2024 tentang Kabupaten Indragiri Hulu di Provinsi Riau  Pasal 6: Kabupaten Indragiri Hulu memiliki karakte...
1010,akn_id_act_uu_2024_43.json,2024,2020 - 2024,Domain Tambahan,Barat Lembaran,"Domain Tambahan, Domain Pajak, Domain Hak, Domain Negara, Domain Barat","Barat Lembaran, Negara Republik, Uang Peraturan, Pegawai Adalah, Desa Kota, Tingkat Kecamatan, Daerah Perkataan, Daerah Papua",13,No,DOKUMEN HUKUM: Undang-Undang Nomor 43 Tahun 2024 tentang Kabupaten Kampar di Provinsi Riau  Pasal 5: Ibu Kota Kabupaten Kampar berkedudukan di Kecamat...
1011,akn_id_act_uu_2024_44.json,2024,2020 - 2024,Domain Tambahan,Barat Lembaran,"Domain Tambahan, Domain Hak, Domain Negara, Domain Barat","Barat Lembaran, Negara Republik, Uang Peraturan, Pegawai Adalah, Desa Kota, Tingkat Kecamatan, Daerah Perkataan, Daerah Papua",12,No,DOKUMEN HUKUM: Undang-Undang Nomor 44 Tahun 2024 tentang Kota Pekanbaru di Provinsi Riau  Pasal 1: Dalam Undang-Undang ini yang dimaksud dengan: 1. Pr...
1012,akn_id_act_uu_2024_45.json,2024,2020 - 2024,Domain Hak,Barat Lembaran,"Domain Hak, Domain Negara, Domain Barat","Barat Lembaran, Pegawai Adalah, Desa Kota, Tingkat Kecamatan, Daerah Perkataan, Daerah Papua",9,No,DOKUMEN HUKUM: Undang-Undang Nomor 45 Tahun 2024 tentang Kabupaten Lima Puluh Kota di Provinsi Sumatera Barat  Pasal 1: Dalam Undang-Undang ini yang d...
1013,akn_id_act_uu_2024_46.json,2024,2020 - 2024,Domain Tambahan,Barat Lembaran,"Domain Tambahan, Domain Pajak, Domain Hak, Domain Negara, Domain Barat","Barat Lembaran, Negara Republik, Lampiran Pelabuhan, Pajak Pasal, Pegawai Adalah, Uang Peraturan, Desa Kota, Tingkat Kecamatan, Wilayah Agama, Peraturan Berlaku, Pemerintah Government, Daerah Perkataan, Daerah Papua",18,No,DOKUMEN HUKUM: Undang-Undang Nomor 46 Tahun 2024 tentang Kabupaten Agam di Provinsi Sumatera Barat  Pasal 2: Tanggal 29 Maret 1956 merupakan tanggal p...
1014,akn_id_act_uu_2024_47.json,2024,2020 - 2024,Domain Tambahan,Barat Lembaran,"Domain Tambahan, Domain Hak, Domain Negara, Domain Barat","Barat Lembaran, Negara Republik, Pegawai Adalah, Desa Kota, Tingkat Kecamatan, Daerah Papua",10,No,DOKUMEN HUKUM: Undang-Undang Nomor 47 Tahun 2024 tentang Kabupaten Padang Pariaman di Provinsi Sumatera Barat  Pasal 1: Dalam Undang-Undang ini yang d...
1015,akn_id_act_uu_2024_48.json,2024,2020 - 2024,Domain Tambahan,Barat Lembaran,"Domain Tambahan, Domain Pajak, Domain Hak, Domain Negara, Domain Barat","Barat Lembaran, Negara Republik, Lampiran Pelabuhan, Uang Peraturan, Pegawai Adalah, Desa Kota, Tingkat Kecamatan, Daerah Perkataan, Daerah Papua",14,No,DOKUMEN HUKUM: Undang-Undang Nomor 48 Tahun 2024 tentang Kabupaten Pasaman di Provinsi Sumatera Barat  Pasal 6: Kabupaten Pasaman memiliki karakterist...
1016,akn_id_act_uu_2024_49.json,2024,2020 - 2024,Domain Barat,Negara Republik,"Domain Barat, Domain Tambahan, Domain Pajak, Domain Hak, Domain Negara","Negara Republik, Pegawai Adalah, Barat Lembaran, Tambahan Ketentuan, Tingkat Kecamatan, Peraturan Berlaku, Pemerintah Government, Daerah Papua, Lampiran Pelabuhan, Desa Kota, Wilayah Agama, Daerah Perkataan, Uang Peraturan, Pajak Pasal",19,No,DOKUMEN HUKUM: Undang-Undang Nomor 49 Tahun 2024 tentang Kabupaten Pesisir Selatan di Provinsi Sumatera Barat  Pasal 2: Tanggal 29 Maret 1956 merupaka...
1017,akn_id_act_uu_2024_50.json,2024,2020 - 2024,Domain Barat,Negara Republik,"Domain Barat, Domain Tambahan, Domain Pajak, Domain Hak, Domain Negara","Negara Republik, Pegawai Adalah, Barat Lembaran, Tambahan Ketentuan, Tingkat Kecamatan, Peraturan Berlaku, Pemerintah Government, Daerah Papua, Lampiran Pelabuhan, Desa Kota, Wilayah Agama, Daerah Perkataan, Uang Peraturan, Pajak Pasal",19,No,DOKUMEN HUKUM: Undang-Undang Nomor 50 Tahun 2024 tentang Kabupaten Sijunjung di Provinsi Sumatera Barat  Pasal 1: Dalam Undang-Undang ini yang dimaksu...
1018,akn_id_act_uu_2024_51.json,2024,2020 - 2024,Domain Tambahan,Barat Lembaran,"Domain Tambahan, Domain Hak, Domain Negara, Domain Barat","Barat Lembaran, Negara Republik, Pegawai Adalah, Desa Kota, Tingkat Kecamatan, Daerah Papua",10,No,"DOKUMEN HUKUM: Undang-Undang Nomor 51 Tahun 2024 tentang Kabupaten Solok di Provinsi Sumatera Barat  Pasal 6: Kabupaten Solok memiliki karakteristik, ..."
1019,akn_id_act_uu_2024_52.json,2024,2020 - 2024,Domain Barat,Negara Republik,"Domain Barat, Domain Tambahan, Domain Pajak, Domain Hak, Domain Negara","Negara Republik, Pegawai Adalah, Pengadilan Surat, Barat Lembaran, Tingkat Kecamatan, Peraturan Berlaku, Pemerintah Government, Daerah Papua, Hak Ciptaan, Lampiran Pelabuhan, Desa Kota, Wilayah Agama, Daerah Perkataan, Uang Peraturan, Pajak Pasal",20,No,DOKUMEN HUKUM: Undang-Undang Nomor 52 Tahun 2024 tentang Kabupaten Tanah Datar di Provinsi Sumatera Barat  Pasal 2: Tanggal 29 Maret 1956 merupakan ta...
1020,akn_id_act_uu_2024_53.json,2024,2020 - 2024,Domain Barat,Negara Republik,"Domain Barat, Domain Tambahan, Domain Pajak, Domain Hak, Domain Negara","Negara Republik, Pegawai Adalah, Pengadilan Surat, Barat Lembaran, Tambahan Ketentuan, Tingkat Kecamatan, Peraturan Berlaku, Pemerintah Government, Daerah Papua, Hak Ciptaan, Lampiran Pelabuhan, Desa Kota, Wilayah Agama, Daerah Perkataan, Uang Peraturan, Pajak Pasal",21,No,DOKUMEN HUKUM: Undang-Undang Nomor 53 Tahun 2024 tentang Kota Bukittinggi di Provinsi Sumatera Barat  Pasal 2: Tanggal 23 Maret 1956 merrrpakan tangga...
1021,akn_id_act_uu_2024_54.json,2024,2020 - 2024,Domain Barat,Negara Republik,"Domain Barat, Domain Tambahan, Domain Pajak, Domain Hak, Domain Negara","Negara Republik, Pegawai Adalah, Barat Lembaran, Tingkat Kecamatan, Peraturan Berlaku, Pemerintah Government, Daerah Papua, Hak Ciptaan, Lampiran Pelabuhan, Desa Kota, Wilayah Agama, Daerah Perkataan, Uang Peraturan, Pajak Pasal",19,No,DOKUMEN HUKUM: Undang-Undang Nomor 54 Tahun 2024 tentang Kota Padang Panjang di Provinsi Sumatera Barat  Pasal 2: Tanggal 23 Maret 1956 merupakan tang...
1022,akn_id_act_uu_2024_55.json,2024,2020 - 2024,Domain Tambahan,Barat Lembaran,"Domain Tambahan, Domain Hak, Domain Negara, Domain Barat","Barat Lembaran, Negara Republik, Uang Peraturan, Pegawai Adalah, Desa Kota, Tingkat Kecamatan, Daerah Perkataan, Daerah Papua",12,No,DOKUMEN HUKUM: Undang-Undang Nomor 55 Tahun 2024 tentang Kota Padang di Provinsi Sumatera Barat  Pasal 9: ini mulai berlaku pada Undang-Undang tanggal...
1023,akn_id_act_uu_2024_56.json,2024,2020 - 2024,Domain Barat,Negara Republik,"Domain Barat, Domain Tambahan, Domain Pajak, Domain Hak, Domain Negara","Negara Republik, Pegawai Adalah, Barat Lembaran, Tambahan Ketentuan, Tingkat Kecamatan, Peraturan Berlaku, Pemerintah Government, Daerah Papua, Lampiran Pelabuhan, Desa Kota, Wilayah Agama, Daerah Perkataan, Uang Peraturan, Pajak Pasal",19,No,DOKUMEN HUKUM: Undang-Undang Nomor 56 Tahun 2024 tentang Kota Payakumbuh di Provinsi Sumatera Barat  Pasal 2: Tanggal 23 Maret 1956 merupakan tanggal ...
1024,akn_id_act_uu_2024_57.json,2024,2020 - 2024,Domain Tambahan,Barat Lembaran,"Domain Tambahan, Domain Pajak, Domain Hak, Domain Negara, Domain Barat","Barat Lembaran, Negara Republik, Lampiran Pelabuhan, Uang Peraturan, Pegawai Adalah, Tambahan Ketentuan, Desa Kota, Tingkat Kecamatan, Wilayah Agama, Peraturan Berlaku, Pemerintah Government, Daerah Perkataan, Daerah Papua",18,No,DOKUMEN HUKUM: Undang-Undang Nomor 57 Tahun 2024 tentang Kota Sawahlunto di Provinsi Sumatera Barat  Pasal 2: Tanggal 23 Maret 1956 merupakan tanggal ...
1025,akn_id_act_uu_2024_59.json,2024,2020 - 2024,Belum Diklasifikasi,Pengetahuan Ilmu,,Pengetahuan Ilmu,1,Yes,DOKUMEN HUKUM: Undang-Undang Nomor 59 Tahun 2024 tentang Rencana Pembangunan Jangka Panjang Nasional Tahun 2025-2045  Pasal 1: Dalam UNDANG-UNDANG ini...
1026,akn_id_act_uu_2024_6.json,2024,2020 - 2024,Domain Barat,Negara Republik,"Domain Barat, Domain Tambahan, Domain Pajak, Domain Hak, Domain Negara","Negara Republik, Pegawai Adalah, Pengadilan Surat, Barat Lembaran, Tambahan Ketentuan, Tingkat Kecamatan, Peraturan Berlaku, Pemerintah Government, Daerah Papua, Lampiran Pelabuhan, Desa Kota, Wilayah Agama, Daerah Perkataan, Uang Peraturan, Pajak Pasal",20,No,DOKUMEN HUKUM: Undang-Undang Nomor 6 Tahun 2024 tentang Kabupaten Aceh Besar di Aceh  Pasal 2: Tanggal 24 November 1956 merupakan tanggal pembentukan ...
1027,akn_id_act_uu_2024_60.json,2024,2020 - 2024,Domain Tambahan,Perhitungan Ketentuan,"Domain Tambahan, Domain Pajak, Domain Negara","Perhitungan Ketentuan, Uang Peraturan, Adalah Dana, Tambahan Ketentuan, Laporan Huruf, Paling Adalah",9,No,DOKUMEN HUKUM: Undang-Undang Nomor 60 Tahun 2024 tentang Pertanggungjawaban atas Pelaksanaan Anggaran Pendapatan dan Belanja Negara Tahun Anggaran 202...
1028,akn_id_act_uu_2024_61.json,2024,2020 - 2024,Domain Pajak,Barat Lembaran,"Domain Pajak, Domain Hak, Domain Negara, Domain Barat","Barat Lembaran, Paling Adalah, Uang Peraturan, Pegawai Adalah, Desa Kota, Pengetahuan Ilmu, Pengadilan Surat, Tingkat Kecamatan, Peraturan Berlaku, Pemerintah Government, Daerah Papua, Daerah Perkataan, Hak Ciptaan",17,No,DOKUMEN HUKUM: Undang-Undang Nomor 61 Tahun 2024 tentang Perubahan atas Undang-Undang Nomor 39 Tahun 2008 tentang Kementerian Negara  Pasal 6A: Dalam ...
1029,akn_id_act_uu_2024_62.json,2024,2020 - 2024,Domain Hak,Adalah Dana,"Domain Hak, Domain Negara, Domain Barat","Adalah Dana, Pengetahuan Ilmu, Daerah Papua",6,No,DOKUMEN HUKUM: Undang-Undang Nomor 62 Tahun 2024 tentang Anggaran Pendapatan dan Belanja Negara Tahun Anggaran 2025  Pasal 1: Dalam Undang-Undang ini ...
1030,akn_id_act_uu_2024_63.json,2024,2020 - 2024,Domain Barat,Negara Republik,"Domain Barat, Domain Tambahan, Domain Pajak, Domain Hak, Domain Negara","Negara Republik, Pegawai Adalah, Pengadilan Surat, Paling Adalah, Barat Lembaran, Adalah Dana, Tambahan Ketentuan, Tingkat Kecamatan, Peraturan Berlaku, Pemerintah Government, Daerah Papua, Hak Ciptaan, Lampiran Pelabuhan, Desa Kota, Wilayah Agama, Daerah Perkataan, Uang Peraturan, Pajak Pasal",23,No,DOKUMEN HUKUM: Undang-Undang Nomor 63 Tahun 2024 tentang Perubahan Ketiga atas Undang-Undang Nomor 6 Tahun 2011 tentan Keimigrasian  Pasal 24A: Dokume...
1031,akn_id_act_uu_2024_65.json,2024,2020 - 2024,Domain Hak,Paling Adalah,"Domain Hak, Domain Negara, Domain Barat","Paling Adalah, Negara Republik, Uang Peraturan, Pegawai Adalah, Desa Kota, Pengetahuan Ilmu, Pengadilan Surat, Tingkat Kecamatan, Wilayah Agama, Peraturan Berlaku, Pemerintah Government, Daerah Papua, Daerah Perkataan, Hak Ciptaan",17,No,DOKUMEN HUKUM: Undang-Undang Nomor 65 Tahun 2024 tentang Perubahan Ketiga atas Undang-Undang Nomor 13 Tahun 2016 tentang Paten  Pasal I: UNDANG-UNDANG...
1032,akn_id_act_uu_2024_66.json,2024,2020 - 2024,Belum Diklasifikasi,Desa Kota,,Desa Kota,1,Yes,"DOKUMEN HUKUM: Undang-Undang Nomor 66 Tahun 2024 tentang Perubahan Ketiga atas Undang-Undang Nomor 17 Tahun 2008 tentang Pelayaran  Pasal 1: 1. atas ..."
1033,akn_id_act_uu_2024_67.json,2024,2020 - 2024,Domain Tambahan,Negara Republik,"Domain Tambahan, Domain Pajak, Domain Hak, Domain Negara, Domain Barat","Negara Republik, Pegawai Adalah, Pengadilan Surat, Barat Lembaran, Tambahan Ketentuan, Tingkat Kecamatan, Peraturan Berlaku, Pemerintah Government, Daerah Papua, Hak Ciptaan, Lampiran Pelabuhan, Desa Kota, Wilayah Agama, Daerah Perkataan, Perhitungan Ketentuan, Uang Peraturan",21,No,DOKUMEN HUKUM: Undang-Undang Nomor 67 Tahun 2024 tentang Pengesahan Persetujuan Antara Pemerintah Republik Indonesia dan Pemerintah Republik India Men...
1034,akn_id_act_uu_2024_68.json,2024,2020 - 2024,Domain Tambahan,Perhitungan Ketentuan,"Domain Tambahan, Domain Pajak, Domain Hak, Domain Negara, Domain Barat","Perhitungan Ketentuan, Negara Republik, Lampiran Pelabuhan, Pajak Pasal, Pegawai Adalah, Uang Peraturan, Tambahan Ketentuan, Pengadilan Surat, Wilayah Agama, Peraturan Berlaku, Pemerintah Government, Daerah Perkataan, Daerah Papua",18,No,DOKUMEN HUKUM: Undang-Undang Nomor 68 Tahun 2024 tentang Pengesahan Persetujuan Antara Pemerintah Republik Indonesia dan Pemerintah Republik Federatif...
1035,akn_id_act_uu_2024_69.json,2024,2020 - 2024,Domain Tambahan,Perhitungan Ketentuan,"Domain Tambahan, Domain Pajak, Domain Hak, Domain Negara, Domain Barat","Perhitungan Ketentuan, Negara Republik, Lampiran Pelabuhan, Uang Peraturan, Pegawai Adalah, Tambahan Ketentuan, Wilayah Agama, Peraturan Berlaku, Pemerintah Government, Daerah Perkataan, Daerah Papua",16,No,"DOKUMEN HUKUM: Undang-Undang Nomor 69 Tahun 2024 tentang Pengesahan Memorandum Saling Pengertian antara Kementerian Pertahanan Republik Indonesia dan..."
1036,akn_id_act_uu_2024_70.json,2024,2020 - 2024,Domain Tambahan,Negara Republik,"Domain Tambahan, Domain Pajak, Domain Hak, Domain Negara, Domain Barat","Negara Republik, Lampiran Pelabuhan, Uang Peraturan, Pegawai Adalah, Tambahan Ketentuan, Wilayah Agama, Peraturan Berlaku, Pemerintah Government, Daerah Perkataan, Daerah Papua",15,No,DOKUMEN HUKUM: Undang-Undang Nomor 70 Tahun 2024 tentang Pengesahan Persetujuan Antara Pemerintah Republik Indonesia dan Pemerintah Kerajaan Kamboja T...
1037,akn_id_act_uu_2024_72.json,2024,2020 - 2024,Domain Tambahan,Negara Republik,"Domain Tambahan, Domain Pajak, Domain Hak, Domain Negara, Domain Barat","Negara Republik, Pegawai Adalah, Pengadilan Surat, Barat Lembaran, Tambahan Ketentuan, Tingkat Kecamatan, Peraturan Berlaku, Pemerintah Government, Daerah Papua, Lampiran Pelabuhan, Desa Kota, Wilayah Agama, Daerah Perkataan, Uang Peraturan",19,No,DOKUMEN HUKUM: Undang-Undang Nomor 72 Tahun 2024 tentang Kabupaten Badung di Provinsi Bali  Pasal 2: Tanggal 14 Agustus 1958 merupakan tanggal pembent...
1038,akn_id_act_uu_2024_73.json,2024,2020 - 2024,Domain Barat,Negara Republik,"Domain Barat, Domain Tambahan, Domain Pajak, Domain Hak, Domain Negara","Negara Republik, Pegawai Adalah, Pengadilan Surat, Paling Adalah, Barat Lembaran, Tambahan Ketentuan, Tingkat Kecamatan, Peraturan Berlaku, Pemerintah Government, Daerah Papua, Hak Ciptaan, Lampiran Pelabuhan, Desa Kota, Wilayah Agama, Daerah Perkataan, Uang Peraturan, Pajak Pasal",22,No,DOKUMEN HUKUM: Undang-Undang Nomor 73 Tahun 2024 tentang Kabupaten Bangli di Provinsi Bali  Pasal 1: Dalam Undang-Undang ini yang dimaksud dengan: 1. ...
1039,akn_id_act_uu_2024_74.json,2024,2020 - 2024,Domain Tambahan,Barat Lembaran,"Domain Tambahan, Domain Hak, Domain Negara, Domain Barat","Barat Lembaran, Negara Republik, Lampiran Pelabuhan, Uang Peraturan, Pegawai Adalah, Tambahan Ketentuan, Desa Kota, Tingkat Kecamatan, Wilayah Agama, Pemerintah Government, Daerah Perkataan, Daerah Papua",16,No,DOKUMEN HUKUM: Undang-Undang Nomor 74 Tahun 2024 tentang Kabupaten Buleleng di Provinsi Bali  Pasal 1: Dalam Undang-Undang ini yang dimaksud dengan: 1...
1040,akn_id_act_uu_2024_75.json,2024,2020 - 2024,Domain Tambahan,Barat Lembaran,"Domain Tambahan, Domain Hak, Domain Negara, Domain Barat","Barat Lembaran, Negara Republik, Lampiran Pelabuhan, Uang Peraturan, Pegawai Adalah, Tambahan Ketentuan, Desa Kota, Tingkat Kecamatan, Wilayah Agama, Pemerintah Government, Daerah Perkataan, Daerah Papua",16,No,DOKUMEN HUKUM: Undang-Undang Nomor 75 Tahun 2024 tentang Kabupaten Gianyar di Provinsi Bali  Pasal 1: Dalam Undang-Undang ini yang dimaksud dengan: 1....
1041,akn_id_act_uu_2024_76.json,2024,2020 - 2024,Domain Tambahan,Negara Republik,"Domain Tambahan, Domain Pajak, Domain Hak, Domain Negara, Domain Barat","Negara Republik, Pegawai Adalah, Pengadilan Surat, Paling Adalah, Barat Lembaran, Tambahan Ketentuan, Tingkat Kecamatan, Peraturan Berlaku, Pemerintah Government, Daerah Papua, Lampiran Pelabuhan, Desa Kota, Wilayah Agama, Daerah Perkataan, Uang Peraturan",20,No,DOKUMEN HUKUM: Undang-Undang Nomor 76 Tahun 2024 tentang Kabupaten Jembrana di Provinsi Bali  Pasal 2: Tanggal 14 Agustus 1958 merupakan tanggal pembe...
1042,akn_id_act_uu_2024_77.json,2024,2020 - 2024,Domain Tambahan,Barat Lembaran,"Domain Tambahan, Domain Hak, Domain Negara, Domain Barat","Barat Lembaran, Negara Republik, Lampiran Pelabuhan, Uang Peraturan, Pegawai Adalah, Desa Kota, Tingkat Kecamatan, Wilayah Agama, Pemerintah Government, Daerah Papua",14,No,DOKUMEN HUKUM: Undang-Undang Nomor 77 Tahun 2024 tentang Kabupaten Karangasem di Provinsi Bali  Pasal 1: Dalam Undang-Undang ini yang dimaksud dengan:...
1043,akn_id_act_uu_2024_78.json,2024,2020 - 2024,Domain Tambahan,Barat Lembaran,"Domain Tambahan, Domain Negara, Domain Barat","Barat Lembaran, Negara Republik, Uang Peraturan, Pegawai Adalah, Desa Kota, Tingkat Kecamatan, Daerah Papua",10,No,DOKUMEN HUKUM: Undang-Undang Nomor 78 Tahun 2024 tentang Kabupaten Klungkung di Provinsi Bali  Pasal 1: Dalam Undang-Undang ini yang dimaksud dengan 1...
1044,akn_id_act_uu_2024_79.json,2024,2020 - 2024,Domain Tambahan,Barat Lembaran,"Domain Tambahan, Domain Hak, Domain Negara, Domain Barat","Barat Lembaran, Negara Republik, Lampiran Pelabuhan, Uang Peraturan, Pegawai Adalah, Tambahan Ketentuan, Desa Kota, Pengadilan Surat, Tingkat Kecamatan, Wilayah Agama, Pemerintah Government, Paling Adalah, Daerah Perkataan, Daerah Papua",18,No,DOKUMEN HUKUM: Undang-Undang Nomor 79 Tahun 2024 tentang Kabupaten Tabanan di Provinsi Bali  Pasal 1: Dalam Undang-Undang ini yang dimaksud dengan: 1....
1045,akn_id_act_uu_2024_8.json,2024,2020 - 2024,Domain Tambahan,Barat Lembaran,"Domain Tambahan, Domain Pajak, Domain Hak, Domain Negara, Domain Barat","Barat Lembaran, Negara Republik, Lampiran Pelabuhan, Uang Peraturan, Pegawai Adalah, Desa Kota, Tingkat Kecamatan, Pemerintah Government, Daerah Perkataan, Daerah Papua",15,No,DOKUMEN HUKUM: Undang-Undang Nomor 8 Tahun 2024 tentang Kabupaten Aceh Tengah di Aceh  Pasal 1: Dalam Undang-Undang ini yang dimaksud dengan: 1. Daera...
1046,akn_id_act_uu_2024_80.json,2024,2020 - 2024,Domain Tambahan,Barat Lembaran,"Domain Tambahan, Domain Hak, Domain Negara, Domain Barat","Barat Lembaran, Negara Republik, Lampiran Pelabuhan, Uang Peraturan, Pegawai Adalah, Tambahan Ketentuan, Desa Kota, Pengadilan Surat, Tingkat Kecamatan, Wilayah Agama, Pemerintah Government, Daerah Perkataan, Daerah Papua",17,No,DOKUMEN HUKUM: Undang-Undang Nomor 80 Tahun 2024 tentang Kabupaten Btma di Provinsi Nusa Tenggara Barat  Pasal 5: Ibu Kota Kabupaten Bima berkedudukan...
1047,akn_id_act_uu_2024_81.json,2024,2020 - 2024,Domain Tambahan,Negara Republik,"Domain Tambahan, Domain Pajak, Domain Hak, Domain Negara, Domain Barat","Negara Republik, Pegawai Adalah, Pengadilan Surat, Paling Adalah, Barat Lembaran, Tambahan Ketentuan, Tingkat Kecamatan, Peraturan Berlaku, Pemerintah Government, Daerah Papua, Lampiran Pelabuhan, Desa Kota, Wilayah Agama, Daerah Perkataan, Uang Peraturan",20,No,DOKUMEN HUKUM: Undang-Undang Nomor 81 Tahun 2024 tentang Kabupaten Dompu di Provinsi Nusa Tenggara Barat  Pasal 1: Dalam Undang-Undang ini yang dimaks...
1048,akn_id_act_uu_2024_82.json,2024,2020 - 2024,Domain Tambahan,Barat Lembaran,"Domain Tambahan, Domain Hak, Domain Negara, Domain Barat","Barat Lembaran, Negara Republik, Lampiran Pelabuhan, Uang Peraturan, Pegawai Adalah, Desa Kota, Tingkat Kecamatan, Wilayah Agama, Pemerintah Government, Daerah Papua",14,No,DOKUMEN HUKUM: Undang-Undang Nomor 82 Tahun 2024 tentang KABUPATEN LOMBOK BARAT DI PROVINSI NUSA TENGGARA BARAT  Pasal 1: Dalam Undang-Undang ini yang...
1049,akn_id_act_uu_2024_83.json,2024,2020 - 2024,Domain Tambahan,Barat Lembaran,"Domain Tambahan, Domain Hak, Domain Negara, Domain Barat","Barat Lembaran, Negara Republik, Lampiran Pelabuhan, Uang Peraturan, Pegawai Adalah, Desa Kota, Tingkat Kecamatan, Wilayah Agama, Pemerintah Government, Daerah Papua",14,No,DOKUMEN HUKUM: Undang-Undang Nomor 83 Tahun 2024 tentang KABUPATEN LOMBOK TENGAH DI PROVINSI NUSA TENGGARA BARAT  Pasal 1: Dalam Undang-Undang ini yan...
1050,akn_id_act_uu_2024_84.json,2024,2020 - 2024,Domain Tambahan,Barat Lembaran,"Domain Tambahan, Domain Hak, Domain Negara, Domain Barat","Barat Lembaran, Negara Republik, Lampiran Pelabuhan, Uang Peraturan, Pegawai Adalah, Desa Kota, Tingkat Kecamatan, Wilayah Agama, Pemerintah Government, Daerah Perkataan, Daerah Papua",15,No,DOKUMEN HUKUM: Undang-Undang Nomor 84 Tahun 2024 tentang KABUPATEN LOMBOK TIMUR DI PROVINSI NUSA TENGGARA BARAT  Pasal 2: Tanggal 14 Agustus 1958 meru...
1051,akn_id_act_uu_2024_86.json,2024,2020 - 2024,Domain Tambahan,Barat Lembaran,"Domain Tambahan, Domain Pajak, Domain Hak, Domain Negara, Domain Barat","Barat Lembaran, Negara Republik, Pajak Pasal, Pegawai Adalah, Uang Peraturan, Desa Kota, Tingkat Kecamatan, Wilayah Agama, Peraturan Berlaku, Daerah Perkataan, Daerah Papua",16,No,DOKUMEN HUKUM: Undang-Undang Nomor 86 Tahun 2024 tentang Kabupaten Bengkulu Selatan di Provinsi Bengkulu  Pasal 1: Dalam Undang-Undang ini yang dimaks...
1052,akn_id_act_uu_2024_88.json,2024,2020 - 2024,Domain Tambahan,Barat Lembaran,"Domain Tambahan, Domain Pajak, Domain Hak, Domain Negara, Domain Barat","Barat Lembaran, Negara Republik, Pajak Pasal, Pegawai Adalah, Uang Peraturan, Desa Kota, Tingkat Kecamatan, Wilayah Agama, Peraturan Berlaku, Daerah Perkataan, Daerah Papua",16,No,DOKUMEN HUKUM: Undang-Undang Nomor 88 Tahun 2024 tentang Kabupaten Rejang Lebong di Provinsi Bengkulu  Pasal 1: Dalam Undang-Undang ini yang dimaksud ...
1053,akn_id_act_uu_2024_90.json,2024,2020 - 2024,Domain Barat,Negara Republik,"Domain Barat, Domain Tambahan, Domain Pajak, Domain Hak, Domain Negara","Negara Republik, Pegawai Adalah, Pengadilan Surat, Paling Adalah, Barat Lembaran, Tambahan Ketentuan, Tingkat Kecamatan, Peraturan Berlaku, Daerah Papua, Lampiran Pelabuhan, Desa Kota, Wilayah Agama, Daerah Perkataan, Perhitungan Ketentuan, Uang Peraturan, Pajak Pasal",21,No,DOKUMEN HUKUM: Undang-Undang Nomor 90 Tahun 2024 tentang KABUPATEN LAHAT DI PROVINSI SUMATERA SELATAN  Pasal 1: Dalam Undang-Undang ini yang dimaksud ...
1054,akn_id_act_uu_2024_91.json,2024,2020 - 2024,Domain Tambahan,Barat Lembaran,"Domain Tambahan, Domain Pajak, Domain Hak, Domain Negara, Domain Barat","Barat Lembaran, Negara Republik, Lampiran Pelabuhan, Pajak Pasal, Pegawai Adalah, Uang Peraturan, Desa Kota, Tingkat Kecamatan, Wilayah Agama, Peraturan Berlaku, Daerah Perkataan, Daerah Papua",17,No,DOKUMEN HUKUM: Undang-Undang Nomor 91 Tahun 2024 tentang Kabupaten Muara Enim di Provinsi Sumatera Selatan  Pasal 1: Dalam Undang-Undang ini yang dima...
1055,akn_id_act_uu_2024_92.json,2024,2020 - 2024,Domain Barat,Negara Republik,"Domain Barat, Domain Tambahan, Domain Pajak, Domain Hak, Domain Negara","Negara Republik, Pegawai Adalah, Barat Lembaran, Tambahan Ketentuan, Tingkat Kecamatan, Peraturan Berlaku, Daerah Papua, Lampiran Pelabuhan, Desa Kota, Wilayah Agama, Daerah Perkataan, Perhitungan Ketentuan, Uang Peraturan, Pajak Pasal",19,No,DOKUMEN HUKUM: Undang-Undang Nomor 92 Tahun 2024 tentang Kabupaten Musi Banyuasin di Provinsi Sumatera Selatan  Pasal 1: Dalam Undang-Undang ini yang ...
1056,akn_id_act_uu_2024_93.json,2024,2020 - 2024,Domain Barat,Negara Republik,"Domain Barat, Domain Tambahan, Domain Pajak, Domain Hak, Domain Negara","Negara Republik, Pegawai Adalah, Pengadilan Surat, Paling Adalah, Barat Lembaran, Tambahan Ketentuan, Tingkat Kecamatan, Peraturan Berlaku, Daerah Papua, Lampiran Pelabuhan, Desa Kota, Wilayah Agama, Daerah Perkataan, Uang Peraturan, Pajak Pasal",20,No,DOKUMEN HUKUM: Undang-Undang Nomor 93 Tahun 2024 tentang KABUPATEN MUSI RAWAS DI PROVINSI SUMATERA SELATAN  Pasal 1: Dalam Undang-Undang ini yang dima...
1057,akn_id_act_uu_2024_94.json,2024,2020 - 2024,Domain Barat,Negara Republik,"Domain Barat, Domain Tambahan, Domain Pajak, Domain Hak, Domain Negara","Negara Republik, Pegawai Adalah, Pengadilan Surat, Paling Adalah, Barat Lembaran, Tambahan Ketentuan, Tingkat Kecamatan, Peraturan Berlaku, Pemerintah Government, Daerah Papua, Lampiran Pelabuhan, Desa Kota, Wilayah Agama, Daerah Perkataan, Perhitungan Ketentuan, Uang Peraturan, Pajak Pasal",22,No,DOKUMEN HUKUM: Undang-Undang Nomor 94 Tahun 2024 tentang KABUPATEN OGAN KOMERING ILIR DI PROVINSI SUMATERA SELATAN  Pasal 1: Dalam Undang-Undang ini y...
1058,akn_id_act_uu_2024_95.json,2024,2020 - 2024,Domain Tambahan,Barat Lembaran,"Domain Tambahan, Domain Pajak, Domain Hak, Domain Negara, Domain Barat","Barat Lembaran, Negara Republik, Lampiran Pelabuhan, Pajak Pasal, Pegawai Adalah, Uang Peraturan, Desa Kota, Tingkat Kecamatan, Wilayah Agama, Peraturan Berlaku, Paling Adalah, Daerah Perkataan, Daerah Papua",18,No,DOKUMEN HUKUM: Undang-Undang Nomor 95 Tahun 2024 tentang KABUPATEN OGAN KOMERING ULU DI PROVINSI SUMATERA UTARA  Pasal 1: Dalam Undang-Undang ini yang...
1059,akn_id_act_uu_2024_96.json,2024,2020 - 2024,Domain Barat,Negara Republik,"Domain Barat, Domain Tambahan, Domain Pajak, Domain Hak, Domain Negara","Negara Republik, Pegawai Adalah, Barat Lembaran, Tambahan Ketentuan, Tingkat Kecamatan, Peraturan Berlaku, Pemerintah Government, Daerah Papua, Lampiran Pelabuhan, Desa Kota, Wilayah Agama, Daerah Perkataan, Perhitungan Ketentuan, Uang Peraturan, Pajak Pasal",20,No,DOKUMEN HUKUM: Undang-Undang Nomor 96 Tahun 2024 tentang KOTA PALEMBANG DI PROVINSI SUMATERA SELATAN  Pasal 1: Dalam Undang-Undang ini yang dimaksud d...
1060,akn_id_act_uu_2024_97.json,2024,2020 - 2024,Domain Pajak,Barat Lembaran,"Domain Pajak, Domain Hak, Domain Barat","Barat Lembaran, Desa Kota, Tingkat Kecamatan, Peraturan Berlaku, Daerah Perkataan",8,No,DOKUMEN HUKUM: Undang-Undang Nomor 97 Tahun 2024 tentang KABUPATEN CIANJUR DI PROVINSI JAWA BARAT  Pasal 1: Dalam Undang-Undang ini yang dimaksud deng...
1061,akn_id_act_uu_2024_98.json,2024,2020 - 2024,Domain Pajak,Barat Lembaran,"Domain Pajak, Domain Hak, Domain Barat, Domain Negara","Barat Lembaran, Desa Kota, Tingkat Kecamatan, Pajak Pasal, Peraturan Berlaku, Daerah Perkataan, Daerah Papua",11,No,DOKUMEN HUKUM: Undang-Undang Nomor 98 Tahun 2024 tentang KOTA SUKABUMI DI PROVINSI JAWA BARAT  Pasal 1: Dalam Undang-Undang ini yang dimaksud dengan: ...
1062,akn_id_act_uu_2024_99.json,2024,2020 - 2024,Domain Pajak,Barat Lembaran,"Domain Pajak, Domain Hak, Domain Barat, Domain Negara","Barat Lembaran, Desa Kota, Tingkat Kecamatan, Wilayah Agama, Pajak Pasal, Peraturan Berlaku, Daerah Perkataan, Daerah Papua",12,No,DOKUMEN HUKUM: Undang-Undang Nomor 99 Tahun 2024 tentang KABUPATEN SUKABUMI DI PROVINSI JAWA BARAT  Pasal 1: Dalam Undang-Undang ini yang dimaksud den...
1063,akn_id_act_uu_2025_1.json,2025,2025 - 2029,Domain Barat,Negara Republik,"Domain Barat, Domain Tambahan, Domain Pajak, Domain Hak, Domain Negara","Negara Republik, Pegawai Adalah, Pengadilan Surat, Paling Adalah, Barat Lembaran, Tambahan Ketentuan, Tingkat Kecamatan, Peraturan Berlaku, Pemerintah Government, Daerah Papua, Hak Ciptaan, Lampiran Pelabuhan, Desa Kota, Wilayah Agama, Daerah Perkataan, Perhitungan Ketentuan, Uang Peraturan, Pajak Pasal",23,No,DOKUMEN HUKUM: Undang-Undang Nomor 1 Tahun 2025 tentang Perubahan Ketiga atas Undang-Undang Nomor 19 Tahun 2003 tentang Badan Usaha Milik Negara  Pasa...
1064,akn_id_act_uu_2025_10.json,2025,2025 - 2029,Domain Pajak,Barat Lembaran,"Domain Pajak, Domain Negara, Domain Barat","Barat Lembaran, Tingkat Kecamatan, Wilayah Agama",6,No,DOKUMEN HUKUM: Undang-Undang Nomor 10 Tahun 2025 tentang Kabupaten Bolaang Mongondow di Provinsi Sulawesi Utara  Pasal 1: Dalam Undang-Undang ini yang...
1065,akn_id_act_uu_2025_11.json,2025,2025 - 2029,Domain Tambahan,Barat Lembaran,"Domain Tambahan, Domain Pajak, Domain Hak, Domain Negara, Domain Barat","Barat Lembaran, Negara Republik, Pajak Pasal, Pegawai Adalah, Uang Peraturan, Desa Kota, Tingkat Kecamatan, Wilayah Agama, Peraturan Berlaku, Daerah Perkataan, Daerah Papua",16,No,DOKUMEN HUKUM: Undang-Undang Nomor 11 Tahun 2025 tentang Kabupaten Kepulauan Sangihe di Provinsi Sulawesi Utara  Pasal 1: Dalam Undang-Undang ini yang...
1066,akn_id_act_uu_2025_12.json,2025,2025 - 2029,Domain Tambahan,Barat Lembaran,"Domain Tambahan, Domain Pajak, Domain Hak, Domain Negara, Domain Barat","Barat Lembaran, Negara Republik, Lampiran Pelabuhan, Pajak Pasal, Pegawai Adalah, Uang Peraturan, Desa Kota, Tingkat Kecamatan, Wilayah Agama, Peraturan Berlaku, Daerah Perkataan, Daerah Papua",17,No,DOKUMEN HUKUM: Undang-Undang Nomor 12 Tahun 2025 tentang Kabupaten Minahasa di Provinsi Sulawesi Utara  Pasal 2: Tanggal 4 Juli 1959 merupakan tanggal...
1067,akn_id_act_uu_2025_13.json,2025,2025 - 2029,Domain Barat,Negara Republik,"Domain Barat, Domain Tambahan, Domain Pajak, Domain Hak, Domain Negara","Negara Republik, Pegawai Adalah, Pengadilan Surat, Paling Adalah, Barat Lembaran, Tambahan Ketentuan, Tingkat Kecamatan, Peraturan Berlaku, Pemerintah Government, Daerah Papua, Lampiran Pelabuhan, Desa Kota, Wilayah Agama, Daerah Perkataan, Perhitungan Ketentuan, Uang Peraturan, Pajak Pasal",22,No,DOKUMEN HUKUM: Undang-Undang Nomor 13 Tahun 2025 tentang Kota Manado di Provinsi Sulawesi Utara  Pasal 2: Tanggal 4 Juli 1959 merupakan tanggd pembent...
1068,akn_id_act_uu_2025_14.json,2025,2025 - 2029,Domain Tambahan,Negara Republik,"Domain Tambahan, Domain Pajak, Domain Hak, Domain Negara, Domain Barat","Negara Republik, Pegawai Adalah, Pengadilan Surat, Paling Adalah, Barat Lembaran, Tambahan Ketentuan, Tingkat Kecamatan, Peraturan Berlaku, Pemerintah Government, Daerah Papua, Hak Ciptaan, Lampiran Pelabuhan, Desa Kota, Wilayah Agama, Daerah Perkataan, Uang Peraturan",21,No,DOKUMEN HUKUM: Undang-Undang Nomor 14 Tahun 2025 tentang Perubahan Ketiga atas Undang-Undang Nomor 8 Tahun 2019 tentang Ibadah Haji dan Umrah  Pasal 1...
1069,akn_id_act_uu_2025_15.json,2025,2025 - 2029,Domain Tambahan,Uang Peraturan,"Domain Tambahan, Domain Negara","Uang Peraturan, Adalah Dana, Tambahan Ketentuan, Laporan Huruf, Paling Adalah",7,No,DOKUMEN HUKUM: Undang-Undang Nomor 15 Tahun 2025 tentang Pertanggungjawaban atas Pelaksanaan Anggaran Pendapatan dan Belanja Negara Tahun Anggaran 202...
1070,akn_id_act_uu_2025_16.json,2025,2025 - 2029,Domain Barat,Negara Republik,"Domain Barat, Domain Tambahan, Domain Pajak, Domain Hak, Domain Negara","Negara Republik, Pegawai Adalah, Pengadilan Surat, Laporan Huruf, Paling Adalah, Barat Lembaran, Tambahan Ketentuan, Tingkat Kecamatan, Peraturan Berlaku, Pemerintah Government, Daerah Papua, Hak Ciptaan, Lampiran Pelabuhan, Desa Kota, Wilayah Agama, Daerah Perkataan, Perhitungan Ketentuan, Uang Peraturan, Pajak Pasal",24,No,DOKUMEN HUKUM: Undang-Undang Nomor 16 Tahun 2025 tentang Perubahan Keempat atas Undang-Undang Nomor 19 Tahun 2003 tentang Badan Usaha Milik Negara  Pa...
1071,akn_id_act_uu_2025_17.json,2025,2025 - 2029,Domain Hak,Adalah Dana,"Domain Hak, Domain Negara, Domain Barat","Adalah Dana, Desa Kota, Pengetahuan Ilmu",6,No,DOKUMEN HUKUM: Undang-Undang Nomor 17 Tahun 2025 tentang Anggaran Pendapatan dan Belanja Negara Tahun Anggaran 2026  Pasal 1: Dalam Undang-Undang ini ...
1072,akn_id_act_uu_2025_18.json,2025,2025 - 2029,Domain Barat,Desa Kota,Domain Barat,Desa Kota,2,No,DOKUMEN HUKUM: Undang-Undang Nomor 18 Tahun 2025 tentang Perubahan Ketiga atas Undang-Undang Nomor 10 Tahun 2009 tentang Kepariwisataan  Pasal 1: Dala...
1073,akn_id_act_uu_2025_19.json,2025,2025 - 2029,Domain Tambahan,Barat Lembaran,"Domain Tambahan, Domain Pajak, Domain Negara, Domain Barat","Barat Lembaran, Negara Republik, Lampiran Pelabuhan, Uang Peraturan, Pegawai Adalah, Tambahan Ketentuan, Wilayah Agama, Peraturan Berlaku, Pemerintah Government, Daerah Papua",14,No,DOKUMEN HUKUM: Undang-Undang Nomor 19 Tahun 2025 tentang Pengesahan Perjanjian antara Republik Indonesia dan Federasi Rusia tentang Ekstradisi (Treaty...
1074,akn_id_act_uu_2025_2.json,2025,2025 - 2029,Belum Diklasifikasi,Pengetahuan Ilmu,,Pengetahuan Ilmu,1,Yes,DOKUMEN HUKUM: Undang-Undang Nomor 2 Tahun 2025 tentang Perubahan Keempat atas Undang-Undang Nomor 4 Tahun 2009 tentang Pertambangan Mineral dan Batub...
1075,akn_id_act_uu_2025_20.json,2025,2025 - 2029,Domain Hak,Pengadilan Surat,Domain Hak,"Pengadilan Surat, Hak Ciptaan",3,No,DOKUMEN HUKUM: Undang-Undang Nomor 20 Tahun 2025 tentang Kitab Undang-Undang Hukum Acara Pidana  Pasal 1: Dalam Undang-Undang ini yang dimaksud dengan...
1076,akn_id_act_uu_2025_21.json,2025,2025 - 2029,Domain Hak,Uang Peraturan,"Domain Hak, Domain Negara, Domain Barat","Uang Peraturan, Pegawai Adalah, Pengadilan Surat, Paling Adalah, Daerah Perkataan, Hak Ciptaan",9,No,DOKUMEN HUKUM: Undang-Undang Nomor 21 Tahun 2025 tentang Pengelolaan Ruang Udara  Pasal 1: Dalam Undang-Undang ini yang dimaksud dengan: 1. Ruang Udar...
1077,akn_id_act_uu_2025_3.json,2025,2025 - 2029,Belum Diklasifikasi,Paling Adalah,,Paling Adalah,1,Yes,DOKUMEN HUKUM: Undang-Undang Nomor 3 Tahun 2025 tentang Perubahan atas Undang-Undang Nomor 34 Tahun 2004 tentang Tentara Nasional Indonesia  Pasal II:...
1078,akn_id_act_uu_2025_4.json,2025,2025 - 2029,Domain Pajak,Barat Lembaran,"Domain Pajak, Domain Negara, Domain Barat","Barat Lembaran, Tingkat Kecamatan, Wilayah Agama, Daerah Perkataan",7,No,DOKUMEN HUKUM: Undang-Undang Nomor 4 Tahun 2025 tentang Kabupaten Gorontalo di Provinsi Gorontalo  Pasal 1: Dalam Undang-Undang ini yang dimalsud deng...
1079,akn_id_act_uu_2025_5.json,2025,2025 - 2029,Domain Pajak,Barat Lembaran,"Domain Pajak, Domain Negara, Domain Barat","Barat Lembaran, Pegawai Adalah, Tingkat Kecamatan, Daerah Perkataan",7,No,DOKUMEN HUKUM: Undang-Undang Nomor 5 Tahun 2025 tentang Kota Gorontalo di Provinsi Gorontalo  Pasal 1: Dalam Undang-Undang ini yang dimaksud dengan: l...
1080,akn_id_act_uu_2025_6.json,2025,2025 - 2029,Domain Barat,Negara Republik,"Domain Barat, Domain Tambahan, Domain Pajak, Domain Hak, Domain Negara","Negara Republik, Pegawai Adalah, Pengadilan Surat, Paling Adalah, Barat Lembaran, Tambahan Ketentuan, Tingkat Kecamatan, Peraturan Berlaku, Daerah Papua, Lampiran Pelabuhan, Desa Kota, Wilayah Agama, Daerah Perkataan, Perhitungan Ketentuan, Uang Peraturan, Pajak Pasal",21,No,DOKUMEN HUKUM: Undang-Undang Nomor 6 Tahun 2025 tentang Kabupaten Buton di Provinsi Sulawesi Tenggara  Pasal 1: Dalam Undang-Undang ini yang dimaksud ...
1081,akn_id_act_uu_2025_7.json,2025,2025 - 2029,Domain Tambahan,Barat Lembaran,"Domain Tambahan, Domain Pajak, Domain Hak, Domain Negara, Domain Barat","Barat Lembaran, Uang Peraturan, Pegawai Adalah, Desa Kota, Tingkat Kecamatan, Wilayah Agama, Peraturan Berlaku, Daerah Perkataan, Daerah Papua",14,No,DOKUMEN HUKUM: Undang-Undang Nomor 7 Tahun 2025 tentang Kabupaten Kolaka di Provinsi Sulawesi Tenggara  Pasal 1: Dalam Undang-Undang ini yang dimaksud...
1082,akn_id_act_uu_2025_8.json,2025,2025 - 2029,Domain Tambahan,Barat Lembaran,"Domain Tambahan, Domain Pajak, Domain Hak, Domain Negara, Domain Barat","Barat Lembaran, Negara Republik, Pajak Pasal, Pegawai Adalah, Uang Peraturan, Desa Kota, Tingkat Kecamatan, Wilayah Agama, Peraturan Berlaku, Daerah Perkataan, Daerah Papua",16,No,DOKUMEN HUKUM: Undang-Undang Nomor 8 Tahun 2025 tentang Kabupaten Konawe di Provinsi Sulawesi Tenggara  Pasal 1: Dalam Undang-Undang ini yang dimaksud...
1083,akn_id_act_uu_2025_9.json,2025,2025 - 2029,Domain Tambahan,Barat Lembaran,"Domain Tambahan, Domain Pajak, Domain Hak, Domain Negara, Domain Barat","Barat Lembaran, Pajak Pasal, Pegawai Adalah, Desa Kota, Tingkat Kecamatan, Wilayah Agama, Peraturan Berlaku, Daerah Perkataan, Daerah Papua",14,No,DOKUMEN HUKUM: Undang-Undang Nomor 9 Tahun 2025 tentang Kabupaten Muna di Provinsi Sulawesi Tenggara  Pasal 1: Dalam Undang-Undang ini yang dimaksud d...
1084,akn_id_act_uu_2026_1.json,2026,2025 - 2029,Domain Hak,Pegawai Adalah,"Domain Hak, Domain Barat","Pegawai Adalah, Pengadilan Surat, Paling Adalah, Daerah Perkataan, Hak Ciptaan",7,No,"DOKUMEN HUKUM: Undang-Undang Nomor 1 Tahun 2026 tentang Penyesuaian Pidana  Pasal 37: Dalam hal ditentukan oleh Undang-Undang, Setiap  Pasal 77: penga..."
